Probe,SYN-REF2-01,SYN-REF2-02,SYN-REF2-03,SYN-REF2-04,SYN-REF2-05,SYN-REF2-06,SYN-REF2-07,SYN-REF2-08,SYN-REF2-09,SYN-REF2-10,SYN-REF2-11,SYN-REF2-12,SYN-REF2-13,SYN-REF2-14,SYN-REF2-15,SYN-REF2-16,SYN-REF2-17,SYN-REF2-18,SYN-REF2-19,SYN-REF2-20,SYN-REF2-21,SYN-REF2-22,SYN-REF2-23,SYN-REF2-24,SYN-REF2-25,SYN-REF2-26,SYN-REF2-27,SYN-REF2-28
cgSYNK00001,-1.6839116251211805,-0.9854950517029573,-1.5301668406683522,-3.0916479868134483,-2.3774161882475453,-0.7481272390998354,-1.1548146658605016,-2.0051565756815624,-1.7799517328327243,-1.5496275979999603,-1.5626057690775168,-1.1885764907701455,-2.695170917330551,-2.4262658917721067,-1.3054398630184074,-1.148406310276455,-1.6881497281079343,-1.5332663935282482,-1.379973080196029,-1.7455792662016887,-1.2217707631662038,-1.3701596686697508,-1.4416822635528492,-1.7890610312599102,-0.9534015258428319,-0.9351371941033695,-1.0013159911705587,-0.5551218193793337
cgSYNK00002,1.9671968010207563,1.0459066299093254,2.1430483947881998,1.9831250733544084,1.8562374827280772,1.007170904440561,2.051373352299474,1.9971317123523213,0.8664491811903602,1.9779406989086925,1.801390531341957,0.9714422670035134,1.2880511323231594,1.4638543168237232,1.8491548496498655,1.633023269516914,1.825094007947211,1.9418867274455358,1.3477175662179686,1.5135859821113036,1.4196768950307728,1.1570298042015226,1.8365872266286283,2.452554737144296,1.7829558075362035,1.9721663450177611,3.953893215505901,1.5941144858949512
cgSYNK00003,-4.468738060604538,-3.8976456897569896,-2.7710805400572864,-4.801717039209396,-7.636624620543649,-6.1950818974510895,-5.477542332134655,-6.156708797199027,-4.339893826430646,-4.006766195682057,-5.248051202122097,-2.745018915074532,-7.636624620543649,-4.004778993938178,-6.597122492464146,-3.731426093444629,-7.636624620543649,-3.842952832256189,-4.720247246206371,-7.636624620543649,-7.636624620543649,-3.1567836492156482,-7.636624620543649,-7.636624620543649,-5.6787856724284405,-2.578566432238081,-3.829950800610135,-2.8500886222391006
cgSYNK00004,-1.359803428529393,-1.602165817821935,-1.2781446176462865,-1.6103940725877761,-1.1692403443790158,-2.121210912023616,-2.3129044290477228,-1.9433756627187895,-2.3488474136490436,-1.278440050929945,-2.503362128225274,-1.5531813879674339,-1.4599373743531738,-1.9541871313331123,-1.9165781970818325,-1.3549646609924089,-1.294734289960378,-1.2405315505934535,-2.3092144397301033,-2.1881981350003525,-2.255748812944419,-1.911402643055589,-2.0486404038504493,-1.598256087366725,-1.8222437915014416,-0.5806450460237383,-0.8527243437559779,-0.37943144784080635
cgSYNK00005,0.9465885170090997,2.2567506082852904,1.840073056110392,1.6381996649085138,1.741327508866296,1.754771934203353,1.5061656018506406,1.0557352182985704,2.0385049567216336,1.541910741465556,1.7935657224266666,1.0709526788767991,1.7074440951427978,1.5203904205655525,1.9815052337226617,1.8411380495856349,1.5720147238873576,2.091086446699829,1.6317471640513164,2.336808895320903,1.735024333283256,2.435948225409331,1.3690423699575744,1.0010051213605784,1.3230598757362213,3.189389515541863,2.2650535449745655,2.719239164795514
cgSYNK00006,-5.020333087028791,-4.211089497741231,-3.6493739550279165,-2.952428620965879,-3.908145914235441,-5.42561128305845,-4.863273673895089,-2.8194351317356605,-7.636624620543649,-7.636624620543649,-3.879369532006863,-7.636624620543649,-4.020171480859741,-4.552322937604238,-4.818735351619582,-5.205117586992252,-3.1734937291662924,-3.930469468798543,-5.1047118309523105,-2.9571290296514627,-2.4345891091853398,-2.3780578682192015,-4.971798135635903,-3.785708812406169,-3.3497616273368287,-2.8544344371021295,-3.5141909677571683,-2.831538735555557
cgSYNK00007,0.21822994337321383,-0.013348982528950528,0.216529798762465,0.3322414085636918,0.06547167341794509,0.03374538387234466,-0.011859579787903784,0.17610661134495606,0.156788770374539,0.3953419306741864,-0.49654941549638953,0.17565457628272596,-0.42768967829838095,0.23166438107860676,-0.21714482559470583,0.29813890324810416,0.5305680507994776,0.2675863306131642,0.07694973881578258,0.7932514174967902,-0.09884200312112308,-0.49706377808905183,0.10145558877654433,0.5333118021149854,0.22059589100400662,0.19611317237915887,0.43969029038882207,0.5091832459488972
cgSYNK00008,-0.5727890618500174,-0.6072693499947932,-0.4306670113092151,-0.14396181767616587,-0.502150714107969,-0.582839563933013,-0.3441953008563851,0.32042715461398463,-0.7860601219274994,-0.6174798399984576,-0.3282264712075298,-0.4504744907855587,-1.0130752538424566,-0.6287694270288526,-1.0106923551569198,-0.6231342452291909,-0.696122876523633,-1.012217870903091,-0.8812193828826186,-0.8700374456639034,0.15480487949780622,-0.4110421289058932,-0.35753317079492214,-1.4103324889834346,-0.1577875685498109,-0.27209405740402626,-0.07858124970364615,0.09180597343334126
cgSYNK00009,-1.6501099186640051,-1.132609092202264,-1.2712544034325353,-1.1078564916699807,-2.7792185882775136,-1.3551391015172494,-2.0363565472498646,-2.2829080026867614,-1.684620583645395,-1.8961431630800034,-1.5642157574910664,-1.7605240610197752,-1.922780751338099,-1.063172479573161,-1.955543149558064,-1.3265860384844916,-2.7520955490897285,-1.4718832466087233,-0.9902793915555412,-1.432226203819219,-1.6013537185590594,-1.3406404507798713,-2.241424632559257,-1.9534785432317976,-2.2139847293954245,-1.2571641195791918,-1.5512176089027485,-0.7875449389877742
cgSYNK00010,-0.2673146668858882,-1.0280511746462733,-0.4986874902245054,-0.7071840489467012,-0.7108245599616243,-0.8069533838426023,-1.2805311852163614,-0.22092971952320087,-0.8251137617763966,-1.1545987000579183,-0.6431060918904398,-0.4209416066941612,-0.1907870291793268,-0.533193332252179,-1.0850313305314778,-0.9150385660022937,-0.8312060460309674,-0.9169190665126032,0.39406661108985086,-0.5189951082468821,-1.028019133719904,-1.2844664763910068,-0.4598664925942371,-0.25241279018624385,-0.5715457130951414,-0.40801418220655866,-0.19387869331438534,0.664459668277324
cgSYNK00011,-0.7482773739833217,-0.2607235839576694,-0.6725959091071999,-0.31649322338137625,-0.16226584988454032,-0.3134904451227406,0.025980145370757282,-0.8191026062599062,-0.793669207269402,-0.2633265389869962,-0.5257030290250637,-0.7308136927036516,-0.36913410334505387,-1.0947772798963327,-0.4511072609566029,-0.32531232941477534,-0.5097291165403478,-0.016415461735750116,-0.06800641884190738,-0.47553024635141666,-0.5828821908978108,-0.6072154056468116,0.011226491096722266,-0.9084147077305996,-0.373941981513055,0.8591730913740492,0.406439998072763,0.02879722028041935
cgSYNK00012,0.5165323974608607,1.0445757940067648,0.5530242173833065,0.4392332563372596,0.3619868284461864,0.5810930438952948,0.584521649267832,0.5897417592751812,0.8057946559877354,0.7378224508922375,0.9831262031019262,0.29744192011120596,0.2958285813751735,0.6126578959229229,0.4376396190194815,1.0906693079764744,0.2900170312844948,0.17000517056584558,0.7399743647971917,-0.10413656078818515,0.4863209435738866,0.9699647674191112,1.4880959524720143,1.0238205181623228,0.4389516685239382,1.192934506597817,1.273111852381554,1.3433571057241966
cgSYNK00013,-2.2102588235467096,-1.662695908461375,-0.8959972753040988,-1.2944258750937516,-1.6558487722146746,-2.3648249280969385,-2.008982716080942,-1.0416295654744439,-1.4643163636934875,-1.243089563289937,-1.9730145032758721,-2.456101991462512,-1.5243484947284827,-1.3310020499119184,-3.298295928683498,-1.0904445009037373,-1.8218160825974856,-1.670772374176476,-2.428879810322772,-1.2594834987159174,-1.9608842587553619,-1.4172316809190746,-1.6812380205420923,-1.0685131583284888,-1.6777233563750849,-0.667522789947328,-1.1903075913035672,-0.7288424482146801
cgSYNK00014,1.2415916309932327,0.8430834031823212,0.993197147136997,0.9965988037093585,0.9096019560755665,0.6899845799136787,0.8613949288851206,0.9283955936875073,0.5635484499380855,1.0224520271491813,0.7490410301051208,0.9591596883918478,0.6621541478957175,1.6625526227211633,0.8018618787838035,1.3328260192030557,1.4207912607068107,1.2283689689023305,0.6016835920014002,0.6857678462700668,1.8232365429394943,1.4898307147590912,0.7523994002202169,1.1580729969592545,1.6918486415201948,2.5631180917352716,2.252798218992343,2.043797951541018
cgSYNK00015,-7.636624620543649,-4.385237238033848,-5.42757715740498,-5.120850470084856,-4.976895264540168,-7.636624620543649,-4.512805542320642,-7.636624620543649,-7.636624620543649,-7.636624620543649,-7.636624620543649,-7.636624620543649,-7.636624620543649,-7.636624620543649,-3.918299424154899,-6.138601072495383,-7.636624620543649,-7.636624620543649,-5.50484730448486,-4.41439767523289,-7.636624620543649,-7.636624620543649,-4.426070202235053,-7.636624620543649,-7.636624620543649,-1.7965969936206798,-4.154523722605214,-2.512406743339592
cgSYNK00016,2.2560644509276875,2.4178144752353807,2.0448468979095664,2.020862618015917,1.6275424926333437,1.802361013257455,2.720698420478826,1.342544894520432,1.389312162721007,1.5349776355856628,2.3036171868141415,2.0967186556315998,1.5521604316841202,1.8003945061079918,2.3427446780282377,1.8643396916688,2.0153854539996092,1.3134901066540268,2.2741012476111835,2.8143606113713684,1.5560376656387078,1.319426423869609,2.4276933395396867,1.0315977099587195,1.4647466234978999,2.314732669086558,2.1686638852560747,1.5995889527144667
cgSYNK00017,-0.14795608671912022,0.6219435547946522,0.46818231526309656,0.176751808804144,0.20604995968084588,0.2727267678884601,0.4530396099660657,-0.06365558259031338,0.295611996361398,0.593337305946052,-0.007483551724632012,0.23722079597398762,0.27113132315289495,0.003077008257615926,-0.08336239053779829,0.047362642813562346,0.3244012148445988,0.47806968341131983,0.38043863898369407,0.42688694059736093,-0.3886650244995739,0.17947622543426434,0.5802929283422034,0.2585366241639988,0.8486497110816117,1.196781479712971,1.1282269452289766,0.504507624345901
cgSYNK00018,-0.16930782805451344,-0.44238948084591745,0.032266000760445314,0.025228901307164417,-0.6938194466066863,-1.1212094276501474,-0.9376061016542112,-0.002390043875131753,-0.5132411079404013,-0.9222331486476004,-0.435316177547666,0.3333160376200306,-0.11250031691955549,-0.6520430409027718,-0.6330075076608215,-0.4168045647147039,-0.3472197685296661,-0.5552629051630419,-0.23508396143922936,-0.040029239516000105,-0.26830449955716945,-0.44304106074607474,-0.748400197692066,0.0852467144338623,-0.44516613348808043,-0.22808725354234594,0.17008031004646432,-0.37467942183951186
cgSYNK00019,0.8441312724195243,0.0933551768308642,0.5096571044880034,0.6650070663837298,0.25266644890266277,0.15328285748715464,0.5015910967590278,0.4363919730758012,0.8048632728087082,0.18868745324674366,-0.05100694618117452,0.31362764364576956,0.6107864305941242,0.06065213712706218,-0.015649420380400583,0.5460858473696606,0.7028831485505181,0.2844450834602772,0.3310695593763002,-0.01923524072782348,0.6973395708005249,0.23887342831869646,0.5443144632878294,0.5778800844158204,0.4706704645712111,0.4720208765038954,0.5980987421312641,0.1718261284992634
cgSYNK00020,1.7100926633596294,1.6354164988736093,1.6639049451726609,2.344841372311505,1.3744349426100457,1.6469614488523416,2.319852019417979,1.184333970708535,0.8846340872243207,1.6890386647353997,2.026025957460426,2.2465714850718506,1.9071479802927689,1.8530139723668302,1.1956634377574071,1.442716165330073,0.9007224882470097,1.1776675400802497,1.362866783300491,1.0364429466470009,1.6554852342176185,1.6674354876878712,1.6789398573750673,1.3097088682932416,1.9679413937726986,2.154123382173365,1.2955457907833317,1.8172780881450237
cgSYNK00021,-1.0426773269597631,-1.1797888825986786,-1.485959136426541,-1.4831949898970072,-1.3768923109370002,-1.1634973015623518,-1.1939213318268425,-1.6595326403182098,-1.2092599187745539,-1.4924705123237072,-0.6601909164078648,-1.6238012375838164,-1.5015149768669802,-0.7224345214500343,-0.7896806234018875,-0.6713184132498481,-0.8309161746593123,-1.242777880080133,-1.2417210841053459,-0.820400183011404,-1.2338265791924308,-1.744673676475597,-1.3811670030840102,-1.4762056102321366,-0.5968493618487208,-0.6918355438889864,-1.2972120342543167,-1.0934992002753698
cgSYNK00022,-1.2445533583977784,-2.301058184953948,-2.0350623511710637,-2.7798389087757185,-1.6901863746829235,-2.7398001038149946,-2.0497848667511507,-2.538346688057463,-1.9476595858731407,-2.281125583727103,-1.577634091607956,-2.348726673773005,-1.896652093982029,-2.2318689055099368,-2.0267511655954182,-1.7543068549895136,-3.5136297010237807,-1.5946314325031088,-2.678342915788575,-2.205760221045846,-1.7792693415630068,-1.8073565879880737,-1.8640999123186035,-1.9569121894757897,-2.1144644784228976,-1.4460475851848282,-1.3111891882729638,-2.0173291659738815
cgSYNK00023,-1.5536410218723955,-3.4042181748934364,-2.750921667840752,-1.9305650084859698,-2.4458408784139563,-1.8525439395875705,-1.7153502379950805,-1.6582410144755637,-1.6463367667920004,-2.032434708039111,-1.8623417727735403,-2.3811548174662907,-2.3754458956105013,-2.2038600566336517,-1.940688898091278,-2.559732317719338,-2.0898389099020123,-1.8584867224027732,-2.634764963286707,-2.4704356399730916,-2.211030329929391,-2.0648716113955525,-2.1915056480959287,-3.422551321805999,-2.2187206332414395,-2.366029960110058,-2.1165999682986834,-2.185569390407776
cgSYNK00024,-2.757638686700343,-2.294888219194986,-2.7313293360804733,-2.709023962656959,-1.6276512480801713,-3.013311768302967,-2.956147798251581,-1.7104205662935428,-2.4882429796110803,-3.0179607067308774,-2.896763823838011,-2.980571337908812,-3.555347933472015,-1.3963581130397504,-2.4213364993277335,-1.782056477315392,-2.460886756020927,-1.5772247811477902,-2.53152710091368,-3.029381694311791,-2.204732867329442,-3.4933563326349963,-3.5019477070468437,-2.3411651382138743,-2.6589827309096066,-2.760475339204241,-5.049007180967864,-2.328328774442897
cgSYNK00025,-1.7940148641740694,-3.07282474533276,-1.2801991226802898,-2.6288938942098836,-2.071434333160008,-2.1860281227756477,-2.2447075145958504,-2.256121145253806,-1.750532300772587,-1.6996669378933038,-0.928491848207457,-1.36429662404893,-1.246524584531101,-1.6696131642662906,-2.115709917079081,-1.7505967421105442,-1.9264282190353281,-1.3374126359550724,-1.6813208789977432,-2.5597290140201845,-1.4717828581480656,-2.1668979552108323,-2.3268034266338913,-2.141239001318902,-2.2298439032484794,-2.0558084030340495,-2.2194297789270534,-1.8887118607334965
cgSYNK00026,-0.03486296443100747,0.7648416593527206,1.1117884863030645,1.0919994215838156,0.4941223151483222,0.7428981949653028,0.5237255790564289,1.190898540155998,1.1559438905838502,1.5495073357337943,0.8210950093883602,0.6980449266944334,2.032493438608034,0.7587992099060064,0.8010227679337493,0.3881164920460513,0.33344125157528537,0.9660375426044426,0.9224449325986989,0.38586337277713517,0.3680809481370216,0.5777806758495336,0.43563539588519035,0.36138681789555394,1.0339747083650965,0.4759121129407723,0.43027049029036973,1.1876290115471093
cgSYNK00027,-0.8501889606284033,-0.5238389396931465,-0.18172086044149718,-0.2084839986179694,-0.31521236886257886,0.09984099764334457,-0.4626448761295623,-0.07482410084161527,-0.6547609461698607,-0.4176539394289841,-0.6890084108329011,-0.3295401399821877,0.3693683096534675,-0.38394815316885705,-0.31342099621393416,-0.7703331888969827,-0.3254111910049515,-0.7750958034635885,-0.1225374175586781,-0.2708178868885792,-0.7995230553921083,-0.4221510638226788,0.23561210324297757,-0.4959881685278408,-0.1776356837151196,-0.5023966607061846,-1.0002190950431604,-0.21854414727127322
cgSYNK00028,-0.7096733731221144,-0.8601731716265557,-1.7934466619263665,-1.5475206251717524,-1.245317122665508,-0.9334321457795696,-0.782010136815479,-0.7203100476472862,-0.8393378040899282,-0.23978769210676065,-1.3231937802134908,-0.8957533377494866,-0.5996558423860108,-0.1392063615700772,-0.8409924321904974,-0.4288339514602606,-0.744982906302411,-0.7764458678838329,-1.2188578249989688,-0.4996497027936298,-0.6642729954562994,-0.3152272155033153,-0.8851792433650054,-0.6404640461919955,-0.6258779824677384,-1.1936451739287963,-1.3242014563245779,-0.3569672259973187
cgSYNK00029,-2.0726596344765347,-2.063022320588614,-2.7117973657055168,-1.669242249045505,-2.6185917404485015,-3.332990445580279,-2.16255437004806,-1.5854511064029229,-2.2936398155451347,-3.1473217574868144,-2.1753344742146057,-2.546068661341588,-2.997701944007105,-1.5581204765007663,-1.5753447255743613,-2.0763789622768214,-1.657247641329049,-1.850235915714867,-2.41993739948424,-1.9332046064550523,-3.1336504902656026,-2.995623590565077,-1.8902229878638925,-2.373401111921983,-1.8402545776176682,-2.7770355001339913,-2.3778176795009474,-1.8015094771663855
cgSYNK00030,1.782720509943939,2.718737051093856,2.263766672300043,1.3292015792025822,1.301465134211474,2.400738101996844,1.3995426801353374,1.6258452116291435,1.6106628373942273,1.7211574253149358,2.16095548991181,1.8627397430128438,2.180390841690487,2.085160524990038,2.2161282349118485,1.6368992968776321,1.721863144490455,3.283649578568596,2.1442152732890754,2.094195061407687,1.8584419173819176,1.7659885268665316,2.3648012285084747,1.5317272048293458,2.3127169928659317,2.0957263230672702,2.0358267042213045,2.857636549264701
cgSYNK00031,-1.7215572513715391,-1.512911068319261,-2.0198249837527054,-1.9515451553428123,-2.5287164806818057,-2.0251394899377293,-1.528993802273911,-1.6403970370345378,-1.9503360121322657,-1.3641077421405263,-1.4124447780130613,-1.9488589145509203,-1.7978634477539315,-1.4958541381942092,-1.1409132957877495,-1.7407105859467389,-1.4334220907125363,-1.4540070452114504,-1.4029756380792977,-0.5959078061165998,-2.1347948608568617,-1.463228520924463,-1.953704271966818,-0.8423420029420884,-2.0958488385333225,-1.8312143069491933,-1.6600623554780478,-1.501257094605487
cgSYNK00032,-2.745436338602693,-1.9769219762543453,-2.8570362297434873,-2.091278624163247,-2.412784132265407,-1.5594306782996878,-2.150284365168207,-4.021249528176502,-2.242751088652484,-1.6921570042074623,-2.2594894326434165,-2.6172716590749956,-2.443540439689195,-4.265006690052069,-2.4488198658071973,-1.570408014731253,-2.413195795745469,-2.682670638905511,-2.6564953891656646,-1.548847787742544,-1.8236935164612162,-2.9618667019966862,-1.9497827433821162,-1.4723301027636397,-2.461631970002853,-1.7669191941415137,-2.2609878053265815,-2.814511226924346
cgSYNK00033,0.7700810954748211,1.2304789333171815,0.4680283207518409,1.092445591117302,1.07425595394004,1.1259941733454035,0.9536879155651138,0.6075629930615848,0.8859478757023475,0.9481476742792548,0.8748985011412673,1.358322771822899,0.8807175172781602,1.236705232072118,1.1143582085915673,0.2986567364987789,1.2722098928855268,0.7544555518268038,0.5627656165078389,0.5453365537059336,0.787439850474621,0.45133236945317123,1.4929690056147582,0.7544030080387439,1.1018900756859098,0.6698277166628007,0.9838861356995492,0.6926650942657117
cgSYNK00034,-1.0801431311730647,-0.8995980641511273,-1.7486715854018977,-0.7360414803758508,-0.6714198328897671,-0.9169629243346104,-0.9873744537107748,-0.685880046050101,-1.1535897724584434,-1.2364604570264757,-0.3728774967201193,-0.7903499726944326,-0.9281788705937613,-1.180825054361204,-1.289271313164791,-1.1435921125530502,-0.8234233779508754,-1.0124202708015988,-0.9130801312299273,-1.2954190357059348,-0.8334542513860375,-1.0561857912274077,-0.9890906042687607,-0.9205898306464111,-1.3967108624456106,-1.5735959271434345,-1.2547635940085522,-1.2493661550723236
cgSYNK00035,-2.288982122817865,-1.6136742012347531,-1.400911669578952,-1.8766703686276227,-2.2455317011246723,-0.7610446763515232,-3.290156573989651,-1.3282023878143905,-3.050196724694891,-2.283882158813168,-1.3914204876544298,-3.213836623246368,-1.94061138762648,-1.921387188215087,-2.0929334403909565,-1.7646984007901274,-2.5063009824750724,-1.582962872663937,-1.9250763492542988,-1.508605900063843,-1.4120861703896894,-2.0383538491614828,-2.0259641865915605,-1.498444247854863,-2.2065215731771763,-3.5281457667344225,-2.975411042494621,-2.079202305829883
cgSYNK00036,-0.3882409098860428,-0.13082994650760174,-0.2700026183475934,-0.48480941825449425,-0.38581463970847507,-0.008843613336775306,-0.6062450048189353,-0.16708819473167086,0.09543183839288888,-0.9746164767748677,-0.807463329893679,-0.036968229880684836,-0.8291287216960179,-0.3380356767805653,-0.5162291837058801,-0.05879536587345711,-0.5175584222009548,0.18499507390277845,0.06747754104398744,-0.10818883310661694,-0.5567812269300842,-0.2997907132807432,-0.6468417435351176,0.2509029871714977,-0.4485239754597205,-0.6456477536797508,-0.019187311445202738,0.08909278778246901
cgSYNK00037,1.8979604690265082,0.9794487772427732,2.011940644374314,0.9004977373937413,2.828304309802097,1.688678931804569,2.539473072306239,1.669913915369511,1.8903888049792978,1.3070612861521722,1.4998414349441396,1.50063264512872,1.5451984865115311,1.3062046039403816,1.0573125438914601,1.3144067618989719,2.066622108474446,2.037411260069814,1.3415501759476873,2.1093576432355006,1.5345006276639668,1.7846468876911337,2.0876377284157543,1.7126081342085482,1.1400127821326236,2.866986269765289,2.8552343316458533,2.486554886906211
cgSYNK00038,0.8656052611777595,1.05320445101029,0.1344752860699132,0.5808935855626765,0.19753718787096294,0.2926183163440476,0.03097880111815186,0.8957490324871386,0.7582785962442096,0.5949147736397212,1.2188650312056692,1.4714063125819254,0.6134042739116229,0.9482611125309199,0.5492761138914743,1.3571304658678403,0.3376033419054956,0.6536995114710639,0.69804166545063,0.004539486820874177,0.3855232790329087,0.6613181833688422,0.3519779080667339,0.2002733353884773,1.0966512897101166,0.673370697373611,1.2852172939501605,1.5334853846082448
cgSYNK00039,-1.323622154369596,-2.311067792174869,-1.3505379008778504,-0.8165573246466686,-1.340165054021398,-1.0318431193010928,-1.2221065846595307,-1.9269170516023195,-0.9858674820217901,-0.6077987255447743,-0.8071448225987115,-1.1535286487612946,-0.4389821299316888,-0.6840294578263388,-0.4551466062948818,-1.1536441267373951,-1.6038006412518444,-0.4738165798202349,-1.0950670657967496,-1.4742099990557116,-1.2508819657210462,-1.1633418050445508,-0.5994321568357289,-1.3701211588435835,-1.6151784320628448,-0.9871701566432314,-0.45738615629042423,-0.3732709180892113
cgSYNK00040,-0.3110237353342783,-0.6800465052170497,-0.7100026365010732,-0.31772950702181846,-1.3046682315871774,-0.5154726857555572,-0.4549823423927509,-0.2031821125430273,-0.3452859083682766,-1.396616208555948,-0.3232847348439636,-0.5658518267568847,-0.34566362416026514,-0.6938158186447785,-1.0732120432061536,-0.6710786965698983,-0.31311288269943427,-0.49607271666631,-0.24787680861982084,-0.05706788674843853,-0.9526182639150493,-0.06668279122026732,-0.9417535260425053,-0.7402744293443889,-1.1240350649007642,-0.30482201293226985,-0.0579357113930161,-0.1467314736106913
cgSYNK00041,-0.3551730986712811,-0.07885570240485038,-0.4881843472738083,-0.3424655191707133,-0.5485319291409968,0.21275807724438978,-0.9877678383931932,-0.7715727851428686,-0.17173475071490038,-0.6528166084633106,-0.033645160859410585,-0.44988043829046576,-0.5375620747407585,-0.47430102270809826,-0.10023116965217303,-0.3538056857811141,-1.0729059297701906,-0.47212923716115346,-0.35845570587983533,-0.6285737129258999,-0.5664429523319038,-0.5864410542455574,-1.3043737194215446,-0.15900544333924493,-0.765728509825563,-0.12382107129611335,0.341048794271114,0.031270892041391773
cgSYNK00042,-2.595990566035781,-3.578090644731877,-3.15887200481711,-3.4359558248107978,-3.7377868021256524,-2.9260560174935124,-7.636624620543649,-3.477184948001505,-2.882467392230756,-7.636624620543649,-7.636624620543649,-2.935810478255732,-3.8079728230654055,-3.859406618780953,-3.700092211356322,-3.6094370759972665,-3.8477676827010647,-3.5473833405534263,-3.740240291915437,-2.9485171844255693,-4.85433206375023,-5.327284018769743,-3.0116830910433374,-2.9832447034094147,-7.2728165431215395,-2.885150976419567,-1.7221846003123327,-2.043529858571396
cgSYNK00043,-0.9429540933321177,-1.0149813009447335,-0.3192417043779448,-0.3433708518000886,-0.0338861277611794,-0.7211696014965335,-0.25137773759771065,-0.2845565019972427,-0.24370252609978774,-0.24510135649048134,-0.41652771581084197,-0.8280311179332254,-0.44622475696705516,-0.7117184445943235,-0.2220200455628881,-0.38493854503463343,-0.01837708179859899,-0.45763723838874676,0.10567320247255979,0.12648333610162904,-0.16368883966387252,-0.8973537269229055,-0.43664530262201356,-0.23672037382646569,-1.0064671873980033,-0.08541171605047611,0.41707667193668824,-0.16356821284949494
cgSYNK00044,-1.9455104919352022,-1.0908199999283104,-2.4488820079047064,-1.85208146878004,-1.5911249235109128,-1.4049738600351496,-1.33197843555853,-1.7689366340952857,-2.061751630577907,-1.6337760907890637,-2.5808932903611455,-0.7061266183208397,-1.2131038773851008,-1.3445102110182034,-1.75607100212832,-1.1276045832069885,-1.5938620164005246,-1.6207351297138055,-2.076254491191889,-1.8426500242698014,-2.352378488354431,-3.0742474332336833,-2.415063219260511,-2.1596432169327198,-1.5527314528174472,-1.0829441339561554,-0.8556386774076501,-1.0508669686192125
cgSYNK00045,-0.21435864808991684,0.26912159434002453,0.33211580236712623,0.37436249704701857,0.5890136643614099,0.7271447563294997,0.50757867157488,0.30938207746184854,0.22316412162562468,0.5942904053964974,0.3723521185440266,0.000254538855649176,0.8962447688044588,0.16915395282052909,0.6099402710996775,0.038867048613916155,0.5662929069712752,0.044375911732042264,0.071498695169539,-0.0006059761571889313,0.4416196515640447,-0.020197897698982194,0.6037255406348678,-0.09752773799344586,0.5903582986852849,0.40029519546722875,0.4050021055359086,0.5946410588222993
cgSYNK00046,-1.9251991702472586,-1.8724167514184686,-1.5021913101584745,-1.491671314929801,-1.4252233603708084,-1.9229577764534143,-1.189533605438725,-1.424832520052088,-1.3614745173197995,-1.709548450340194,-2.191035567915954,-1.967977617216504,-1.1053253715578346,-2.25683510772251,-1.8231489065172488,-1.1089193220443088,-2.238907508227504,-2.023983766180107,-1.1632093206598288,-1.5172325763290497,-1.365024000074288,-1.1250821110947364,-1.7858397335430052,-1.2797530288435675,-2.249712442579416,-1.059653842101647,-1.1617142780720602,-1.1985853123443413
cgSYNK00047,-7.636624620543649,-7.636624620543649,-7.636624620543649,-7.636624620543649,-2.8785116933460246,-7.636624620543649,-3.947091301080623,-3.53266309000433,-3.6965302946574154,-4.206634187810698,-3.572641080327909,-3.782784296540593,-4.490608990897687,-3.689122309139,-3.018845022635524,-2.44324885197365,-3.153775774112413,-3.154873869507829,-7.636624620543649,-4.0400719691348765,-3.238764450101342,-4.18301865009556,-3.425149457565775,-4.216200253018529,-4.107399057573031,-4.028871751814983,-3.6627443099118615,-4.119617488834081
cgSYNK00048,-0.1302356079567846,0.48238254332005065,0.47034993541396963,0.08153400773691966,-0.05338598653280809,1.0553449364944325,0.66938374236215,0.8357499715193925,0.879924197829679,-0.19623162764008686,0.0541367093214281,0.6037653809509376,0.2384882534519439,0.2995999269070687,0.40255238540984223,0.3527300994396665,0.39749307538190837,0.6160096086880809,-0.21609948806798757,-0.011976165984689586,0.12923271944710407,0.5924896683211254,0.7852580790757835,-0.060670800596202265,0.15528432470054107,0.5591856502285153,0.5926353598536317,0.5937403361222025
cgSYNK00049,0.5810961926316743,0.2665246803292343,0.4756098476872595,0.3705963160366664,0.4068465718236159,1.3198981392129547,0.7123714342851033,0.7824483813691258,0.38951640623998585,0.5024394222214867,0.2708078222199138,0.8368332451500808,0.35682873232593126,0.5019285199244105,0.4850145997778974,0.5290565297048638,0.3798313226386151,0.19712278869749558,0.7316805279358517,0.06374251038585069,0.3838469083044162,0.010187783023793733,0.06135333352589428,-0.016792180567452086,0.367315449626364,1.2310236500969187,1.3831714508909272,0.427760956516926
cgSYNK00050,0.37543673396919897,0.8283407398160805,0.49392693650594033,0.4781112696067634,0.1204949048305364,0.1987050752738419,0.2824328834545331,0.02387844408905726,0.0034724102538808738,0.48585721582326014,0.23163286184673018,0.3583214057854138,0.2697279530449814,0.0736990958539752,0.3572181053491919,0.8484936843094417,0.6809042995305195,0.5811919247908919,0.286999255239697,1.161175833691507,0.5171094095884707,-0.20333818614997748,0.4399949210480966,0.06954093091085044,0.26604516322656896,0.8320636728546125,0.5650599576346499,0.7754786796816768
cgSYNK00051,-0.8468449881129065,-0.5174112858626954,-0.30632999682634615,-1.6623397910262103,-0.6564321025466244,-0.25800964192440573,-0.5002683120600397,-1.0066346274437032,-0.8402822243265237,-0.7337446290237413,-1.9753591302917761,-0.5585147323217943,-1.3279568739330074,-0.39410891424273614,-0.9878328055497329,-1.205070620347018,-1.3786220671688285,-1.3140886287197884,-1.5113020631135612,-1.059981217220288,-1.0897746829972037,-0.756112482819472,-1.6843987504344728,-0.8327558846513533,-0.9764306335902677,-0.45354373585812546,-0.5483398912536097,-0.09769195517125623
cgSYNK00052,-0.7350549857931448,-1.0968177354067818,-0.9178320906258659,-0.9739330498366411,-0.7413689260522183,-1.0112551496006688,-0.7613226477853022,-1.068509873613355,-0.279683783070177,-0.7980555036360872,-1.2978409584436106,-0.745842391302959,-1.275452424416272,-0.7639648338122578,-0.48134304974885345,-0.9496907407797881,-1.1473197644203765,-0.8481421690700974,-1.8343946630687362,-0.2040257474617192,-0.9886090142217472,-0.36483341010007203,-0.7348508654018686,-1.5796002014325772,-0.7239876497829099,-0.7506674093883328,-0.3130251518693782,-0.03645959509180742
cgSYNK00053,-0.256912418671392,-0.7423402099144698,-0.43424881921142333,-1.0556779902482953,-0.40227084350206643,-0.9443946747133124,-0.41789710829180376,-0.5104545058129484,-0.886765513685853,-0.5992335842960624,-0.37317934282491094,-0.44268505746039744,-0.7626571356708566,-0.32471516229360603,-0.5792967105472643,-0.553280656773953,-0.41634097641993134,-0.3629702497950105,-0.11432413363631609,-0.7518114678636648,-0.7481465018654864,0.4338551412583935,-0.652868053599821,-1.1708553392183965,-0.7602154696000262,-0.17177716257666856,0.07328972410726607,0.16021792746458124
cgSYNK00054,1.4480868817839094,1.5210925422288113,1.3806682223005349,2.118582551375608,0.9607591720387406,1.441324344156434,1.7442409001372647,2.480307338642601,1.1595259302859964,1.734859980250083,1.4203653113102388,1.2354798921616803,1.7765223122440201,1.3862923353903898,1.2843846715228568,0.654915568597748,0.9568083643810172,1.3412858740794722,1.5360297894150852,1.5815460277718811,1.3209594012286918,2.307078356472702,1.1349752622132525,1.413626172440514,1.7864023057090064,1.312871607915722,1.5368716891673133,2.11373542918489
cgSYNK00055,-0.4976590349099132,-0.32573424716501487,-0.2696888576032782,0.31370664317655733,-0.8451171969437281,-0.09659590034132531,-0.527371801818428,-0.416704729348775,0.17236832743441782,-0.7948490145256664,0.04419793963734173,-0.43686804222228776,-0.586534890878161,-0.29601156164780557,-0.39126935737055063,0.1695842791958939,-0.5547182709741898,-0.07385678695653115,-0.4090836922072834,-0.4647450094039195,-0.6218890621875945,-0.09847839701192913,-0.19038518924597436,-0.05620205440731916,-0.29080369242519594,0.043061156638976174,-0.6447462719801739,-0.3872314229106484
cgSYNK00056,-0.2851196462473638,0.16636007176228185,0.09012136897836912,0.5143175496621204,0.1795591532622769,0.45046476653590317,0.10849322265490532,0.1377752885377917,0.4762954485601669,1.1031102311880805,0.32199938581424886,0.3113307233428292,0.726510869681541,1.0298080288478837,0.3364636231043544,0.4902175917085865,0.48876698234167937,0.7182372887483868,1.0344021139625896,0.33310617937465337,1.0658158566764526,-0.5554206372974267,0.5686018656993489,0.6478104962485636,0.011152769685943979,1.066851391628824,0.32824069662530514,0.5102282795688184
cgSYNK00057,-0.29506667238991996,0.2358794018882561,0.17738108437529537,0.03559333727243832,-0.07813158186097667,0.48851157435165726,-0.3366845844751678,0.14156404049395246,-0.32600179151129816,-0.06259433345681514,-0.12503452128271317,-0.11848225165911087,-0.24110561673898556,-0.38608990321800996,-0.2683406124368065,-0.0034111053374283264,0.7880695662491499,-0.5121437590623642,0.13067434969512873,-0.7075464944360581,0.26386785433159765,0.07637732220414824,0.30032898690377574,0.022321161950735323,0.10691218714046787,0.693522373297102,0.09724734067881666,0.11638535477923737
cgSYNK00058,2.7669563939702417,1.6184665930880517,2.1884246368499327,1.4602302845589081,1.3197346957073495,3.639439994007458,1.9043484248148543,2.7958642178251814,2.715849435572147,2.2655064504622513,1.7146165202853911,2.8673607349469514,2.7371738265328602,1.725802257036771,2.096479583443096,2.590065847258396,1.155845525588463,1.3222382842500997,1.9617673247625342,2.988604914439413,1.6086186224130488,1.9627798914354022,2.514148447290781,2.174820682133673,2.4634408644741606,1.773242874468121,2.8040038835496306,2.481550976334449
cgSYNK00059,1.161495519663727,0.7288069458389821,0.9659212506545257,0.47361378766015927,1.791320425724712,0.5530110963534958,0.7661621959132866,0.8481443015820265,0.7577348358287255,0.7551786094024812,1.4657451504458139,0.7844535017700753,0.9450103541638455,0.5248004407144647,1.142603788149584,0.9130197652486798,0.6544224432493299,0.7597557803888497,0.5183581753454868,0.9963781948966585,0.876629577595109,0.6155009802692543,0.988796338211308,0.44487100837168125,1.4729862379506278,0.9198965763212743,1.3952873106155117,0.9755610535954062
cgSYNK00060,0.05072830959072989,-0.2782788856804561,0.2673067380083004,-0.08032870427836517,-0.2135834075975192,0.10803260370702454,-0.0536506179026944,0.4145605872954116,0.42362839128957885,-0.11590371937085306,-0.6099877040261849,0.669272179308216,0.2705452429048946,0.3736112737761015,0.32274959686711535,-0.5542809070093399,-0.25948021171705554,0.08845566127914613,0.4642920689840642,-0.18546193146763112,-0.37607286355793657,0.14575533826189663,-0.45390507891094983,0.2871426729450989,0.04125412200463734,0.12131127435895718,-0.20400373180733428,-0.115566782951886
cgSYNK00061,-1.084251393284583,-1.8005564921468054,-1.3220825605290987,-1.5812142363053985,-1.6166196208754486,-1.5605726466783136,-1.9094139654951539,-1.7048469392618786,-1.927396311702608,-1.0999476543028541,-1.3179065845265727,-1.8833055165150223,-1.769085125153703,-1.9686217710581995,-1.6515938240834973,-1.608374884625242,-1.962131720434225,-0.9127999354890326,-2.3237106775036347,-1.1353785328469679,-2.6062555328658887,-1.4390534536921968,-1.4995909770890667,-2.1515555683599787,-2.2528091664759655,-1.566043679343463,-1.2188378303420861,-1.1984116124081188
cgSYNK00062,0.5675767727804294,0.939813138490855,0.31828630916286665,0.34478482397958676,0.10982150575193772,0.4028448239618728,1.0753573102776448,0.6501853786799542,0.47502358405920814,1.072026175386139,1.298366517060941,0.8542274163432672,0.6705923538697233,0.228709319518281,0.30375814755922176,1.4117605538872038,0.9071305962935636,0.8868005290464003,0.6254557466200906,0.9034708480798666,1.1703122221746554,0.5876353109036672,0.5464295346533219,0.5634621999171707,0.48315884476095206,0.824606119163537,0.5805880794360664,0.49884950275720835
cgSYNK00063,0.060779951931764754,-0.1224840710154173,0.4314375136331765,0.44369392786552453,0.18000743648772086,-0.028253091418879796,-0.12924677564870535,0.10609142362409167,-0.056402658399702855,0.41497378585849726,0.7849586058743476,0.2559320696617473,-0.19769485556549832,0.246790645615297,0.005550971727036889,0.23011676405449846,0.5729460098821058,0.45396690677201096,-0.24601822459352723,0.4185305113563053,0.08851116990841121,-0.003590814643748996,0.27817470921197496,0.08687756650364704,-0.010997384795385087,0.10428005284045189,0.19985195779190507,-0.046233795791279376
cgSYNK00064,-1.1240218494879555,-0.38036612331840725,-1.2235768630144754,-0.8064009133782568,-1.197373396504405,-0.8892015930736894,-0.878841169439516,-1.2778759432507785,-1.3549231391219176,-0.8740649566278489,-0.6317921407687961,-1.1210729587042951,-1.1673673962430775,-0.6641544657477536,-1.8457662325153927,-1.0886875062839936,-0.6315470595567092,-1.3834109320152506,-1.0885128950077099,-0.951329726355974,-0.7349350813514822,-1.1966408405061502,-0.8218428549297889,-1.24976380931582,-2.2349193022392417,-0.8217966393484972,-0.6912251556612176,-1.5187226262641733
cgSYNK00065,-0.05283445334706509,-0.22220506675293733,-0.5411958039693058,-0.12252790540994843,0.10338544426907326,0.2213651345091833,-0.5468808162228785,0.13776014958594793,-1.02370831930338,0.4249489462741295,-0.2784510869622307,-0.14096784592870074,-0.20012906870362007,0.29653920020757785,0.275875770855052,-0.10801947121542527,0.0853335484185281,-0.31669635438866955,-0.38928877646878135,-0.11398749194953363,-0.2790801203050599,-0.030930114702418847,0.14991996973477983,-0.08026530214371919,-0.5430697346631539,-0.6599591703067877,-0.037840506276721,0.3050513659254754
cgSYNK00066,0.2561502546602883,-0.323423921750267,-0.33779460438549236,-0.3590886371265342,-0.41028906510944324,-0.18953267702613355,-0.4213006808541239,-0.8905891332086021,0.05987630132719073,0.4810967552268537,-0.22427304351153177,-0.2526107339811519,-0.30309977732837196,-0.26144724763514565,0.24810732744632744,0.38439734186364904,-0.4662395554908095,-0.334242841286194,-0.6361284736192301,-0.6716969981676982,-0.08585908745199483,-0.17159272841382422,-0.06218977181260842,-0.4244882417217569,-0.38316634272305405,-0.14716298831568167,0.15392183865958559,-0.552880057161301
cgSYNK00067,-0.3471663519054873,-0.2872291687858354,-0.28128588749492983,-0.7639119714757381,-0.8355708211916448,-1.425738982939059,-1.1301996160788574,-0.48997426213008677,-0.8100347133967182,-0.8945499793083646,-0.38435515978958634,-0.3948904352176975,-0.8348156237435158,-1.2654553540302254,-0.757623382142488,-0.2524422238653635,-0.9171596011699038,-0.8077471891903726,-1.2709342291262826,-0.5697760535771534,-0.8528952501128559,-1.0887399582015658,-0.3369531329831111,-1.1157618165316376,-0.5449693597878008,-0.15421433087145955,-0.8008055498044188,-0.9169242763240234
cgSYNK00068,-1.7380199136132877,-2.15832770825264,-1.8488725597931166,-1.7315448445662645,-0.9847056599741973,-1.3043936016279722,-0.9591797220907746,-1.7861140771378963,-1.4716157182769203,-0.8888221425819341,-2.431128871721813,-1.4858223287077121,-0.9177421550934178,-1.1860624933286685,-1.0852930732290242,-2.1782739167552156,-1.5920676029612923,-1.1036987067247641,-1.8219871346363308,-1.3888093750354495,-0.5693250842118381,-1.4116363713331805,-1.8522688504470246,-0.35596846310754005,-1.408131739446967,-1.2827251596803055,-1.8136206072982763,-1.990176094848634
cgSYNK00069,1.4293468620424807,1.9551526879221846,1.5315196008444467,1.5000046705767354,1.9849122392828964,1.462824161317494,1.3711810680474417,1.5174854958187083,1.2446453814621508,1.619637772197975,1.973589630695638,1.1084485123551073,1.7443692746518895,1.607569640813059,2.220947224632337,2.256232002136379,3.370764439802044,1.3517820267230645,4.304009828934713,2.6368333420961,1.596925583027708,2.9302472920066434,2.0337325364963608,1.4933435752970063,1.4285742602986224,1.4348017168497915,1.9460500407312054,1.5484350251864112
cgSYNK00070,-1.5406632391725543,-1.7026330853963063,-0.7879499762748727,-2.67496434590372,-1.9580331962788595,-0.9849997414762882,-1.2487666503180914,-1.4901591275580641,-2.109632388445583,-1.3209063927589868,-1.1305905078591403,-1.1128088189580199,-0.8642659522589748,-1.3001881427771866,-1.920508823818922,-1.6383723199937354,-1.8916737186858814,-1.071017416225295,-1.6301925945132698,-1.7208963661411,-2.0496428804987534,-1.6261717812603755,-2.037303221338412,-1.233501434638651,-1.6702459722389678,-1.2643816636151897,-1.5929708795942432,-1.4502475637036163
cgSYNK00071,0.4404881831812166,-0.2925575091955257,0.17227553070639504,0.14299075973109462,0.028081498146962924,0.2786946122870279,-0.21980539924370848,-0.35853462071205205,-0.26299281625614185,0.08523989173957114,-0.14231773227941846,-0.2737009984044288,-0.1348018810603811,-0.13073956371923948,0.012617034651500643,0.32652324792835374,-0.35009434797938327,-0.0906485319962798,0.11616075268395108,0.13207295113890213,-0.26594123871118436,0.15225061130044334,0.11908624332344378,-0.06765187639308885,-0.21987395157571504,-0.22579335120223745,-0.4394674606100608,-0.4904447377479619
cgSYNK00072,2.917466651389241,2.007839555831438,2.014099550401273,1.895476503452194,3.0172609505791375,3.5690982643077374,2.6882352946620256,2.0979416264921285,2.0110453207075865,2.186696295550724,2.417417640762477,1.6785635614338459,2.6134518563322575,2.087090906789427,1.9010816796180798,2.402954623566047,2.3572719785365046,2.459866887566627,2.9068371731016285,2.704068285593943,2.9957291288528394,2.04523833198328,2.9089055259142436,2.6285431697875445,2.4125321568246973,2.2115234340225323,2.854805715559668,1.9605348296784788
cgSYNK00073,1.6495274050587954,1.7652546045933246,2.1073148090611,1.0702528325068725,1.8901812829983689,2.093739238304777,1.4497330743621857,1.8565322388904966,4.264033491306174,1.727063498362687,2.0428496311204816,0.8742136681435244,1.6650685511360659,2.17407703100766,1.6890439121769945,1.3346787093996855,2.1898432765043863,1.431307956003078,1.7137002242994723,1.5487840320060653,1.3639670074925774,2.415162251675082,1.4801231587071462,1.7321647846691075,1.7535636439360072,1.8961865643395102,1.6499420573325616,0.7669889139705927
cgSYNK00074,-0.7545795541753579,-0.7169416254686097,-0.7573649490993165,-0.234745609753497,-0.9724977191054985,-0.9252486744137747,-1.0719143582382884,-0.9226339452979833,-0.7872672842862289,-0.8880337578293099,-0.7782399765097069,-0.1499454024683002,-0.664262007551796,-0.8119369727287025,-1.0036653053058289,-0.7414891151112222,-0.5720205699925601,-0.8815274216262761,-1.456268719563771,-0.6084697833626215,-0.9292784143064405,-0.6311525409386289,-0.9200329824310166,-1.0513219810036447,-0.7048697444971271,-0.7359798308789983,-1.0150642236082628,-0.33142860202186064
cgSYNK00075,-0.7168362344793253,-0.7007859823341274,-0.32871358323323424,-0.17038621353811428,-0.10405838598932034,0.3418930839475522,-0.2551625051940942,0.017809735108883853,-0.1459200507373236,-0.15451815758136636,0.45093110127546776,-0.29588064033753964,0.31681493995624455,0.20008531969489263,-0.4917691556670132,-0.2231799654752468,-0.06618412414425132,-0.6751447954846774,-0.5020452417725743,-0.05880686319774732,-0.840981341900589,0.052935031737504024,-0.3898498800382086,-0.21710403667523412,-0.13512013601692804,0.2276752969306329,-0.47158391988471315,0.16221386402035742
cgSYNK00076,1.8785721469856127,1.580739335968515,1.782914507938395,0.890591797673105,1.4456729296360264,1.178597858062387,1.7486396376826623,2.1159443723572253,1.6351128721917616,0.8810833009845802,1.9657654752172666,1.7315759705593372,1.8250302060503734,2.0039342890343805,1.8904164769818848,1.3005292415649057,2.089145576062976,1.5350865885823186,1.8228126076360716,1.4724208918439234,1.450414939988908,1.161249877490967,1.6267819081819608,1.5266707660122325,2.2193157944397193,2.691516541083537,1.142926503847992,1.6059475794853069
cgSYNK00077,1.9290097954202046,1.867957979841952,2.5850336799313793,1.7733016314266585,1.986195838315593,1.9637755475286096,1.1245536290450904,2.175875829480039,2.1617701131542706,1.3762748556350086,2.2483440762106284,1.383437723621937,1.1691149266566139,1.4967377130600785,2.159253450812454,1.9106896646314493,1.2363494893287685,1.6382776599684203,2.1532665992455047,2.1601187827560824,2.237809062035003,1.2955701514520621,1.0983429325852208,1.6205308160443737,1.3945938753545224,1.4025271196000566,2.5684214890301558,1.0579536165353567
cgSYNK00078,0.4859710851934135,0.3490443197325089,0.6491975019809075,0.9790446746497758,0.05977428592811885,0.23947957446904275,0.9132785405128866,0.3080659485164945,0.7354754199530098,0.7093851930150021,0.5598852959215186,0.5258156190311292,0.7776210867840212,0.017307368340123412,0.6205718911982911,1.138244493137355,0.056971748793007676,0.786392744490943,1.0479834283976823,0.8171382030130908,0.7700883455036827,0.24068057055672146,0.393721041790772,0.5524300196879525,0.11970252737510638,-0.0029734926084821365,0.01955852485865233,0.42921110940355683
cgSYNK00079,0.808261052924498,0.3500961561185178,0.6640758762885797,1.0186131535864027,0.4223538381961731,1.08514817400571,0.748253643237458,0.10558656715524997,0.3888524039808841,0.2493037096888754,0.262869267354576,0.7804198587070065,0.6605650558907182,1.211079046608736,-0.17200533399630805,0.4367075246818267,0.38555271739406666,0.8335274774215062,0.40462649686210356,0.28851366455881033,1.202994977299126,1.0673383888097914,0.6134050592440154,0.5434026169376589,-0.2142089682542843,0.3266325891093105,0.28572802370402933,0.7248177242436022
cgSYNK00080,-0.034427655674967986,-0.04063290796658056,-0.3780074761424624,0.19120560945843051,0.18924778118642852,1.3621585622728616,0.04420156393514535,0.4816236583077975,0.14625080704011922,0.203533308076981,0.02612033173397789,-0.04640240804918129,0.09656843675493636,0.5420062054680267,0.18272134425805056,0.747535133189609,0.1068715709348937,-0.07239951682713713,0.2936004718480078,0.3164832280218597,0.4589871377300954,0.5606702096838815,0.4209597196609738,0.6268631673314953,0.17098309318632526,0.23009881584168654,-0.0011665438238648693,1.0397943370079976
cgSYNK00081,-0.40587082933025137,0.38026630170438547,0.35352668771524004,0.228578856881759,0.43156434076041883,0.11779760456487645,0.557124351364792,0.6664108686714928,0.5152921629203383,0.5346922332508165,0.27925816687083355,0.2948438705624791,0.14526034089214346,0.596372049367705,-0.11941542776750269,0.2327120173850992,0.6515182149056484,0.1269125325862765,0.4374752153536272,0.3149358358579618,0.08868898271883655,0.6794369733148322,0.3098896022714843,0.5257091620153693,0.2177272523769169,0.26280010213443117,0.543021434373648,-0.1385726039998149
cgSYNK00082,2.7040781578389375,2.124922412233662,1.649833591555928,1.2498399332085046,3.8198750588334853,2.6862634492983912,1.7272662290649148,2.47405555491667,3.2445602564616323,1.7176002055130912,2.1067847337843095,2.1208789233340184,2.0620173779560838,2.257847583159664,2.3313513236883776,2.516279866736394,2.85043221245014,4.50401899483325,4.658161764008106,2.8632197222496916,2.6921907010625503,1.8629608650114156,1.9259998867001074,3.6540868207687556,4.341116278713241,2.332693059777417,3.1244571277533733,3.073198047130259
cgSYNK00083,-1.846547124928468,-2.5057236742493014,-2.6122008637443663,-2.563021624383055,-1.7103089812057128,-1.528990776515227,-1.4138669708860703,-2.678855969431115,-1.8719713880895645,-1.775711413891736,-1.1128784726838956,-2.2106691899519832,-1.6405804824851864,-3.182554503232557,-1.9396269949045382,-2.987812704916037,-1.937231899199162,-1.9726541939795958,-1.7312455367826949,-2.3201792596638415,-1.6013524390999223,-1.7344441524681464,-1.5548624110335207,-1.7276001475802576,-1.8046327202150445,-1.9145992285908038,-2.4067035276348987,-2.5843588496598824
cgSYNK00084,2.4913330018580706,1.3431140428407982,1.4172284423908645,2.7514683053408717,1.090768373812598,1.531062049069392,2.441489704680185,1.9160153078299644,3.8675522538964193,2.4621497233367036,1.4665521731660347,1.7709223276935955,1.3188220068019099,1.1602699788583206,2.679947910491466,1.6140374507024682,2.9207518443018663,2.148801567449729,2.1290012662340256,1.6348020694571048,2.220615686268109,1.7675138641842136,1.6299515071536976,2.091819552765758,2.952846848291655,2.149382032092503,2.83696646018697,1.5804201709206578
cgSYNK00085,0.9240254745721664,0.4331750308915458,0.7919933762072828,1.1093807773014897,1.0548143781500665,1.017901507716471,0.8947945216770276,0.4152803366289992,0.3281486607959736,0.8532900305026633,1.2786160213457527,1.625548772301508,1.0179247636108142,1.0310479801418206,1.0153136138522207,1.1768615093445582,1.2286471233665384,1.1104612313156361,1.0964893002963045,1.8454184307503319,1.0395429576524913,1.9541531838995356,1.4210034628791972,1.1571676866186178,1.04744655184438,1.5834475430113915,1.0017164996090016,1.2135776081863092
cgSYNK00086,-2.5034188263965746,-1.4615963656732334,-2.563584772934866,-1.4122224909729721,-2.631031705420933,-2.7838747505525765,-2.0059838554876954,-1.6007122377848664,-1.1336138192145446,-2.3075174843987583,-2.122374184115133,-2.1396560532630633,-2.120339232684363,-1.9817772431434741,-1.5193220684908837,-1.6564146884097726,-1.7368223651862704,-2.3026459864890545,-2.6371470494730014,-2.177512377112749,-1.4655614467050135,-1.7245413323446435,-1.7833224749286678,-2.037049167745939,-1.6932931905647208,-1.6796691922705904,-2.312365258708492,-2.106113723417324
cgSYNK00087,-0.0373464129300795,-0.1206870703073903,-0.7114987684585258,-0.2687157572266173,-0.5400192405130704,-0.045771213734579146,-0.3105524478224069,-0.015832200095350392,0.12722756708962002,0.024251933987376826,-0.36041782043905823,0.1340200212259921,0.17247551138674666,-0.11884176788967586,-0.2622630788761252,-0.08829433038380362,0.06286262493805207,-0.18113819040240609,-0.3725085634923791,-0.5259238044622577,-0.36070620845858686,-0.17739071499856843,-0.5253313417918801,-0.33331405465400576,-0.23069721685453068,-0.47725115144711727,-1.2092473996445277,0.1455523261386462
cgSYNK00088,0.981404906851309,1.2797330613828388,2.1263701537652464,1.4546779143961601,1.509686640086089,1.2667516970162243,1.5663202041326099,1.2620158756913635,2.0605577961899835,1.5624272228548555,1.765360962485303,1.5986446469440874,0.9797879448481125,1.1483646322195395,1.7138318408677482,0.8930580675298929,1.9894713990517223,1.8143849267109917,1.469658934886157,1.3183684429473543,1.845612076940874,1.6061050095445712,1.2729477299645937,2.0960779578301256,1.0890020238380507,1.3639563225869438,1.850005876170731,1.512329602440797
cgSYNK00089,1.5526823180786489,1.8874158519923578,1.8123712718815124,1.8727125468354888,0.8406306978935337,2.300603577855433,2.033565068828824,1.9862322132625356,1.2949315522959908,1.1462128531197866,1.7429094365175983,2.1202542804255056,2.528059169904807,1.4810506211133252,2.076832567728649,1.6230333219087956,1.6741019188462984,1.487929611283698,1.8005994163550476,1.524055980937345,1.2857207792063112,2.3310491685357855,2.2896458947539355,1.1025358658799231,2.552015775316319,2.05205888466716,1.1357248492238696,1.8640190340857337
cgSYNK00090,0.7794317588165818,0.5915540339041677,0.972109703415706,0.5060379560760082,0.962958200389113,0.22621883192823525,0.9311152392023859,0.23001339547871924,0.2859435001974855,0.6079737503475905,0.12877603720614342,0.49020756481160893,0.20807121659634822,0.794718695684102,0.3342802889172517,-0.06780609290198783,0.702426413578124,0.4300125586348608,0.3538493924727637,-0.20501098713432175,0.7629249144433782,0.6414369254163393,0.8594099152939464,1.192514971287258,0.7202646453402276,0.19094635566983317,0.8742578537534977,0.7547244645709437
cgSYNK00091,1.3892253919475113,1.6250267168711403,1.511621841703088,1.2513512083273215,1.5282390935023624,1.663130159850648,2.5079653041916314,2.153139138049427,1.780925184926615,1.4401543652707902,1.6524050443244465,2.6939788184594837,1.8504421297318907,1.7577390285727774,1.8786016819535696,1.4261540788292049,2.0317803796931555,2.646710759783517,2.290650268235499,1.8227462527115774,1.93964199167582,2.0003121750262647,2.375760791484085,1.7558885560953752,1.6895064508652478,2.2679329278036815,1.0466019267554574,1.6989506994089278
cgSYNK00092,-0.7537057364342609,-1.7459977333158272,-0.993563158488651,-2.065086876033619,-1.4744055544649923,-0.985161305953394,-1.1629964830639703,-1.5133006847572317,-1.367920921779918,-0.9861764941026993,-0.6650315666331094,-0.9362244496426093,-1.5193927157551292,-1.5525351443071096,-1.5581318929287649,-2.0967081852378664,-0.6767092497144573,-1.4172299534111548,-1.1299496500500723,-0.9167287918826982,-1.3870501266225934,-1.4059721370021416,-1.091611530307342,-0.929261532600326,-1.471294602780361,-0.6086234667414103,-0.9593954133723405,-0.9854083408965585
cgSYNK00093,-1.2559997169955275,-2.6133321735776245,-0.9542969642455077,-1.3729140694010187,-1.7154469401171584,-1.8881638321028458,-1.5637110289880471,-2.3908895355336397,-1.652897766835167,-1.8749241767063007,-0.9676319460684223,-1.0357956713771155,-1.0479026037174461,-1.826444741712448,-2.3370410577644924,-0.9776361905893537,-1.039311124179653,-1.2479956191581065,-1.1594704766433486,-1.9645661108649188,-1.2477579415160482,-0.6811353582813923,-1.1143119796014007,-1.5112029263338118,-1.44826557588039,-0.9994287404578746,-1.1222693702910416,-1.167026076608532
cgSYNK00094,-1.3962586664106789,-1.967824367075822,-1.590232835367288,-1.5060172257765732,-1.040223246314713,-1.0423340508661485,-1.499826318377206,-0.8159983260182481,-1.3900579172656655,-1.8360066571062965,-1.3380622277007261,-1.9041131654323493,-1.5765417254725156,-1.2641076445900619,-1.7186111557244461,-1.0067847718822478,-1.330240031739848,-1.0687595877191567,-1.9662615605319895,-0.49367895471559836,-2.0810947417743195,-1.7372205357189923,-1.9808324812126943,-1.542895415750488,-1.4399894282193413,-1.0204568215495873,-2.090923726079182,-0.9884722869794393
cgSYNK00095,-3.5523608929752326,-2.878194880527242,-2.881258445280699,-2.705595928793925,-2.302197495612827,-3.18419097025413,-3.175515472614072,-3.1651542765587966,-3.082792913242227,-3.3579525595712547,-2.5205994006829533,-3.6685009940920796,-3.7795747342603416,-4.409527481075332,-4.164350601446806,-7.636624620543649,-4.525758511625423,-3.065363458725726,-3.802110885876857,-2.299419770692138,-4.926371319718251,-6.552804703018468,-4.193827421031051,-3.8639309380103164,-2.364490491711326,-2.808488956754441,-2.508197275390337,-2.473254406194471
cgSYNK00096,-0.5892013992834634,-0.41722325357183404,-0.5713461480351035,-0.778150036368302,-0.41123461875677103,-0.602675666453589,-0.4896141156305782,-0.7048517571949509,-0.7750529155954912,-0.4874094281793895,-0.7786722732181406,-0.4273263999872999,-0.9254589325790863,-0.942069498277494,-1.0842612577748656,-0.7497850454169225,-0.715678944072926,0.05109596209936809,-0.2988578545408209,-0.5033987717338348,-0.3928260081073467,-0.22287097145579796,-1.1399188532328846,-0.49064912009971573,-0.9529332008096542,-0.7121678602631152,-0.5095355359575592,-0.6250060725458508
cgSYNK00097,1.8799980077608645,1.7003616882572863,3.481662767081401,4.672901505941801,1.732124732478483,2.110611813079499,1.1656056493347242,1.5880602926512195,2.0511428933068876,3.342868900060644,1.6937802673207976,1.5363178428062891,2.2354877229645163,2.5217958993250926,2.927088037873771,2.030097421521842,1.439628052106824,3.3350337812040167,2.789599997894911,2.8153582665342807,2.184455556191608,3.222054971726649,2.7742826973032697,1.539899987807341,1.921507226995934,2.8021907479343477,1.757738254623344,1.6021191031562385
cgSYNK00098,-0.7465349458404182,0.06315781452322275,-0.0008271626282601863,-0.7012940842411906,-0.29569666379076504,-0.5117374931990258,-0.6857108253068215,-0.5743909314508808,-0.33040822981346263,-1.4055683154251288,-0.41684872647377474,-0.33946438111971944,-0.07259106116490631,-0.21233349856470593,-0.5468459249045705,-0.11221577626712102,-0.7690448980744676,0.03651986286750176,-0.2953670875700339,-0.29570820333428194,-0.5671237983987998,-0.6962245769936793,-0.5245556592875557,-0.7150696864039074,-0.18765629873299175,-0.4470639118950497,-0.7942508701159923,-0.25208694136096704
cgSYNK00099,-1.349250791271614,-1.1654309091437505,-1.056693593131507,-0.8133764008609576,-1.428949220476009,-1.3719235182284968,-0.9683965587653902,-1.156942872484745,-0.7814142667032471,-1.1676439940443841,-1.0705304753216753,-1.7829485132775156,-0.8734040528306712,-1.1617106668405845,-0.8058390063853266,-1.3775511120987698,-1.4248843883239422,-1.1088877468300562,-1.4642651639692517,-1.2278582258615984,-1.2003354522656988,-1.1509742101362954,-0.8107822717396472,-0.9753717587524561,-1.65105096800996,-1.105758274004665,-1.3252714197276945,-1.8461845251292712
cgSYNK00100,-0.06227851322537681,-0.7893247844270258,-0.6249641785384961,-1.4538760674078175,-0.3511268838314421,-1.197509343629697,-0.8855873042816359,-0.8063815720745648,-0.6061112932474267,-0.8832654604391823,-0.5125581885345094,-0.22798536827743668,-0.8073847452255724,-0.26865460363585586,-0.17180965324202585,-0.9184297802053115,-0.378200150654859,-1.0753071398943366,-0.4498365836541053,-0.5476120562597616,-0.8794179214517498,-0.6773867987341399,-0.8831260136871025,-0.6594168390780064,-0.6413883051199826,-0.535591891054056,-0.07908205776757095,-0.4653172982200114
cgSYNK00101,0.6378413725823383,0.26069812086798605,0.7318101302877946,0.1072309777958228,0.29527550158071525,-0.07830472943190311,0.5537091150033926,0.5220391405463938,0.17865965071257142,0.07268468788038816,-0.5407595667406014,0.4668518275838544,0.31377169759603823,0.16553064991070576,0.07845618722844505,0.28946419724399636,0.6489361713184075,0.018235630568239316,0.13990760077795528,0.7452560426789897,-0.368471345714464,0.31546287873842577,0.09017922323494315,0.35137958580940487,0.059477856728265825,0.48999611838283824,0.282284243733686,0.5932329313459505
cgSYNK00102,-4.282547960757655,-4.0547425450393995,-4.415780228172009,-2.963042629598849,-3.734139533200576,-3.7190103796352645,-4.901748825913162,-7.636624620543649,-2.441344977114249,-3.832647595254789,-3.668509895287667,-2.8612054246004015,-2.870620714097494,-3.981656853128519,-3.394174022041546,-7.636624620543649,-2.9695413072485914,-2.75197675092164,-2.003994033286407,-3.9056202852932067,-7.636624620543649,-3.553342797956489,-2.986302335763073,-2.6846331300082964,-2.9128582908517107,-3.5596069891021562,-2.7233303476609727,-3.929597269217722
cgSYNK00103,1.1143251910334222,2.1124236815350104,0.9829880585134897,0.8606032613867022,0.9649812013492395,1.094167950672053,1.8496564024751367,0.8765303455780784,0.8032555202444499,2.058200135633074,0.975524068187208,1.2931550172426591,1.1477230139915424,1.424794221177176,1.346335975240513,1.610188580499726,1.3067013802304017,1.0218107885243488,1.4649134366377605,1.278993011736157,0.9779604974405627,1.1080618272141871,1.361252866213748,1.643587449578685,1.0890935850220098,1.4984442136220304,1.5295896816750978,0.7943902076142296
cgSYNK00104,0.5572192885599494,1.0885323131031663,0.6666635432346477,0.4503962509684277,0.8753697884824996,0.48165619531561693,0.38708738857651875,0.3989045888335642,0.5297374711349145,0.4814257435710651,1.0145605434904956,0.6119240288191529,0.028496458191651006,0.3137100749255325,-0.008192601230503038,0.9936062333192365,0.1433141670599893,0.4502783649348668,0.8313004756184139,0.7252498096111112,0.8018763190003738,0.6357583425614686,0.43196332549606553,0.8688021248299606,0.6780224691054785,0.9592602351796587,-0.14308699840992398,0.9463975936768162
cgSYNK00105,-0.5264895162414931,-0.3328504501689712,0.12160317387292201,-0.20145354924731754,-0.8733562611736542,-0.38461485845560456,-0.38007362805352835,-0.6232842147364737,-0.7515797145069509,-0.5156642822885408,0.060810959867365934,-0.21931969881813823,-0.676728488923094,-0.3204589626978264,-0.5374181092721021,-0.6678907408465313,-0.4206846641580876,-0.21712782777740677,-0.4054662438985856,-0.680988923713047,-0.6340744476011022,-0.08861132488885945,-0.34434054564744176,-0.8261476618399775,0.16338188350653304,-0.443911182787511,-0.5951708211601797,-0.7858031135829879
cgSYNK00106,-0.39709900266407033,-0.21981191259818345,0.0018707317445475137,-0.18986902530471017,-0.4932834799643272,-0.7957711768963183,-0.6633909450697347,-0.9417192871781469,-0.4586072853569482,-1.0630506636556512,-0.4288062634632574,-0.6825067208291105,0.023791770640055117,-0.3384644040139858,-0.454170732581408,-0.9185505227010897,-0.37242502746519923,-0.173728386118018,-1.0635562510174281,-0.4356931203547455,-0.1783769726536969,-0.7250516259367903,-0.11487362754537937,-0.12187372684035601,-0.5177573633868634,-0.0029372693668359103,-0.9167803748292305,-0.182478197255418
cgSYNK00107,3.6775496787554474,3.9139860415900447,2.4223430168002773,2.753267267535551,5.1533076693870985,1.7983215697083494,2.9859719943476164,3.6566165460331943,3.9279763881710257,3.8877918010659447,2.737566505288268,2.5646406263275403,2.335923203936171,3.3084410402790687,1.9373726631339705,3.1352881326187196,3.3130724729931713,2.4529262367553204,4.949801953415216,2.009346191068582,5.037954169466052,2.875832015115568,3.248745675446599,3.247363913130638,2.406165861508733,5.9958649297331235,2.490324133652346,3.553205512819494
cgSYNK00108,-2.3273323479293206,-2.5871375719791936,-2.960427602842761,-2.65586541544384,-2.7544473206993034,-2.779251488009101,-3.175787365303887,-3.591138934592514,-1.6349874816608012,-1.9005580470347219,-2.5575224109013535,-3.6246023396642517,-5.714748455796974,-3.426425463169154,-1.8900257651171517,-1.9742766063678954,-2.2659164647194783,-3.663412837601032,-2.5781328219249224,-3.009015529523935,-2.6813777830571155,-3.498968408630143,-2.7410866537851795,-4.562491986413212,-1.9810579689688905,-3.694612300051769,-2.8152989672739976,-2.0208790948954993
cgSYNK00109,-1.8781766717571367,-0.662148322324376,-1.2025518815256147,-0.2337061591353815,-0.34917605595481915,-0.8492391260522892,-1.1232123800310996,-0.664481774741334,-0.20265351124203357,-0.1793698629823656,-0.9479074347730324,-0.9363240046154166,-0.893868036488988,-0.7853540848503374,-0.3230209265153727,-0.7022219092464481,-0.5077136632992912,-0.9708478230140511,-0.5050176783365948,-0.8063420163468025,-0.4889721035599449,-0.9848757330329585,-1.2897599638959953,-0.9973468428719772,-0.8675377088774133,-0.2789499812588399,-0.8360708621763258,-0.8048960824467041
cgSYNK00110,0.5003605727002277,0.9817433494913224,1.0825151591269413,1.0287558177980938,0.9872687816745904,0.6280996436505223,1.2728579969574165,1.672856058554942,1.4305148064362712,0.9158012432240092,1.1937155232110124,1.3556702386854036,0.5992018123032998,1.173962754619665,1.2157880286303504,1.0354859361460347,1.0383158161405448,0.7566207592873933,1.5163409924189921,1.2195401497546334,1.1425362656059126,1.5503548573187487,0.5148608331949097,1.4136366718210898,0.7591939213283185,1.570797266950242,0.7554357930914236,1.12809328802134
cgSYNK00111,-3.044925990480073,-1.7829415136675777,-2.722881485422562,-1.9421170774179366,-2.23391349304841,-1.3058463958369622,-1.7197271764165734,-2.219303741920544,-1.7252331415485547,-1.7948054161529392,-2.7116762220447996,-2.9401832574861015,-2.314408479362533,-1.8187464982936015,-2.3638264178935287,-1.6569081912650998,-2.5401500452773704,-2.459495303397442,-1.7474330267699218,-1.8367947930514856,-3.236671633772919,-1.5486386880951901,-2.3637132401751226,-2.2179438356807335,-2.628240838700665,-1.8390644098696056,-3.1129657042878476,-2.5919471508515306
cgSYNK00112,2.500803132662403,2.764797788788111,2.5539077437522475,5.239587048468118,2.8860797554846593,4.03670802313368,3.230236650876144,2.505945385927364,2.22557354495551,2.8882125463513213,3.6100647787929283,7.636624620543648,4.6908264054333255,2.42033819980972,2.3790115646632324,2.7517217176335453,2.4008996697619143,2.443354034894219,3.087584958510907,1.9542738545500928,3.7231407601801427,2.6221170277517216,3.8457723481336115,2.927314433470327,4.058451792326565,3.0689252050010025,1.9808551876726574,2.089264380089926
cgSYNK00113,0.39382574309374097,0.34014434261940496,0.4097408283830881,0.2285469302650239,0.7852682198862033,0.29424980885236174,1.3065594644082565,0.43029807459854974,0.28624725401731205,0.6409876068829697,0.3837544948846459,0.4050416911569928,0.12018257346912024,0.0073968181231589564,0.7568642699035598,0.5300440177991548,0.371981080815659,0.7261884698589312,0.5040918759813308,0.18825075864521182,0.46406751136812074,0.7017735624070437,0.3442055466228275,0.21450509946553625,1.0177746999128523,0.6544117794339064,0.5393719695311066,0.2919924404804684
cgSYNK00114,1.2919183211882452,1.368118048160732,1.024830581559044,1.3194835593196934,1.4517571985352409,0.706478613254353,1.3938956410704493,0.5246205191262664,1.3098022630845292,0.6700889240553488,0.9944494218452851,0.6369758073782213,0.49178280858049805,0.7476596277556717,1.0608268684781654,1.102242378551348,0.7999219200409807,1.295608145312582,0.969676821501733,1.4234407694501965,0.4608236005676052,0.9443840362788303,0.24733390077990458,0.909915444223225,0.8095308769250128,0.7370438408365174,0.981390876313375,1.0746089911382333
cgSYNK00115,1.0869750868824863,1.692792511939499,2.153965869193819,1.356716474476604,1.2419791066585706,2.763584601527666,1.6895104030638537,1.7532351142709182,2.8960727158502673,1.8057748684841135,2.762334261809856,1.722072125411717,2.220825969987204,2.185109552987007,2.772893198296049,1.3463684470757413,1.5630002453785772,1.4339212818724134,2.587114505383044,1.8929046062879566,3.8407269722558763,1.4475028984144613,2.0761244935566334,2.056318165503257,1.5816820934567164,2.7271366727142414,2.0466612303426217,1.979387576957713
cgSYNK00116,-0.41208602072697387,-0.304204576444282,-0.5638164527658378,-1.2430816263172053,-0.02372997690863808,-0.86619274899584,-0.47961490734478,-0.44923136098212524,0.5206302475594317,-0.5220958056736925,-0.7520295305088375,-0.37971209086711283,-0.9166293271175776,-0.6333699386103142,-0.9131867269904561,-0.24155254085298764,0.02897002921493581,-1.1212812183106886,-0.47184750661782787,-0.3233663710074863,-0.6910552117196864,-0.18269585140108896,-0.5043808633100808,-0.6168188890254294,-0.03288882101820515,-1.2999508636896828,0.09856028246463751,-0.3289513023263989
cgSYNK00117,-0.7503039954174986,-0.10728207423560394,-0.11592093247312028,0.30857190970058856,-0.11375642917270717,0.2819981293222909,-0.44405306662378946,-0.06255591648603481,-0.30999418831087644,0.03082576096196264,-0.2005391679957141,-0.4497669122307285,-0.34957907952394435,-0.5007803115752675,0.021937503246372614,-0.5042338519707396,-0.5341248272504922,-0.12464594362492001,-0.5803462627127104,-0.17503898821453637,-0.22371489391820246,-0.3373597721507419,-0.41992358093589643,-0.06597194159756306,-0.7527800816187364,-0.2795509666149621,-0.3563758273642547,-0.18047762570095366
cgSYNK00118,0.020653056705035363,1.0003884471302609,0.22101574852326666,0.7742288230046874,1.2093015002586505,0.6759094529624757,1.4790808397948636,0.8126349751109038,1.229238372348816,0.9832140467248646,1.092602644828984,0.3895090374362117,0.5305686351290165,0.9131713188166757,1.1964339925876926,1.2082532842025524,1.8171134968556641,1.2613307631465136,0.8517140956508497,0.688395760150807,0.829790833131571,0.8559861047590344,0.8385427175007336,0.7012424982313642,0.6053756404936308,1.2080877577477291,0.5764079739487465,1.3227928339113024
cgSYNK00119,1.5209148758880533,1.8992389137971772,1.5182264508164844,1.66509456854347,1.63378571334366,1.3705894397913114,2.4595471589048197,1.2917399822313815,2.0171439342017763,1.7991253585472136,2.1425761754977923,1.792000996392874,2.2912432294570153,2.6681890041573086,1.4662987352861612,1.3690280608460832,1.9481959108505453,2.371861480600308,1.5377283784384996,1.7208996473752713,2.3892663267846457,1.9733605962407035,2.363164048926293,1.8473433793001997,1.696504257794542,2.1707804938452746,1.9150516449409716,1.7388374505902147
cgSYNK00120,1.6068629261366503,2.153381214164179,1.8026816832835422,2.9417218129825433,2.2867072735853182,3.619883771554032,2.1731705741693266,1.7773507215860498,2.08960172361763,2.853921969183869,2.6307525004166568,2.0750035840553864,2.395987754264597,2.5997293259125023,2.3705103361856237,3.1552563266277374,2.3315149695591413,3.4484518494577228,2.3058928647863524,1.7205611508219496,2.1088624757358163,3.2521645471341927,3.2966481232111,3.027394333889591,1.6928276353224012,2.535590628317446,2.644791743076383,1.3021593167041217
cgSYNK00121,-3.1624420403425924,-1.6130689259467776,-2.3326086529876644,-1.955819593361732,-1.0820844495189559,-1.6860887994657663,-1.433150377529727,-1.722320121654143,-1.1257994806276546,-2.156201004457464,-2.851790757970537,-2.3920778818570634,-1.1078725800124662,-1.8895295970816435,-2.219429707572062,-1.2980862812778695,-1.7304460305755587,-1.7439361451014586,-1.5315487399179695,-2.161792663465154,-1.8789099954273025,-2.2124602807571567,-1.246169273780528,-1.3172899994325298,-2.0306170213004524,-1.9008775982984283,-1.2942112907595276,-0.8011815708804484
cgSYNK00122,1.794184149379184,1.2826954187043444,1.73445599143523,2.2043073338506574,2.264384050532928,3.233772268961336,1.9156894947521987,2.0752258004443185,2.4076374302636765,1.512428185924785,1.8572367435998711,2.1076122622095577,1.859330804785538,1.3303244524601314,1.5974952066609862,2.6014022009164983,1.6639807161367188,1.9436665531938828,1.2925114501664388,1.2782377792013395,2.3442668106938775,1.5587454121758015,2.1820803411280387,1.672849247549437,1.546260300183877,2.347979708381249,1.7690340377183653,1.8649656778277928
cgSYNK00123,1.5357311069633517,1.5979852068755998,1.8723820352098293,2.847944509372681,1.8164745926192494,2.6937589812872638,2.6132711977630794,2.165707345482638,2.537392106180811,1.766935477753788,1.7457057262365578,1.6952765509464562,1.9477459934973291,2.247104514080688,1.8088029739756812,2.8036154018569146,1.93764512095858,2.5296491120385403,1.7656321480259756,2.7627446475053987,1.797535963887645,2.6731592372540587,1.7976998371293478,1.4836866090719925,1.5744971938027756,2.1729591912114743,2.3554771880193504,1.5744965016733607
cgSYNK00124,1.1665015193041204,1.0517747021149093,1.4410858214767728,0.6833249538291236,1.3188959806658913,1.0895627069771912,0.9435590741483821,0.8144323974181298,0.8938055409215566,1.834165800690611,0.8217028694044141,1.2007017859483158,1.4792335881107503,0.9840580453860102,1.090727119215043,0.8351222531812156,1.3040376140792593,0.873944765926944,1.1283250868841823,0.8910176853549718,1.6760830827521123,0.7660744879246123,1.3358275458907738,1.2619621329604713,1.1383160538783559,1.5465089915054262,1.027089955532193,1.7711990079269186
cgSYNK00125,1.0229999704588844,1.0843021260186176,1.0075909917619477,0.9986140180931287,1.0852177569967023,1.6932803814280442,1.1581112132953049,1.3864457566103696,1.9291661348128282,1.9027598602583007,1.1978868094784505,1.8750237661122648,0.837956982035982,1.45195009812419,1.8211466501227016,2.129849004095892,1.541938718960373,1.0049792154052697,1.5589416729552996,1.5450984171366493,2.2835764446868123,1.6012863854798929,0.8763306882664593,1.6827856489301616,1.2376562949140144,1.5071192600207435,1.3102426381014227,2.4860970702474123
cgSYNK00126,-1.6780854931261298,-1.4492699326684682,-2.446099241279317,-1.7573920420884652,-1.1023332553956278,-3.850256927707267,-2.2494660130035107,-2.4055485212636594,-1.8527540779170262,-0.8349481734810555,-0.8968757031318348,-1.647939991670873,-1.7901451634012395,-1.418484278522935,-1.232780043811586,-2.2347251286157173,-1.2027323842089441,-2.1612714779454016,-1.2306280187702847,-1.5583509794374133,-2.2116545376079597,-2.1856835452903827,-2.358349507068996,-1.8363126309885582,-2.3718780674394937,-1.7124077024695552,-2.2080331344605924,-2.409999109176938
cgSYNK00127,-1.7044660311374917,-1.8545303219359226,-1.2764408968655363,-1.8264624806784833,-0.9025529083203779,-1.6991348615593724,-1.57918118438183,-1.6928411800478294,-1.3054005194960145,-1.379671710836631,-1.734643373464316,-1.652075934971804,-1.1372518823206959,-1.3503100362408818,-1.3827027923409152,-1.2063432807910435,-1.7829462650206471,-1.2854170203754678,-1.2071025477061612,-3.1324786280134056,-1.6254775153192151,-0.8263954377769547,-0.9596328834782961,-1.2124869966548066,-1.0804930960847434,-1.4354363804664765,-1.0993757302578193,-1.3971409364371215
cgSYNK00128,1.3709518653083637,2.716726788776377,1.8883084017527707,2.9150846500228234,1.8320727400903682,2.3395418100419687,2.202404269502256,2.687382244864319,2.815281191405922,0.9635394171663875,1.5511186760701097,4.202917435300414,2.221449428721377,1.5831684417308796,1.9720179849579136,1.2133485205001915,2.3216957789225248,1.3963876612961459,1.668197460414644,1.6395018817095526,2.6616571832723124,0.8870354263287017,2.1669604547421,1.6716595068744289,2.079149802105813,2.0469437978069003,1.3061049159715075,1.7934540222792115
cgSYNK00129,-2.2502570353769644,-4.251038237387863,-1.4401004625989728,-2.163692912516327,-2.4102819640193403,-3.8118590909877152,-2.5381872342010205,-1.758796517318684,-3.062104533303255,-2.219544635149144,-2.71880573921748,-2.7027506314173073,-1.7910194434397353,-2.22977634821568,-2.0379733344830466,-3.3182629698699135,-2.258522584049627,-2.608631409513428,-2.33094297033552,-2.2998081211477546,-2.0280503055122154,-2.7775293752303876,-2.1949385173875426,-2.761480451528469,-3.4524838236724698,-1.9813487780269505,-3.08349069369121,-2.0811349812509907
cgSYNK00130,1.958919142235516,2.425732505876387,2.4184541589151416,1.553300953053441,3.237772638568989,1.9554130267984056,1.836500412287861,2.502533618837289,1.6642120373529186,2.1355790040283544,2.1670579024714574,2.2008066223263714,2.8150252838646606,1.6142992246783143,2.7627380478299326,2.3460625219464197,2.4512234630390997,3.0886504762692852,1.3630323611600919,2.7201671908366585,1.8813663556077709,2.8220542904678156,2.008408920528999,2.555763684565918,2.498265232079309,2.0380239825916986,2.23587626933423,3.1503197592652943
cgSYNK00131,0.8380786904272534,0.8040145323785136,0.2351173282729508,0.29220360479275387,0.3625786554663427,0.24958708640161797,0.60787308507635,0.3455457841770077,0.68731377591492,-0.019207796519442117,0.5562965271478726,-0.20469654376972277,0.17898696244148599,0.7351807086465701,0.268465326125616,0.9702890768017497,0.2946840628054859,-0.38821811449413113,0.16608242039596724,0.35404773816070667,-0.04411322428431849,0.285608764103635,0.06895919217854769,0.39891897388389086,0.8028256388125843,0.753014537256134,0.38526018334759055,0.36212139642164737
cgSYNK00132,-0.1949027191498575,-0.03664277005397982,-0.5118549842443318,-0.5103529281642977,-0.3352188825649341,-0.40667940723646684,-0.6976026313523597,-0.8882302508352764,0.004741751295900966,-0.6700498542879519,-0.4025213200879851,-0.16681210606432934,-0.2256107669608829,-0.515571257869743,-0.06534055061325723,-0.5803492063260649,-0.3788093386007287,-0.3891165774637067,-1.3000646972200367,-0.11350149657576317,-0.22431242460043005,-0.57631899725786,-0.3827160450392358,-0.28410217858241954,-0.7669320376258489,-0.19911507000293996,-0.4128108720447077,-0.3607107760559373
cgSYNK00133,0.5983729884937438,1.6463644844650447,1.219008753060129,0.44742398880301737,0.9493361082059183,0.9698419987222601,0.8781365765191737,0.9222434883233716,1.298405649799383,0.9670671086317227,1.1363143223279875,0.8067895401236618,0.7886452569906168,1.3728977858551676,0.937207972761235,1.6056511271819685,1.1914237670255146,0.8847413256709488,0.7559733700473534,1.1213920436386016,1.2239449466410695,1.7949643034391516,0.5794977633527713,1.2902511552372629,1.1303504095233297,1.0111415005696835,1.0619670352507131,1.3666655670989603
cgSYNK00134,1.4501761208128583,2.615702603338957,1.7986136329462445,3.5813084567125824,2.3096562699464065,1.5673978730703142,2.154254775871777,2.205117412392524,2.4192226806051065,2.2299451072469467,3.791000296335241,1.5703324787746487,1.211497796765884,2.8199561562032414,1.5961786476029607,1.2618292058895377,2.452692852196247,3.1180696884259276,2.018820384775855,2.063864555002359,2.9081266843916125,2.1214658582767814,2.453134023753125,1.3671308477083803,2.126611008474174,2.706189352239473,1.6414461449324433,1.8671421723969792
cgSYNK00135,-0.8880545280914256,-0.5497660213836455,-0.6212000220133942,-1.8188185928244522,-1.3721222320011826,-1.5524850090475557,-1.1724022113102124,-0.2834494968398436,-1.1174455934459246,-0.6727132178528492,-1.1663329247849348,-0.9074513870785677,-1.3439874472748357,-0.7523919434539625,-1.0652523853977391,-1.4187536416679103,-1.6226701947857831,-0.8573638311147691,-1.04095106954056,-1.1988122832514223,-0.8793917052432292,-0.5116569193298629,-1.4345216453495129,-0.2321673951732725,-0.32040405886503764,-0.44374187286529354,-1.2352922659072183,-0.8020803625044333
cgSYNK00136,-2.2236121074722965,-2.2401629648013377,-1.9496080053163403,-1.7555206087272912,-0.5968303441526491,-1.8541052116732926,-1.7940075115052283,-1.6964444636718574,-2.4946229154795785,-2.2478023613879863,-1.2529929247031117,-1.714921473262182,-2.927749162494431,-2.053624899266715,-2.846765384560977,-1.777706455645703,-2.223048590404587,-1.0493997892564537,-2.81255565986155,-2.1147067209059953,-0.9698513762060882,-1.107546282534984,-1.7506817265085977,-2.0817901678811324,-2.4359767053378705,-1.6559421062488466,-2.16645983514238,-2.5452923216950802
cgSYNK00137,-1.2316456332492831,-2.578449121713614,-1.2172116027408166,-1.955739047606131,-1.2720732101068504,-0.9722679384591535,-1.964765842384054,-0.7453549714004121,-1.0479780665372587,-1.3420083046376137,-1.3731218855527545,-1.0823995519905438,-1.1111047159028808,-1.8904243137316048,-1.5997976853110274,-1.6461735317290611,-1.7798854546658354,-0.8125104829242654,-2.172350640893714,-1.5657293457536092,-1.778708342203879,-1.4721920302202622,-0.7444513766067333,-1.36178416740998,-1.1630165175073537,-1.1262397530303947,-1.2168578081911765,-1.7548608854791787
cgSYNK00138,-0.49229005599114806,-0.04508252531803857,0.44757372820693797,-0.24277041311467554,0.26733965317630026,0.09828427238135302,-0.11310282312914988,0.3052102882068351,0.11625190481840125,-0.17105075210116313,-0.04696160824877164,0.2581262648364314,0.36791175601127746,0.37458566738618765,0.2275800375700207,0.22466875925668794,-0.055429496791505134,0.3704873135636498,0.3375443998664217,-0.28685290623791776,0.8520607440159608,0.39199399386000117,0.5987067391277655,-0.2331093820798138,-0.26221601020865937,0.505992977785046,-0.003259702692469163,0.16665143651371847
cgSYNK00139,-1.71773475167428,-2.142073317104133,-1.4396627633958718,-1.3537154857950784,-1.8892835686365337,-2.32711756456455,-1.6860501132365027,-1.8561430428608485,-1.7108960617990017,-1.6793577679148024,-1.6801429024323917,-1.4754775895635428,-1.5662561205884944,-1.3786748782888476,-1.2240565004997392,-1.4381489128055893,-1.9440598380310712,-1.954183302614492,-2.042313608600859,-2.8776348775669747,-2.0420961495809054,-2.1689255940854575,-1.4782045020953196,-2.827069231531756,-1.9922792838098757,-2.1887305692895693,-1.4778244398314466,-1.6259064510917611
cgSYNK00140,-0.6517241158669282,-0.567329453540734,-1.3603851052035254,-0.8935015400010464,-0.9845577905003308,-0.5522699197008873,-1.6404933647038795,-1.603043433365815,-1.012869270481811,-0.3049080282510733,-1.3129462166489279,-0.3385012303278095,-0.711057387209628,-0.7333353302989254,-0.4997274262367199,-1.4487829214961347,-0.6621381850562508,-1.2112057779297298,-0.48135929282357187,-1.1211918564227974,-1.109481029543458,-1.111161118299921,-0.6480997716667486,-0.4506582013238284,-0.7731715575175274,-0.3051685342937963,-1.0892900415807576,-0.418306328113142
cgSYNK00141,-0.25177096648380154,0.05488118450150194,0.40300779745873366,-0.3100972151025199,0.09779149359829468,0.5263708168895538,0.17150638823764278,-0.08960914078701594,0.4148376266489865,0.17435432722190994,0.09635696231650072,0.09027983473545971,-0.2682929526062422,0.16196043119367265,0.10704279555015747,-0.11286588065365083,0.5446505149151438,0.3262885979171498,0.5581196901323052,0.1646178617934676,0.3389360083613464,0.5612548528555192,0.23331831969697056,0.626126374812378,0.3497498106212567,0.1716960444599555,0.4430167261130413,0.20100245615385803
cgSYNK00142,2.6118045953257556,1.8071084029212994,1.888186494128393,2.4193403855389075,1.6706829218340553,1.4794351961144323,2.203545087624186,1.7036241585909289,1.3556748651804493,2.405655109576716,2.1867937664776216,1.36942323024291,1.7324005022835753,2.2719401870950633,1.500480062368945,1.2988936920771221,2.0688256515070234,1.283739862509197,1.084252120310253,1.8028188781743584,1.4436314296036603,1.9216292132753685,0.6670492103223704,2.355896045784042,1.8790368152799193,1.489683304061334,1.6248972263295622,2.502524601731709
cgSYNK00143,-0.8035569772871842,-1.0906561173117983,-1.2319180000493692,-1.1540317486769078,-1.5366134082332175,-1.5322551920597514,-0.49124853968039833,-1.543513454003482,-1.339602735444826,-1.1240156636444298,-0.8313352581282795,-1.3037767507658253,-1.5309642277451116,-1.0408272831558307,-1.7087180799852715,-1.0192984806547583,-1.48661726890222,-1.574836727146012,-1.522646051486089,-1.1394208245720394,-0.7501355192404822,-0.8279805403221108,-0.8346597878745121,-1.044364683013331,-1.1965368084100305,-1.0503566028600893,-1.6229359065901168,-2.104812919028412
cgSYNK00144,1.2435998151054317,1.6993423514454167,1.04926132507811,0.5726978986292448,1.1448488563043449,1.8259700509580474,1.66603384919168,1.1164624130471057,1.2942349640939996,0.7839071285434849,0.9185879298846665,0.9457648811681609,2.077777272219713,1.1712177695273969,1.1181488847724568,1.3863540123280615,0.9388622312947777,1.2349434755425057,1.1425401894877087,1.3992070134261172,1.594155846310414,0.7864270260889032,1.2758683457106845,2.040354522524617,1.4399253662109026,1.018444570931676,1.0475644243467086,0.4783722519506503
cgSYNK00145,0.13571841959208947,-0.8400339925183068,-0.10432430307953705,-0.9735154440425611,-0.9143030888091062,-0.9760563328470065,-0.05498228369024071,-0.8738670643502461,-0.6768114576736907,-0.6747438230726881,-0.5501621335523305,-0.6553801366700901,-1.0976246297554932,-1.2410024650148592,0.014764215087112556,-0.12384505785147498,-0.2651103995985237,-0.2787314542406855,-0.4271344733175978,-0.6128612160604731,-0.337456835215576,-0.3523438870589664,0.13992317292467252,-0.9577966261426997,-0.4802655527388726,-0.023817979223615737,-0.3174492678434853,-0.4951015787353116
cgSYNK00146,0.5015807949070277,0.1032724424648712,0.33007672020253803,-0.264991052701942,0.35371967231094437,-0.06685135341301018,0.4807345213099507,0.07808045278707361,-0.1771052109323209,0.012446940821486034,0.7199249625318187,0.12433521372938461,0.01113938582721005,0.7711588987101551,0.1144091948353337,0.18785990441651862,0.2287648888000472,0.90887594892327,1.1231192326896695,-0.18976363736155877,0.27070968483022556,0.6410833292909637,0.1562035896871671,0.09468267602312677,0.556410865577189,0.1538795409129448,1.0261092868252408,0.5184813293154619
cgSYNK00147,0.7711269288384516,0.5466812648318903,1.0966562554456267,0.8524450560094593,1.694005872337171,1.1312280044726568,0.9078300082916414,1.1928765280761213,1.1570009307548654,0.9088474194952242,0.5128701538341948,0.5441731937073482,1.1268872124220555,1.3704213813706057,0.8064558695034789,1.0782557956486205,1.6229295437834812,1.2860913304823283,0.4176495330160243,1.2967306196243702,1.0287657388199583,0.6791025605741012,0.8717502192148118,0.6813072107365793,0.3354088896980858,0.7001760903318602,0.5014359680552242,1.4617291187056705
cgSYNK00148,-1.0418617878628038,-2.0448022839040902,-1.909769282444623,-2.181786950487967,-2.37066504551886,-1.4511967358617188,-1.7023325503349578,-1.2627118628395608,-2.0838605283487834,-2.023629255284448,-2.260425573920311,-1.360345746975248,-1.3372986007302248,-1.3671811428951688,-2.024778670867937,-1.250660386310863,-1.8414024050204318,-0.9101551254585228,-1.201478891043072,-1.5102838484260293,-1.6053614763945347,-2.806586794084978,-2.8973598293808696,-2.2250241060977034,-1.2257221571928134,-1.235740551267988,-1.0630194293918735,-1.891480572767815
cgSYNK00149,-0.7324210034863782,-2.253546611351038,-1.0143614666436527,-1.0200714277217462,-1.7691922164712781,-1.1662723695290877,-1.3177291203389898,-0.4682584007622051,-1.1953904863593932,-0.9419075214502528,-0.3887639905693373,-0.8576429105675745,-0.9980606237517232,-1.0010696698727655,-0.8851740137133429,-1.08212713936511,-1.0391960397472602,-0.5403672232437104,-1.7008380297794485,-0.2965167418545009,-1.0663528596488725,-1.1973294735374922,-0.8774751226915747,-1.3396648240541156,-1.340587507131901,-1.1761439834200487,-0.92382080939157,-0.3305836999392485
cgSYNK00150,-0.23409509730411637,-0.24667175028142338,-0.5178430609328695,-0.07764068024297179,-0.13293148953425282,-0.397673550532139,0.16397911851511943,0.0725085796858743,-0.23572522637846235,0.31044909788074565,-0.6689827887311347,0.047265878011291874,-0.5676700150472342,-0.32651995038040227,-0.5043713674083339,-0.3873811632840689,-0.5726259960666968,-0.1889765126322967,-0.20643341708095433,-0.14212598556036565,-0.011699426449523896,-0.5589009253098464,-0.25899486602232535,-0.515994432318453,-0.6770383768710972,-0.3812719591829807,-0.572601579845514,-0.497239979652803
cgSYNK00151,-0.3529295347393836,-0.07969667090546038,0.011926903681993806,-0.20830055655784407,0.018888481695393162,0.4615648775340677,0.3475711057542324,0.08213876494142515,-0.23417382788778776,-0.05617255409082129,-0.04263624724898626,-0.16379546824424213,-0.3666490471685972,0.9363695813462338,0.0015610896776388178,0.56565106923235,-0.17883628107543864,0.2598563570622562,-0.03602065433889916,0.24907784147420325,-0.4704372144391249,-0.3613787032305749,0.12170721799171703,0.055388476206648184,0.273146652773239,0.08120532666290188,-0.26129431820946875,-0.03782367578548108
cgSYNK00152,1.238724926354914,1.2230635464921935,1.7933054187851043,0.917378284621972,1.4112586286899118,1.7757259187691739,1.406480891039405,0.9728746333883792,1.1306376391535686,1.0806272520339761,0.9775083303275441,1.497402792358418,1.292391733882924,1.3974019378593292,1.1445103678546777,0.9817734368135431,1.2336049827383773,1.3855726481654271,1.2663764992175768,1.180542395577892,1.123181621199642,1.2785562794466778,1.839691456008818,1.4012895549756925,1.590862687240982,1.618208096281054,1.2051374504841905,0.7639875067517561
cgSYNK00153,0.5917576850627214,0.6450332318472891,-0.17213420916762506,-0.04557960289715652,0.5193949000726328,1.175892074915898,0.526548669018974,0.24888128821483568,-0.2220387689328128,0.6141490477591148,0.31939582236150327,0.28636833005598145,0.4487137340222949,0.19806767856654303,0.4912217040148776,0.2161954900345484,0.9704661849475268,0.19141912783499854,0.19390205179460912,0.33557173742012675,0.59035728589157,0.11307521996491605,0.35691713044439494,0.4776224640409566,0.42827330486941223,0.2207026107123321,0.938735893547996,0.3720857127157475
cgSYNK00154,1.6595264438537163,1.5167355492131707,2.3963918890137537,1.8872661911802466,1.7231106113943377,1.3101692223261239,2.3722521276040585,2.3616715289557915,1.572561502448019,1.3504282692173941,2.0818670076631225,1.7955685376977413,1.3004649038484795,1.8706201107859157,1.6606404487270936,1.8373563889368003,1.5877281042323947,2.1408117464685947,1.136007271028761,2.1101337309105253,2.532534208486263,1.061892770053013,1.2147631062023625,1.2229834774875714,1.6158168949542622,2.8230944467554773,1.5182656181428371,1.3853878397187622
cgSYNK00155,2.460783227569181,2.862436193561335,3.258666971719613,3.439288560554326,2.2301642782724986,2.725459490790083,1.6278709899501305,2.124049031829538,1.5107728981662654,2.4378167690419237,2.739345119675093,2.301616026612195,2.745911447603689,2.2488419337379186,2.3902234586050066,2.4326997381086595,2.429307761496527,3.7850999584415215,2.1760123041268633,5.119229640406551,2.091063685284311,2.7223426664207997,3.29801508753998,2.048558916165978,3.022354164606178,1.9375589422924622,2.024291394657553,2.6458225512589735
cgSYNK00156,1.0853442950514722,1.2190802543445605,1.0326853771834497,0.5646158063671917,0.7273608707169783,0.7603462910226069,0.6307508988667977,1.0694796361205023,0.7700014464200052,1.6374342113825449,0.8994528390085625,0.9647771547028687,0.2924014647189677,1.1218417178962952,0.7856252130952,1.2565003987735364,1.2574564187420556,1.1865039396669106,0.49550733841370553,1.0381066513742545,1.1695649173624216,1.057547248515191,0.8392860104706393,0.8030967196390026,0.924974850042253,1.364547838320594,1.2004978619775213,1.497037191661011
cgSYNK00157,-0.10515754814889976,0.16707988130797694,0.17615018164079302,0.1554242884253874,0.27412297600602015,0.0020629123293954906,-0.12685515927875768,-0.065784825643845,0.24630797374618302,0.32882091402804986,0.16805817085795374,0.428941565026609,0.40697743458740354,-0.08708180306449034,-0.20416695051697295,-0.028854661671195388,0.5305565607760306,0.06259367755747695,0.1755982681711047,0.6258438928666065,0.46687504600024254,0.3881933124522269,0.5366578192277672,0.05137063660969582,0.44424743033993386,0.2443512685505706,-0.29514192135111933,0.8446311157628338
cgSYNK00158,1.1897811757004144,1.5046979507614848,1.2525486173872806,1.530225733305241,1.1064024300829938,2.0965090919162526,0.9282835494928798,0.7679097448705327,1.4217337839413071,0.737734956271957,0.9924150756173056,0.8426534017359285,0.9516325351541759,1.263315377759297,1.6335296560931623,0.36554566960554774,1.860573526830387,1.2156071739611802,1.172279570998,1.6950655080646433,1.268400942004744,0.43485772480900403,0.9895261806594456,1.768539428781741,0.9275845884486285,0.5020180034598559,1.1516828402452701,1.1814068922185472
cgSYNK00159,-0.014065792381038354,-0.021313960557931493,0.8654045020004338,0.8026241850513864,0.15716270975255217,0.31152226920914106,0.07309985457010912,0.3553880768065395,-0.2821101012700912,0.28499182696126835,0.3471004708057486,0.4127831434510883,0.42900222718528075,0.546984220326886,0.46259632280063573,-0.5175663464312714,-0.17214954445679395,0.3426136188804966,0.8014910162511963,-0.5073537001538031,0.6673800040095176,0.5198568261398571,0.40143048860465075,0.2695225935730736,0.5123625327373402,0.5788476781898518,0.306071996030514,0.3697287198500707
cgSYNK00160,-2.579784692752969,-2.6235137592310713,-3.561824839068827,-4.972506304386719,-3.2217939456942575,-6.132120562587015,-3.3965769610640684,-2.12881631595131,-3.733806806391004,-2.4867056049970735,-3.8962463095931255,-3.026315209196553,-3.1145948343856182,-2.8665445845897763,-2.890173514151424,-7.636624620543649,-3.32509394009794,-2.827770936584864,-2.7457535924034007,-3.514116183002902,-4.426635377541945,-2.7716155155128757,-4.0434055102193165,-2.5672926678681947,-1.6706497920645162,-4.721361003429896,-2.891163265134592,-3.1718929725968494
cgSYNK00161,-1.1625700369501488,-0.6876402430377784,-0.5484038334865362,-0.7504179344950033,-0.5999930319676269,-0.226288890319426,-0.7536390943969947,-0.29061769925472836,-0.8179165877117645,-0.7202304338764873,-1.6140168365767376,-0.5834383698163522,-1.0160737157547859,-0.4266892897786925,-0.5167942809450489,-0.5106569507831406,-0.6644454899545845,-1.1973195253122364,-0.777750280095159,-0.7330536114489195,-0.7571439416171653,-0.49424034244321835,-0.7286720940052351,-0.9414380949617562,-1.3468608437290968,-0.6780497418378472,-1.00779940846051,-0.1379476855486349
cgSYNK00162,-1.0179418628976895,0.021815020349912003,0.05326594754836218,-0.765584261210373,-0.03456528663442327,-0.59061887423738,-0.48007385375527056,-0.01604989722120037,-0.19134527995149547,-0.7655229230616181,-0.5704364034777191,-0.003719555374340106,-0.12500595693320982,-0.563359772725485,-0.6165919645646333,-0.11724725081884117,-0.0795436761376637,-0.17570250410227672,-0.41241132808257597,-0.26494408844343126,-1.2685066320129976,-0.07990967812436656,-0.3257143964650324,-0.13246840665082674,0.05581735009693336,0.2697141539008355,-0.38433505996344075,-0.4350171578074453
cgSYNK00163,1.5835339979385359,2.0380939182009,0.9312607262580022,1.2135144923128998,1.6513289047398034,1.2365007498647198,1.9905289123955239,0.8916745075703997,1.4920056050784134,1.9029738124681121,1.135939834445862,1.9939080863236591,1.0244650408579998,2.497087377749097,2.028877265228182,1.7303023789460812,1.2607483790284146,2.4387877576452985,1.96755193199551,1.8919268962963554,1.7231701922897051,2.0189599997955137,1.5050476996867421,1.5905720787964424,1.3469865910030008,1.5811446949868135,1.8524497762209324,1.4718838185486545
cgSYNK00164,-0.2141305349739058,0.6613798785258946,0.6977320725385099,0.3391356501064044,0.7316270539636831,0.41447552957845574,1.075267105863786,0.8015743996462719,0.7131255707654639,0.41871651359315,0.2511379549023436,-0.5431387244493215,0.2255990404942572,0.15202004720479786,0.45930512410194607,1.0745288101737847,0.8030888076405636,0.33082636917487723,0.3406498461197855,0.6678934905210462,1.0297749826202522,0.20926822859600477,0.6721260500125655,0.5042128052207351,0.3683794432352002,0.5383973140904388,0.7584427157073742,0.1977757236244608
cgSYNK00165,1.8078868879140613,1.7912378168862926,1.626992142889196,1.7634302259632806,1.4813994774769315,1.6152302579338311,1.4864887240983133,1.9000615068541051,1.1235637556464861,2.2055966526563435,1.4723273355314124,2.9145276556472197,1.323686106105133,1.4293571296547334,2.2381334641112653,0.7257817421323584,1.8152377487133051,1.5422008935587823,1.6102583461022175,1.1138402779977337,1.678819003759668,1.5728968935287198,1.5758505369062072,0.8655334790048566,2.1425720522601925,2.5815613930185712,1.2029830087914362,1.2893641839245273
cgSYNK00166,-0.25723731537171934,-0.2358609403360457,-0.297618857204702,-0.06694766310374214,-0.11790400146097411,-0.12123433694624712,0.00032676447128505466,-0.6480656534921247,0.0007452722622193464,-0.2642081351430383,-0.7405746349709943,-0.6584552948229268,-0.1055035575338164,-0.36219987334163845,-0.8241250709415776,-0.48866535249317705,-0.1446452948374681,-0.39676032685695795,-0.46649644781406724,-0.7009611978424265,0.032348401672906535,0.1115247404716059,-0.21445744620241447,-0.49319614656482136,0.24390272056561357,-0.5737040943495405,-0.5442444149779616,-0.2599690204267655
cgSYNK00167,-0.7471853200755301,-1.8401780670926882,-0.848254155700121,-0.9475904034071929,-1.48411368608803,-1.6396263385468326,-1.8678862495121393,-1.3870438635491626,-1.1114013110942036,-1.7759894496874977,-1.564570122915161,-0.645537655588779,-1.9429599473310462,-1.9014412188733836,-0.9549007290053517,-0.7907230802198543,-0.9299707651933636,-0.822057007247484,-1.5267905527109231,-1.162761398182065,-0.8216055483788494,-1.1849595578812373,-1.229817991452749,-0.1043214673597326,-1.433980626608301,-1.59579139498447,-1.381187709714363,-1.3302437303711798
cgSYNK00168,0.7563923602874932,0.7848674151587963,0.40716151446315474,0.4873587957471861,0.22211721057331343,0.6154270817395973,0.42080849562490286,0.6570017280789033,0.07243558918916124,0.8321172535971842,-0.4136742582485626,0.6640695735432863,0.7241819979654506,0.8784073317250399,0.21176083997900338,0.5458087764983044,0.7969736631088418,0.7092826709482177,0.3587941200707324,0.414567552356445,0.8094496337131202,0.2763829620422049,0.4003690084497989,0.3293512425352315,-0.46665526812986774,0.41228264258332,0.9042919331810028,0.0796047526808811
cgSYNK00169,-1.2965009156698752,-0.9127818147727053,-1.1986592133115583,-1.4155659216012149,-0.7463998228461075,-1.8056055605783556,-1.0548572165428742,-1.4693367770056183,-1.000753859205639,-1.7600053735970917,-0.8614120909792615,-1.1253933771771596,-1.0613688235651602,-0.6289354739263627,-0.7525940069693734,-1.0356625066063767,-1.03726416775906,-1.1511259177146016,-1.1633418861417428,-2.3745255891901556,-0.8995177612702772,-1.0136840711643225,-1.7336103132487275,-0.9653549000539535,-1.1787818529988763,-0.7351135224476884,-1.0800260612532364,-0.5383750755690283
cgSYNK00170,-1.2499080473397568,-1.0351604196965036,-0.6441161769280775,-0.7382720537128942,-1.2787595230315334,-0.6107703242542524,-0.6396343875283587,-0.4901562347887071,-0.7859079241440331,-0.3048678796502242,-1.5198247121015225,-0.813005439296096,-0.9312187704005053,-0.9393723236812125,-1.0549443776421645,-0.5124832400248955,-0.8342105171200703,-0.47347899829655826,-0.7203312205093889,-1.1428336528948435,-0.6871671833176809,-0.7436857796316232,-0.4731164968572547,-0.8084331246924187,-0.24322252743968106,-0.9178159969202369,-0.5104664790288859,-1.2748883093617283
cgSYNK00171,1.2422731272044996,1.729999291054718,1.8241544302733612,1.9853771474314064,2.6901039887004172,1.4711381116850712,1.8188818727973597,1.7196912174864238,0.7954378124669629,1.7963084312971556,1.6013795114758245,2.0961723037785442,2.1871204170751004,1.8039103848086837,1.254346741494775,1.9795950226862926,2.0186035877614685,1.700987751798868,1.5129943907992391,2.234903938285041,2.043617793811128,2.4600394266893515,1.230550194193807,1.4257775319712385,1.8550210737280375,2.793776408109206,1.637137907190715,1.67869877031942
cgSYNK00172,1.5039223210277826,0.7004778376188232,1.3120878593978162,0.8693999408742431,1.5400394881916732,1.0170308511547257,0.8648132216050708,0.3959674296450586,0.5775267708653797,0.787257495157865,0.8338023624691048,0.8925447712371942,1.09415191331,0.849348161219574,1.4169043340102023,0.6909121153184808,1.1901487391669319,1.1618851853297936,1.2247535581113758,1.3885754122446776,1.4156467501923817,1.4567480081367716,0.5485375810385797,0.5632604191968269,1.4538997238576161,0.8707318180333314,1.040067769629685,1.9369543420707336
cgSYNK00173,-0.18285901711288813,-0.2305156796107255,-0.07472433431710125,0.5904956509216611,-0.2718328257434172,0.21791530747518748,-0.6539475932354101,-0.17739027728566656,-0.19533185322184668,-0.12902955950132844,-0.31590805491044627,0.31990610573458106,-0.2066129930272192,-0.21035617172371487,-0.14816811474790267,-0.3432850770692615,-0.133647426836588,-0.266405035513896,-0.17676963468022294,-0.5703929594910752,0.08949526645529392,-0.3801405090033718,-0.14713035279853176,-0.31595726035459804,-0.47921265758582143,-0.19635625377005572,-0.13983311848984573,-0.8906370354354828
cgSYNK00174,-0.7518879603782137,-0.7434467204580136,-1.0190441884609032,-0.5978067757581187,-0.4647605970923528,-0.0040634101825766005,-0.23176303059862888,0.027095168308304114,-0.9191674118552557,-0.42810761632911803,0.3522621168241453,0.08083972679908169,-0.1452228977813923,0.09666933031019578,-0.06520365247620094,-0.3397543763143901,-0.7144813765865385,-0.010831035697586049,0.041836946305559994,0.10788077491118223,-0.2862076195026075,-0.40591765350440834,-0.4553885294308371,-0.7232101994539369,-0.19339071593809373,-0.220558556310893,0.21559363855158784,-0.3598878675235049
cgSYNK00175,-0.9094901466894115,-1.0059748046877175,-1.0426279058279897,-1.1117680695546712,-1.6234969305832139,-0.924200848226181,-1.3308697932659042,-1.4759922412741224,-1.75381150542387,-1.744270295379049,-1.9117720393788458,-1.6618434793987866,-1.1027399039208958,-1.1827586895089715,-1.465135702754086,-1.6727237476728738,-1.4957235168363807,-0.7512592543761425,-1.2517088403185743,-1.088538308717604,-1.0889249268109253,-1.5356479626530468,-1.784530926878411,-1.041113440110267,-0.8093060675008541,-1.1392766872473392,-0.9569265550827465,-2.2410454904712163
cgSYNK00176,-2.104231093644119,-2.591160975321042,-3.6530909045951465,-2.404909112993375,-2.4240179233386314,-3.8279555536564267,-2.167193346322465,-3.4062379411385373,-2.16499238410567,-4.195665158968138,-3.1761657370843706,-2.776883066831548,-2.930662383347689,-2.75065221815768,-2.380091491907333,-2.4978756804705777,-2.0025363651718195,-1.3459651053952408,-2.851616385660591,-3.9143964203677233,-2.501476822114946,-2.4588330445757767,-3.8120487891764534,-2.287587842690599,-2.5529035903742847,-3.551987684937966,-2.3833258600890272,-7.636624620543649
cgSYNK00177,-0.7424641871909358,-1.3577882064557283,-1.3479940015161118,-0.5649832966101099,-0.7752665840695675,-1.3337401716202855,-2.139117711444073,-1.142880530571725,-0.7647674286679649,-1.2681559423928939,-0.8265190711307449,-0.8525917387110413,-1.0931491422795119,-1.278861105725372,-1.1298070710622095,-1.2596325996468452,-2.2257518838719843,-1.1001203028811497,-1.4269147805861868,-1.3323441420903153,-0.9266742452037295,-1.8179191816649571,-0.9422511885916262,-1.1488773532779888,-1.008433416488533,-1.7366153133648683,-0.7491818042040922,-0.7296804167899931
cgSYNK00178,-2.792161896350545,-2.0234079176148603,-1.7220791037644112,-6.127779827081641,-2.8248950823858046,-3.23439882170395,-3.952512256338454,-3.898498635367426,-7.636624620543649,-3.570375415469674,-3.544029773579569,-2.84141627220323,-3.005325385432592,-2.059679609762975,-2.454700473839132,-3.785783541740247,-2.339056919359515,-7.636624620543649,-4.277028829182742,-3.7241601448040904,-3.5687791714729684,-2.6577870089218805,-2.784384006676652,-3.0816291452790043,-2.700227874454525,-7.636624620543649,-2.7056659729047356,-3.8351474338655787
cgSYNK00179,1.1367740103400628,0.8919768796892078,1.3218857825501322,0.8707043787305967,1.137573680729433,1.2037222840934274,0.6624652662074557,2.028636262649536,1.2062552051353543,1.2544920050314656,1.4301119077273496,0.569791196957035,1.2180196174998394,1.3104843021269659,1.8614932819340766,2.028350636953732,2.0095911183875734,0.902330118870978,1.5716567681423899,0.963952629192734,1.1673886175727526,1.4247482604452568,1.7519402450732688,0.8159353220668993,0.9386117394906657,1.7528964111859209,1.414093224090996,1.3353457735459908
cgSYNK00180,-0.11360926321299006,0.8347027302520952,0.25912924545502825,0.5972888766018034,0.5802233721345019,0.8533915450612818,1.120037469705801,0.275443053920554,0.8771449233363383,0.7904183611736727,1.147790415362058,0.8968185585138754,0.8987666018424822,0.8645146560454374,0.6001448473795647,0.693761886036293,0.4273072864749562,0.6812323207883371,0.9939686331440539,0.5954994786247236,1.0883002005616456,0.5141643871219287,0.3962785999731403,0.5746222173813649,0.6351323059645497,0.1853168555886177,0.5939039052476714,0.8585668325807394
cgSYNK00181,1.3065249792116465,1.3010064574958138,1.4134739854290312,1.3225171216286462,1.8057197200880568,2.1012080273423037,1.9439337479034207,1.7203649321516195,1.6180027347863097,2.331393753483907,1.6727396951272693,1.725475808370053,1.402658203865421,1.6935224816664753,1.1287081660316531,2.154533211218677,0.9768978091090567,1.2870080506847354,1.0358108718227332,2.2702000672047635,1.5485931972192444,2.0849412852272495,1.7724289365639108,1.3503642622735743,1.7574888093191103,1.3918567130612853,1.6426109654337775,2.3044759383694915
cgSYNK00182,-1.4163350224280324,-0.9367917562101653,-0.9014815631787504,-1.1930261627703596,-1.1136531792897075,-1.5280157957708649,-3.1003197529526174,-1.4967570973096036,-0.90454710948951,-1.6194397641908942,-1.6314842912991199,-1.3088508864460209,-2.76446390769201,-1.0514378641511397,-0.879685271973462,-1.5867383297556874,-1.2930497864184292,-1.1831225727934855,-2.2291525558809417,-2.3611111232186484,-1.5487578176491021,-1.5783948867983915,-1.5663905416210304,-1.4308897046315114,-1.3161875600054702,-1.0955590428990005,-1.648711497129991,-1.8771136942845577
cgSYNK00183,-2.028179873605175,-1.1975842585327596,-1.7689273718105936,-1.4665956165223464,-2.4940774988492116,-3.403608843194337,-2.9905441717293315,-2.0353453362163383,-3.6782630192456174,-1.5571012098719978,-1.8366434976049142,-1.426787637769219,-1.3852374395824232,-1.29845997340286,-2.337007109034524,-1.5896526928515728,-2.048361028870843,-1.8510192776183196,-2.266211750519165,-1.449716100445136,-1.7182497823203766,-2.6839034188673727,-1.5604534064385522,-2.434706027420432,-2.3541558144888644,-2.620527347599345,-2.0742934454335793,-1.5356720396517058
cgSYNK00184,-1.5342635446772366,-3.0171742206577914,-2.950382614057676,-1.60688505634421,-2.857589421316114,-2.9650072993517957,-1.924310460662459,-2.48614823193726,-2.8462805317688025,-2.1971666166668955,-3.166226032073233,-2.6088020273209023,-2.268952906984117,-2.0636773128660493,-2.2188126033708078,-2.366282731430286,-2.0257629413848166,-1.8872928098322161,-3.242204277441206,-2.2704841363057917,-1.8802006714171222,-2.2245748628826325,-1.573974356521204,-2.3705825401130505,-3.1069740693088366,-2.945589625821111,-2.814672893067518,-2.8535609194632445
cgSYNK00185,0.4107357449129055,0.17244736602121544,0.45038669938794873,0.33884674832183176,0.38552760117326057,0.014626147611033579,-0.08014372161153985,0.13734336558750881,0.14481741255867897,-0.17404024490041475,-0.6206506258458446,0.11859774505597345,0.06142682758598609,-0.22576254651139,0.45656249949074995,0.0908833804213863,0.766214986691836,-0.03489791517536465,0.05632654636292095,0.11893741386246269,0.18253999966208245,0.5455243223566888,0.034957599325638855,0.0670351260529294,0.6191634140070524,0.2869952312104941,0.2720283513079304,-0.23367971085792694
cgSYNK00186,-5.170837507871482,-3.4108469447976377,-2.532627973261721,-3.3090004175423293,-4.212677144988014,-2.179967177975274,-3.6903090979804105,-2.4099084526821,-4.67083167482823,-2.532138311951183,-3.42702145268211,-2.8066994281025544,-4.492657857892785,-2.3433256880149695,-5.780477623153921,-2.895667658398357,-3.0346675248048465,-2.213414489009553,-2.9772599647853815,-3.277301196576156,-2.8345067919768576,-2.761861612822888,-3.4755625278694455,-1.975063089825742,-3.322213713960129,-1.3014174457428742,-2.256746326170898,-3.2811850739454242
cgSYNK00187,-2.2344187047284403,-1.8054381776067387,-2.2885787188780604,-2.4199084853686403,-2.2522856699530687,-1.646389605103322,-1.6609388672788996,-1.4860458301170594,-2.3005693341672515,-1.5983706329147442,-1.7271799916797492,-1.575309837401214,-1.4748407391259992,-2.0790227169336895,-2.494160394390671,-2.000410171039352,-1.630562323197373,-1.2703369254926702,-2.166276418525292,-2.363285063949191,-2.2208155823265945,-1.7771099466080318,-2.5763542583455186,-1.6305739099653844,-1.946590412805948,-1.8698292325528527,-2.6600728616394442,-1.8662668119558354
cgSYNK00188,-0.2326957415821927,-1.0201611348104085,-0.9366224700928126,-0.37419214757839464,-0.7551409256434523,-0.1923443839658906,-0.6292625785821891,-0.736005519965725,-0.2132571453484302,-0.8463892447229323,-0.11925660942497185,-0.075530018011292,-0.5737067321342351,-0.3539340973062049,-0.12478948923719341,-0.35810494485246946,-0.4933504623764498,-0.4616962859492527,-0.30488410945135885,-0.13045468973171823,-0.4119934082286471,-0.8196425901371117,-0.8623053171162843,-0.6255691047202213,-0.4169170669570709,-0.6229461894919485,-0.13049622864288485,-0.6446290327242312
cgSYNK00189,-1.3208701762773505,-0.7301331326971736,-0.4522584283781108,-0.7658718941319086,-1.1867642002108008,-1.1415836337529874,-0.29379833883288853,-0.6641457328379305,-0.8559423676887192,-1.038225697279108,-1.0077659177878024,-1.1032067491988324,-0.7031339928998394,-0.7666933244092692,-0.4417267611090494,-0.4344372189963901,-1.0840321514878326,-0.8902064234032598,-1.1844462407882985,-0.526106275891763,-1.6041767310307276,-0.8425626097716524,-0.515221136153778,-0.6928914568307548,-0.2669395243636916,-0.6807241617963148,-0.9409460940113902,-0.4811607245782491
cgSYNK00190,2.066259350644001,0.7166619693008822,1.6918144476147108,1.1722590987336319,1.505929301286559,1.4568599120466992,0.8439094567820846,0.8595239262575799,2.1982233508097635,1.8391481829162508,0.9860952954815811,1.2239718102696988,1.0291815438767384,0.7487768995317794,2.352648363469829,2.5935653517328245,1.4515214320124254,1.7644916189776658,2.47027543645952,1.523401126979471,1.0236194980265332,1.318678518953926,1.454015245712506,2.330531051517302,1.5246195578990291,0.8618720978815241,1.1658135797930935,1.7070786291411726
cgSYNK00191,-0.17191978943530467,-0.32658273827399636,-0.02273384337919175,-0.03110133350745148,-0.062110651243289856,-0.292833303323685,0.10281420192129612,-0.3201323118559232,-0.24256582821323702,-0.2907678255591003,-0.22570320307154082,0.5721646533765331,0.2601114101912436,-0.16977889898629356,-0.367639931201035,-0.05023198803135956,0.2890540331472929,-0.10659680225756811,-0.5827344590929814,0.3696830494279701,-0.3469642951814152,0.4406905758678893,-0.6195274962945723,-0.4433219584923788,-0.25340389633474975,-0.18076061649232733,-0.3181973823393154,-0.019335959242293286
cgSYNK00192,-2.1189627651893543,-2.2329480165496034,-3.256273355404176,-2.9382241446618242,-4.153610165557997,-2.7872879480270343,-3.0860540731805317,-7.636624620543649,-1.9663877089238933,-2.713549293852935,-1.873532037584288,-3.1148722367193193,-2.7247458124782935,-2.6747110674482792,-2.877649317558184,-2.876468478149574,-3.022085333427325,-7.636624620543649,-3.0065851610915306,-3.115201611720251,-7.636624620543649,-3.476528110195559,-2.6036460518659004,-7.474518614928794,-2.6730186261178575,-3.727328803611701,-3.0221537181216442,-3.831932953116059
cgSYNK00193,-1.1916336782780619,-0.9822274964251468,-1.1221204163889165,-1.0655390198677683,-1.4105988716132765,-1.3454284385664308,-1.6686019115603015,-1.133200892602641,-1.5056721775930946,-1.0053994056688396,-1.0339892819110221,-0.8293483038453358,-1.4590389282831417,-1.4508470840404504,-1.666244191002398,-1.3237058831996882,-0.8442376644165585,-1.3822469027027362,-1.7376966147992738,-1.8271250910699366,-0.7160520069154931,-1.3635106316921197,-0.9117029978156943,-1.1787204569584981,-1.3819837163072626,-1.3858317835115659,-1.3181297055710093,-1.4903365224571101
cgSYNK00194,0.9525801725189887,2.168413975649182,1.8817362862523133,2.2966933159236547,2.0299555347683733,2.370996322561873,1.2103014193366723,2.6385674054112815,1.0713390614296021,2.8502294471253253,1.5723920188664835,1.0886871279511214,1.956175604754428,1.8843598860417348,1.5532693108522586,2.247505223954438,2.33088974645874,1.8529962706360426,1.9350355897635272,2.6907650795002733,2.05579512162955,1.321487556520491,2.098198006519223,1.6561275106099926,1.2831688205458138,1.7483896620328474,0.7871126031362895,1.5310794923497983
cgSYNK00195,1.4867199338511614,0.4381930459331802,1.0405867329042016,1.266616853734377,1.2915847966878038,0.26909836332399456,0.9691756013472077,0.7038539984410662,0.8147090970998965,1.2168443040106167,0.9934624985926122,0.5274005689930741,1.4296214352212973,1.0625654023135955,1.2970083888663715,1.613031651996686,0.5139129821817333,1.774608394231602,0.8562338939524871,1.249479470252373,1.0138339937662764,1.1611931888081461,1.1188942205142578,0.7453420482163943,0.7713795163269911,1.4988483593005129,0.8387442880806377,0.6884023923859507
cgSYNK00196,2.660111857743049,2.76553374756896,1.6234082353507089,2.418096870358805,3.075562641122301,2.9102549565585005,2.973052160418846,2.427316501110233,2.3851930331811473,2.5961973844785105,2.9805674980198558,2.6674792628311526,2.8106048421865544,1.5818867006419841,1.8486848323595728,3.3549924555421646,2.358020916599579,2.1799314718710123,3.4575277963009277,2.8892326636734906,2.894823264574629,2.9486337297587473,2.4067085181327017,1.7448304052090513,1.7004659048651931,3.2412779058795818,3.4733983834936937,2.2430087795758076
cgSYNK00197,-0.14820835697015314,0.5562728652654039,0.17506894632565914,-0.1561752412076166,0.42258404555917317,0.10072107213130131,0.34743287956364893,0.08184537648968328,-0.18007248303852527,0.5500251091189331,0.3072999368545087,0.2978215833268542,0.30433705652441556,-0.27315181904927793,0.6900348191419239,0.2657135372829737,0.5708484511123363,0.7166797632572206,0.04234103923649822,0.24797763413452265,0.08981541722590383,0.10918145603969737,0.01871224132802927,0.5368968271956723,0.5203531598108739,-0.10741797938759844,0.5146617925266409,0.9724764362200419
cgSYNK00198,3.2367868751670383,2.7182998419809743,2.1078578917373423,2.6478107290771664,2.9188433170099883,3.500059480896583,2.087997367815494,2.5008539159084147,2.276790469765237,1.8664597172702797,5.253121716912716,5.8320497537128695,2.4163876907428388,3.733484243491169,3.1071260904656577,2.3686478192729314,2.8858051188753864,2.6329007408870053,2.630430015386309,3.459508267144988,4.384041034779853,3.120243592363788,2.097339010294485,2.801804729228087,2.9219503401839053,2.2529796025202837,2.9005002289097805,2.220439922963995
cgSYNK00199,0.33675191201378085,-0.07909461989024294,-0.08975681764124291,0.5801062501385694,-0.24389547102280948,-0.11581540469493563,0.24393933472722198,-0.18940172953937168,0.20150127727818912,-0.5220694535641113,-0.1625461395389174,-0.4408173012905147,0.1465819944394282,-0.4284287385306947,-0.6604118978179953,-0.08002842813159533,-0.445764918325034,0.043892716009357985,-0.23843912833827946,-0.3608009078853265,-0.08433802376015886,-0.18593122195880726,-0.5051785021501901,-0.8267941884712737,-0.19117431704108206,0.5916747854536161,-0.59601575019519,0.17773828645246573
cgSYNK00200,0.16661080781841367,0.3591169508892498,0.5557494509618575,0.04726972823621835,0.5164996643996629,0.14559482742478222,0.5975788129386055,0.47969899006425487,0.44729946796848685,0.5477690279275103,0.3886926172544478,0.6143333517927931,-0.081147924649404,0.23224879531303116,0.373053532309437,0.9185978687805212,0.38488688497256757,0.1707335101289327,-0.08486088432671274,0.2780094814653081,0.5540730777026219,0.3538327065448731,0.11131265483019263,0.30256564442569134,-0.17256672525920974,0.061485947534607996,0.4548642035825313,0.4357549247053753
cgSYNK00201,0.8703524886983119,0.07646695042411268,0.5245342614791395,0.268602782086645,1.031080168289106,-0.13260680118666465,0.25897074411619475,0.33808197369751064,0.09593208130021674,0.1836798639732514,0.5589476892930278,0.2857348420319653,0.35176815668702993,0.6287885760060102,1.268740591436971,1.0782721073529282,0.6881008166428872,1.0320132688452108,0.35822130522469764,0.5684077149509785,0.15526393022323787,1.0905141568350503,0.4655951282149202,0.8057815412960783,0.9810981049833397,0.07099761431798644,0.6905431142627297,0.9494438573869596
cgSYNK00202,-2.0190976870723722,-2.588600116630978,-2.108429601375586,-2.1406152600400414,-2.63193519336295,-2.272425912540822,-1.8120611817499885,-3.625161271791501,-2.197129454819211,-2.025034658540853,-1.4669609849836693,-1.522664919905788,-1.9701151124890484,-1.7942036542353377,-1.6147126699300374,-2.567883487864315,-1.9126011143500865,-2.1998139472937024,-3.0558570125637328,-2.9532077829712384,-2.8386323790730734,-1.7972588207062552,-2.032850240061069,-1.8798782174796882,-3.267616152868523,-2.7154097281000182,-3.069589984789946,-3.201402092046683
cgSYNK00203,2.3005766795864293,1.3311350364190113,1.1078286336248724,2.425055732242678,2.3133963588449027,1.741820155316148,1.7341589816553364,1.67595859535005,1.2586011817184108,1.3217508039807546,1.5222669275578014,1.3252512868537965,1.9088505148346977,2.1319726353831667,2.1500739099257045,1.9904428627435322,1.7081603442856879,1.6279414629439326,1.2757106418192774,1.000086229026886,2.002846614307824,1.3306104297523773,1.1033574106696091,2.3113022109169092,2.2396096426786802,1.5387485964470375,1.5383302243253694,1.749203505732759
cgSYNK00204,-2.2466736045369213,-1.61841239062983,-1.9900669020460526,-2.9382331814160993,-2.5208152511512867,-1.849017793515565,-2.9617866078699557,-2.3375627297921233,-3.4401904013900695,-2.200637826397063,-2.499510943358452,-3.106493913266212,-2.719599465774912,-2.3981165163122853,-3.3908942215722813,-1.9214445132827358,-3.507044558460249,-3.030289718356583,-1.3262339822325289,-4.2579385066552025,-3.334578584491817,-1.6191189034822886,-2.0778231319703444,-1.948091195188193,-2.1988199742027814,-1.9222021899648771,-6.039103220575452,-2.1314432712034495
cgSYNK00205,-0.39261109626457724,0.31470478180679684,-0.10137105636697548,-0.436009997544869,-0.3284373692131756,-0.319426332720895,-0.09789165327954459,-0.6304377824170073,0.15103464992246704,0.19422443862652225,-0.036346468759790466,-0.2425268557513519,0.2628298860879617,-0.24062797832524016,0.0071844229578631935,-1.0645104816988196,0.12351654111013695,0.1032130317140215,0.018743159956067703,-0.3348189599804618,0.24390739508424,0.14426383974773596,0.3887609078068971,-0.6760578927024918,-0.3380234484362354,-0.1618533283977484,-0.4301299472594974,0.6002935352548013
cgSYNK00206,-1.4242474343489633,-2.7664693911868152,-2.0213227227799857,-2.4579934696020107,-2.0689011661801024,-2.0649331643367534,-2.1303536880481344,-2.265888301185784,-2.6491022274053333,-2.4029672821038446,-2.0719406069010433,-2.7621086925897402,-2.566793102967778,-1.4537987343980454,-3.640478985514324,-1.5287569219874364,-1.1423900300425631,-1.7614451169568948,-2.4850581541561723,-2.462366552378249,-2.378116390492933,-1.4518870844738754,-2.018071205553517,-2.3328688648276565,-1.1703392073988372,-2.8646005137417134,-2.538080732219474,-3.921346348426198
cgSYNK00207,1.8307863536310025,2.384100717161597,1.1442261377000407,1.658944833740134,1.18817474845468,1.3983924368917722,1.9497072174931782,1.59730992808254,1.681486245424631,1.953324192343629,1.3178859090608792,1.5549300095893743,1.400036799489387,1.616937239237482,1.6849273895896604,1.192950498522238,1.100740481921395,1.6536486865209963,2.3509871834563763,2.2735932359676836,1.297998945716001,1.2584306070482425,1.2294874489809826,1.9228687103829145,2.8348041949240415,1.1842179214026276,1.5992905681829817,2.501584192418172
cgSYNK00208,1.4630476017381289,1.603948104476236,2.000660616866488,1.574084763800385,1.2114925366697586,1.563289917426242,1.4723382459588548,1.760200263726537,1.852040576982973,1.4370228989476448,1.6446878157930962,1.6811141260704694,1.3089406008210525,1.1244278841097402,1.6479361287802854,1.832061468566297,1.2297563504582025,1.3382406807266192,1.4572234684822583,0.7914367602032443,1.6357630949455024,2.3251819137866585,0.8485893363931718,0.9475129402607714,1.5274494030734402,1.3356390460783871,1.721366210797954,0.5479749658140195
cgSYNK00209,2.394079214729445,1.9021654257925282,2.3575112315087465,1.6206119715538427,1.8378969504586662,1.8196837065272888,2.356454986187997,2.3730345042598917,1.7347030774410188,0.9442790934805299,1.4211398256016345,2.0575086983508046,1.8677974647652507,6.59538487929507,1.7469966278922768,4.2922193973012375,3.307187930488019,2.0218372108876665,4.836669231940246,2.8208411796084247,1.815496997297367,1.9960751323295547,2.358254584066175,2.704303523185124,2.3451691329942945,1.427446597217148,1.6783389980943508,2.748847888807572
cgSYNK00210,0.6369765379338678,-0.21022603685732652,-0.21358431162919753,0.5525104560241557,0.4743496478164104,0.10696665244119359,1.15641237985006,0.520851640299462,-0.3107609127331462,0.5020619969206762,0.9400883986906285,0.8049453284095436,0.4450617352010745,1.0426083462973592,0.417912457283362,0.8036151910142062,0.2998958100516927,0.24698095825912117,0.6902116310568751,0.23684916403025896,0.7207509851439737,0.8386131748892738,0.2314455702253138,0.18563310609494815,0.25154386819603247,0.11747641125691427,0.24332356347204526,0.1781237366557503
cgSYNK00211,2.4728656074248003,1.2813758863498736,1.4487854331267065,1.750109036148354,2.1365887029064417,1.4208267901423182,1.1625613569853348,1.8564628993931795,1.6902081416274748,2.413141579323538,1.4587012307281848,2.1019780696255475,1.8039441330998331,1.7965468974420753,1.5126436555234313,1.3709201083700437,1.9478510997408933,2.2156296401622875,2.1341292901918543,1.212027414240013,1.6745423379478914,2.3394634896066373,1.972378521465671,1.834789167243483,1.5552205941441881,1.1496695130784247,1.7554067343716422,1.6230686541166548
cgSYNK00212,-0.8545372885852616,-0.25311705012058155,-0.9419939546180123,-0.29207529530958143,-1.0230594186555861,-0.3676641361370737,-1.216586651326798,-1.1081944969282924,-1.334508525369138,-0.5545033026810054,-1.018259003471104,-0.9434539259918727,-0.39944936664878006,-0.4016268494976893,-1.333433596097994,-1.0719831105885103,-1.090294758906178,-0.6825592412932254,-1.1637630247706514,-0.8336723327392912,-1.896148898992494,-0.640400484746863,-0.8413823287407316,-0.9218758277257986,-0.9869139626037636,-0.8001526441066528,-0.7670900723472471,-1.1931800994763269
cgSYNK00213,0.8026877581296104,0.8459151606263228,0.9307909486063033,0.5998512959882646,0.17336452310439496,0.7542445776052878,0.20862591247859869,1.0806947868138126,0.37652180174797645,0.4842518583933274,1.0413340824281407,0.9523189907766968,0.5316679489213689,-0.004660930149007438,0.5272034018174997,1.0579629770401313,0.09217159388379652,0.6058508882965797,0.21247743693607343,0.4719693475935036,0.5065201064361857,-0.31181532563820585,0.5262028570532532,1.5866718048675308,0.9741939597801241,0.9149234162249505,0.12379085008646284,1.0681598911874093
cgSYNK00214,0.12507503557856745,0.23523000524074913,0.045671707611459875,0.6065070019567761,-0.3152529596561201,0.9635028912255292,0.6484403025884793,0.5983007520847666,0.28213562504897355,-0.062197812438502566,0.4542924290185544,0.1416251925229777,1.007606690014454,0.3089469781227692,0.6307797851701564,0.44607846741173574,0.008547568978233265,0.11320958306442853,0.14807708268937442,-0.04433200328276,0.15627805421686922,0.21334857011032718,0.7412974521900082,0.1576682044583757,0.4214217940016419,-0.11170207409750768,0.9890488900027548,0.8169269068719978
cgSYNK00215,-0.9674981264925094,-0.5785846637526432,-0.622185767674627,-0.37731722361640835,-0.5370480634504573,-0.14435360300090094,-0.17828245949983307,-0.4269878939559362,-0.5429939426949166,-0.09408362801729347,-0.26846760218167964,-0.5331264244441412,-0.810076035926237,-0.18058614233999487,0.03780133846980591,-0.6164580051842217,-0.0813966027508653,-0.9646488772968,-0.4187019810335677,-0.4602250872970716,-0.695128951769404,-0.5521737042483182,-0.8335064691262677,-0.4663008668573647,-0.8825287347981793,-0.8202634970652856,-0.17213877068007966,-0.4480780331992081
cgSYNK00216,-1.465381638829473,-1.0194311602155184,-1.4370953671618274,-1.6004809254733041,-1.741658356527491,-0.9424819146453335,-0.8552168189147623,-1.3344322004943716,-1.0189325431403136,-1.8159463375727605,-1.8400577747141504,-0.8820328304793031,-1.0556867028505676,-1.3617972213412177,-1.5061765085179224,-1.6301480077071806,-1.507717510534842,-1.5220529176558741,-1.9402450787986922,-1.2671314753058514,-1.654734535691431,-1.6906457079882236,-1.4822894028873208,-0.9247273375496827,-2.357036372749277,-1.4192662022774014,-1.6606231465185421,-1.3205364553016448
cgSYNK00217,-1.0581165724099704,-2.524102919337797,-2.1329471059524834,-1.2717298502210546,-1.690523369611605,-2.2720734312614295,-3.238193817528721,-1.175686962456563,-2.337147925867728,-1.8888380782600211,-1.5177019147724518,-2.267877850813511,-1.6222695366607653,-1.6375057167779872,-2.1880340150962425,-2.6686763441750574,-1.9936916799618019,-0.9861145941157147,-1.6906234458073024,-1.8077341863709435,-1.523315267764474,-2.203733540849796,-1.8637640662885189,-2.258352171752797,-3.3327697454586165,-2.3419004620667496,-2.345688675044369,-1.7334843368568564
cgSYNK00218,-0.04215664359123615,0.056806784129723134,0.5652561579850087,-0.08536002080584199,0.1174454201388412,0.2434186815188673,0.6303168957661243,0.08412291333349363,-0.3569015400628077,0.17568077254347264,-0.00964238936691902,0.49543392066371383,0.4770223094395983,0.34237285244765225,-0.608358371492638,0.46553715638296367,0.0328299138704804,0.08374186054796891,0.4192485629684173,0.379984744730431,0.7125377152646933,0.007534149828859444,0.17421724444130188,-0.19466045875562443,0.800942684788275,0.1197736220648223,0.3679203260914869,0.7224031913173963
cgSYNK00219,-1.8876514570866065,-2.5785925121569364,-3.149756431422277,-1.8948661098029707,-3.2375447246600397,-2.7285057843278158,-2.214701174372802,-2.2180666030334204,-2.7386407237522286,-1.7042837885669808,-7.636624620543649,-4.000227405276576,-2.80902740768482,-3.0999763084666947,-1.7773682224104002,-2.7936613437978988,-2.1602058247844362,-2.4203229774552337,-3.0803005946395166,-2.1605453718664047,-3.460574315686863,-2.333433642892309,-2.6844305665963337,-1.5065069540432325,-2.568038025070873,-5.486461383045897,-2.8006209327727327,-2.0147755697855794
cgSYNK00220,1.7094587152182426,2.081851734794311,2.7642687560008374,1.6575626125466916,1.8824200272692309,1.9894897500743804,1.6230546670949522,0.8929504216600624,1.849954796482297,1.5000078320280306,2.748050709461378,1.1300307030198675,0.913327879933079,1.5482011562459588,1.5762034729620331,2.1117444580768496,1.5521255031822876,1.1160531026927454,2.2017520871941154,2.277269265031026,1.1636913379421963,1.1501743563838827,2.9335825939483824,1.8115359081570692,2.6265892012185335,1.9359499591076326,1.9868877087585433,1.9554781473586038
cgSYNK00221,-0.807719096875102,-0.5514111270465408,-0.36293737784790325,-1.0920880575607443,-0.7290670899980827,-0.6975324446201605,-0.6799744207967018,-0.8196174888350033,-0.47787257072330946,0.0037339541695698922,-0.21825584673161477,-0.5907782919737388,-0.20267111425020817,-0.630120963761355,0.08644975815492972,-0.7209606366840605,-0.30566487011071003,-0.9738640773507352,-0.3385305015137721,-0.6163498876992431,-0.3703530503473991,-0.10052096197165618,-0.682527000796695,-0.5068464008821086,-0.8060028602901331,-0.4573961187736173,0.14310543510360846,-0.04159191021614181
cgSYNK00222,-0.2157644619430848,1.0131476220880415,0.13952461608792735,0.5690132647233923,0.7201944428667446,0.9464069003162299,0.24087670961991836,0.25074285536052415,0.10940541680028723,0.07837081676975015,1.1248000776520815,0.4415870645743777,-0.19232946385479208,-0.30493093018285683,0.20325750560137595,0.598395503154511,0.9374370102344963,0.5820030165996739,0.524405097687265,0.1328533942478182,0.22590147685356932,0.47872468514627353,0.6202123858247931,0.2074631215058944,0.29540688436313156,0.816659861902246,0.6402650618754777,0.6730103565322649
cgSYNK00223,0.45180291493623587,0.35779537230544517,0.41750898856843244,-0.525881838715877,0.4428079804746435,0.2942010808933271,0.05524695080997825,-0.14435036503139928,0.4561416215394145,-0.4262223330557198,0.1837375317729072,-0.013487488658743399,0.17702601393796005,-0.3610657440546361,0.16628861977169482,0.18116920055710173,-0.3957761826732635,-0.18268635051990303,-0.2464497469623213,0.2936946123136999,-0.72807998386011,0.6473284250377601,0.011411542033099156,0.3906290151983602,0.13838394848088614,0.12241908911808509,0.5076414284655905,-0.12397376738940927
cgSYNK00224,0.805892484060725,0.9361464725991901,0.5390400326274217,1.0821626352294385,0.7423382686309661,1.7947996109985576,1.5098924501681519,1.1195904377131405,0.9692840024179146,1.0990401719533553,0.5128933508968385,1.2134770898453675,0.7557627358545517,1.4759575051249834,1.0327277429154287,1.2759939830379172,0.5231506987279034,0.613064892587459,1.1716656776797074,1.2880100424154417,0.6908245825173794,1.454954014662578,1.2655343487514925,0.8074625730549135,1.484353712974459,1.2409925363687995,0.9482204653569462,1.1039719426998647
cgSYNK00225,-1.0254869500728343,-0.14665529132518107,-0.3740516153238541,-0.2778782393527085,-0.7303180692256744,-0.8322216372422695,-0.6423925667229857,-0.419363606217336,-0.27344134047788166,-0.5820503781462896,-0.7263427749659489,-0.5067445513035844,-0.6178533449622197,-0.3922804927537667,-0.5544325254126045,-0.7457376252294425,-0.6060979851525629,-0.6575709012289024,-0.3401971787040494,-0.19598480129784454,-0.5406511981713867,-0.2018199983744096,-0.22886245989042414,-0.4461778673950367,-0.733713604331921,-0.5433861556139826,-0.711108033173024,-0.2948325558397574
cgSYNK00226,-0.7786974245278268,-1.1765974247638542,-0.6265803606240659,-1.1867491930890894,-0.9161077375333985,-0.7715847489304847,-0.8722529499177164,-0.6578193676173547,-1.4246447593242848,-1.1528605033146522,-1.0434758559614383,-1.4556721910991415,-0.8089456343454459,-1.0623351427300334,-0.8581708782725277,-1.1432062725262668,-0.43338374694368337,-1.2441480284516087,-1.5393399875792586,-0.5143161247047896,-1.7368223613479807,-1.5913655119707624,-0.803328871429978,-0.7433209495659129,-0.8706468821392828,-1.3979087657920435,-1.3370903446145797,-0.8039191024686201
cgSYNK00227,1.787940968585486,2.10900326195157,2.2140360057313138,1.8293060301341195,1.998822058351053,2.3460874679132004,1.5747913022146824,2.1828151876319075,1.8419334455664453,1.9681790456781614,2.3020811756758395,2.0045341568471073,1.893970892606911,1.751653968740445,1.6181382380015035,2.312579461779958,2.6150154679088655,2.744038413820186,1.950315153411674,2.053942916838427,2.5088261476751343,1.4764984922419504,2.6304875525314677,1.767981698389846,1.6555197146071952,1.219858194893269,2.6970078147477143,2.32238871506636
cgSYNK00228,1.923524244279035,1.718131074694013,1.4967985812914701,1.5621295140862785,0.7404329311523982,1.7976934666473487,1.8586236779291854,1.93397027898242,1.5432471628398314,1.5020406015492958,1.9500093591242111,1.9607147766521382,1.333539605508821,1.6101602995831754,1.6163778308668952,1.399271435374176,1.5905439509810253,1.824869941359625,1.7788957932397165,1.5863435260609688,0.9620079043258795,2.2013237984784886,1.6465052116499654,0.9656593553600255,1.8417982113897218,1.9977151701783804,1.0364621965495735,1.3937608734422502
cgSYNK00229,-0.6947342321363669,-1.0889356549851847,-0.19286859770170273,-0.9423997112132784,-0.8661984763817879,-0.5443596683944284,-0.5502581626514471,-0.3784556752140592,0.05786172703816267,-0.5027295491620037,-0.8760749676472894,-0.7385454331998403,-0.2811876942390368,-0.3774847438843116,-0.39581466116987285,-0.6532065571688465,-0.37892668948029606,-0.23209635688150265,-0.8452096969132014,-0.9143282422733467,-0.5366540995742883,-0.5211942252863792,-0.567211913037746,-0.21031778783775537,-0.29547033660581723,-0.7206164635795255,-0.537657829281499,-0.5432988827697592
cgSYNK00230,-1.0728607349824884,-1.0948421656262703,-1.6484638225706565,-1.108758793151645,-1.0840281937909326,-0.8499768429773135,-1.344830762728401,-0.5091737590050561,-1.1976190443356691,-0.7851043553546357,-1.3580500449097148,-2.0082241757322965,-1.0399682528932754,-1.488025232932777,-1.1446059363364842,-1.426524242787164,-1.3400708402787866,-1.264865182519751,-1.904876029619254,-1.1284633394585695,-1.1824990450686166,-1.0947459630233725,-1.1952095837211012,-1.3332512288179348,-1.249341968743768,-0.9657392808504051,-1.248977702411972,-0.7268247938393524
cgSYNK00231,-2.2609554783187433,-1.41815562218534,-1.2681827125185905,-1.7427354325404438,-1.6692752203671677,-1.4622364976940303,-2.1035900056045853,-1.2926549019132059,-1.3754639313103063,-2.321455504740768,-1.5125160051112634,-2.969071529384109,-1.186167156122422,-1.4423141543052203,-1.7681636636261882,-1.501762555009754,-2.0328001291259916,-1.9340673371520227,-1.3087283915109127,-1.6208512245883628,-2.4731038003137997,-0.6997224256002833,-1.7304715219229871,-3.2862891663265765,-2.3606235584325663,-1.23023823614697,-3.4035615414130653,-1.1773004804901148
cgSYNK00232,-0.3275101859854832,-0.3028018962063727,-0.7116466052867916,-1.244135081341837,0.11628057135585512,-0.22060379997003715,-0.5879353534559397,-0.10497105172760848,-0.7392612411022912,0.314604083913608,-0.4399084937379029,-1.3100606601458367,-0.49850738190319516,-0.07717878789534403,-0.1583618885447599,0.2770247814864416,-0.5514752760381679,0.10262347565217676,-0.7192285205382574,-0.49331143768552826,-0.21046609367098812,-0.11977863694447828,-0.580665425260252,-0.8365558682592353,-0.3362475127213483,-1.1779775001464607,-0.15800076047714565,-0.8912590905994326
cgSYNK00233,-0.1935561543791659,0.5641382417035133,-0.0034418697487463026,0.46546908433539314,-0.44981361503357886,0.2902292294595611,0.5602059404342256,0.4479730640606138,0.5345576698519492,0.0696502825675547,-0.10058530205819466,0.17916803440545206,0.48068754248194245,-0.05795003206467398,0.21070334318044273,0.5879611728063401,0.7995002241242359,0.19566444797879087,0.019207579860510835,0.5895741633967101,0.6023423060423609,-0.3734822297215041,-0.06573503876559053,0.0009485229392243899,-0.19199477053739938,-0.2880817068881603,0.5959370225982105,-0.3482302365134564
cgSYNK00234,-0.1822599386112016,-1.315748577518047,-0.8528193598684652,-0.32963262143729577,-0.1289540142463629,-0.9790963808086147,-0.7929503279517552,-0.47296460610200763,-0.39111324429934974,0.1558401909453816,-0.6558767966763057,0.04568317809458852,-0.04869140514793679,-0.8213855091483544,-0.1503546086076519,-1.4313766111217567,-0.19114627647433077,-0.01908435090242939,-1.3025475654351286,-0.9361001491044627,-0.5850092964891056,-0.6333250185866421,-0.4211329181063448,-0.590970201175786,-0.8000762881176504,-0.07581258595621534,-0.3578292597806171,-0.08254834035502923
cgSYNK00235,0.500158718247265,0.0836860040314755,-0.3301409131375576,0.13151111780977914,-0.48142013161178016,0.3501670961357545,0.10022891684739886,0.006593002615843685,0.4123917857537225,0.16884074916897696,-0.35897072578903183,-0.042635475948285644,0.48459779636376693,-0.14987734693457003,0.24043428817607862,-0.06247624024134421,1.022553825448495,-0.6159305863734992,0.33192662279550056,0.03713890403663899,0.09342997393464336,0.09284469696034615,0.14459932079833585,0.027358798245343832,-0.315896122275155,-0.03864594136626695,0.38551657480523854,0.07898423960946072
cgSYNK00236,-1.6664026031897887,-1.7685071051442758,-1.6441798285643474,-2.4193079795145076,-1.9369060150224457,-1.8745228051598968,-1.6972697413860407,-0.9900293859159497,-1.5765110988858182,-1.5387108341984523,-2.3500341713036352,-2.264057990016753,-2.9734115650345205,-1.4983045830503903,-3.606261713097632,-2.17063129781655,-1.950335550192654,-2.150108631600406,-1.7362342795414138,-1.9809144430394168,-2.5570599446525164,-2.141103311534094,-2.343061259907306,-1.939279087034804,-2.6175002749355847,-1.8882498321884535,-1.5703620612122886,-2.855363151029615
cgSYNK00237,-1.72416825786675,-2.243514871616708,-2.446752516387703,-2.5126848875252787,-2.8934072975562066,-5.08664204415313,-2.9124990425615414,-2.7581642400674866,-1.854414341207963,-2.7570275914824944,-3.250456299907345,-2.7395050600282422,-5.080739784668407,-2.728406334120712,-4.801027486359128,-7.636624620543649,-3.3056592812418066,-2.098479567704297,-5.12722831908732,-2.8794499754399365,-2.4198440012653673,-2.871174448395847,-2.8402389325487087,-4.3213978296708175,-3.175245916113257,-7.636624620543649,-2.018442084653305,-7.636624620543649
cgSYNK00238,1.1065564337777172,0.8259828304679961,0.8484091033241847,1.0069810994007475,1.46985714044742,1.4001770336481552,1.3136628532946721,0.9551253646408312,0.9312002144023457,0.9370149592759227,0.7021096193174245,0.7976848735859157,0.763447043099859,1.2018423089027914,1.3124494224147987,1.5944411871913604,0.7270644282697688,0.6978625091962166,1.0202439728326165,1.2808849723996314,1.646046139279754,0.9493198161394686,1.7633160226773708,0.8985733083909506,0.2514516136282595,1.0932175851466226,0.8560627182931989,1.1293047589439038
cgSYNK00239,0.9443392295518682,1.0328970527025154,0.8439233160894076,0.9588549455267068,1.0318151319229403,1.9732494197975814,0.9710993219323619,-0.04320771637715172,1.0055356370197621,1.0051165437758853,1.108221246984434,0.6325259920388864,0.918760239850951,0.7924039870411078,0.9583360640085727,0.6484322277228077,0.6192012914472473,0.709374476981076,0.9158576376664974,0.9069310835984314,0.182187826992636,1.0472004778025,0.8930753736310604,0.5814153336835434,0.7741813758293841,1.2432054268701127,1.5706816143164235,0.9102881862480816
cgSYNK00240,-1.13576784660873,-0.44204375547935437,-0.9363857271216814,-0.2892892786942325,-0.8774456162462756,-0.9764966192812333,-1.8325911337221206,-1.1934006131251613,-0.7313854912328381,-0.672825296168723,-0.9700791285572697,-0.3148680468713061,-1.3089715484888562,-0.6994011076435578,-0.8063420860062132,-1.5855154383476682,-0.7153701429551604,-1.3998301976988072,-1.1634383476524854,-0.6412053681940556,-0.6288191233536242,-0.6944209970848886,-1.6432496035503612,-0.3819314332363985,-1.1023013150604053,-0.7805686891444474,-0.41724441167103893,-1.3451132094973166
cgSYNK00241,1.0544309371578513,0.6852923814600176,0.9330654710642037,0.33017953849243514,0.8715693516947086,0.6223229028276959,1.090467451535036,1.2880352476004702,0.9787159903635814,0.48639724905291476,0.7957794312181032,1.2185561739016968,0.6723820324544363,0.7348037987313054,0.5344276316192832,0.5365020417819695,0.8233782029546418,0.9978626932533078,1.3260772749097567,0.7160634023625697,0.7127128228451303,1.1477531200131696,0.8223626688651025,0.6223850387713199,-0.03826785415966731,0.49069147987020584,0.7781936114465315,0.3032579041083151
cgSYNK00242,0.11921627620813058,-0.5544188941848086,-0.8632571743808402,-0.39171715047446926,-0.08068705332450808,-0.6925651170890132,-0.20656303887597266,-0.2920334459330946,-0.20714664163027935,-0.2528515427130227,-0.2364570453670768,-0.38632322733578245,-0.2012698089564378,-0.34693665105042226,-0.2140832180253861,-0.8448824596756708,0.0011275580732070718,-0.11169150421947813,-0.8262160098482979,-0.13237653314312264,-0.5300152149587616,-0.20928107534045323,0.48193328001509544,-0.5283309001063149,-0.7176781039792739,-0.2027736200506903,-0.9546339143926219,-0.19061608592705068
cgSYNK00243,0.026946913319405824,-0.08615661462098359,0.191585602369296,0.4411412894091522,-0.10175005350158083,-0.17031949330071108,-0.09979676334740877,0.43678398093483445,-0.07950101152212231,0.21427356775592984,-0.37295656145378103,-0.0022243915151699202,0.12114603264292698,-0.16608310735942147,-0.2785868408267347,0.18284619093092097,0.413665342422126,-0.06842933262871409,-0.1525561530384926,0.5907294039478549,0.15536309180854108,-0.1597075634737519,0.5254057214619158,-0.20351958596139227,0.20491544035796128,-0.07216225550567149,-0.5069348735078875,-0.21065818812970089
cgSYNK00244,-0.5647442470174083,0.6213122767277846,-0.32334346350219006,0.043422572350939236,-0.473431566624406,-0.3407359458579451,-0.8729111711633081,-0.41818601945100237,-0.6949451108894267,0.010693073509500075,-0.18305921392568514,0.27764560846573777,0.14288222879577184,-0.3601844305128662,-0.029599199833490495,-0.6676187359106944,-0.27260894845593076,-0.5181137188898234,-0.15709261438485123,-0.20043113571510263,-0.4429907189540017,-0.6347599501480281,-0.40057642884334754,-0.29228025428862064,0.039888709866126915,-0.27259627635694533,-0.42312837791393587,-0.050687952925541895
cgSYNK00245,0.6508663302834182,0.76547896106059,0.5279021234051353,0.24770121093263325,0.6903673642024738,1.3365431262153533,0.9180679058927577,0.8142585055910622,0.6351078261760411,1.1825332130414752,0.5702632662029623,1.0572694026357903,1.0084269813416056,0.4532936479185793,0.7586813178414662,1.28436171228008,0.4169198549490737,-0.14926295866789943,0.6273904001822489,0.5007068121279352,0.6280220385360809,1.0002457114575358,0.4533595317634818,0.41245513715029636,0.2839470586457587,0.39791708307587076,0.6016627845676453,1.0648606443982944
cgSYNK00246,1.483676440855255,1.1948403587218388,1.3779204217763534,0.8744351391183841,0.9302928132994629,0.7769896326983354,0.9195658691084038,1.5757356648688998,1.001832918994058,0.9725282607856796,0.6783128751589318,1.8370881222374293,0.30038084015693783,0.9004043951467592,1.297234259193043,1.038248317491018,0.6554307013794333,0.7038233427354927,1.1521559971766318,0.7069319382078413,0.338354302863125,1.4456101096558553,0.539089146960196,0.8915751193949776,1.0215336782666904,1.431844036822366,0.874239815076322,0.7110275333118433
cgSYNK00247,0.5598017723332929,1.588648552808184,1.052154806167139,0.8175075109848455,0.260189816692913,0.9291252701813685,0.8594912202130072,1.1778808542633743,0.5925135337860198,1.342772727017156,1.5321266758119525,1.4060448026286814,1.3619686052975926,0.7578597082298776,0.17990799582622244,0.7555246837314378,0.8455067558446514,1.8632048852775402,0.7212248623332166,1.739165244079619,0.7730503898464036,1.2436221719543603,1.3787064150526298,0.8754519103528448,0.6086891027510135,0.9774779773474023,1.2143077981220685,1.0536811102516974
cgSYNK00248,1.9768708948350076,1.9114948553629816,2.1915927522565326,2.0195710591065685,2.0850080421797417,2.476588083667744,2.0945955628840554,1.8038496451628263,3.4940522589847083,2.2510161132876396,3.055946031775492,2.2658058640679193,2.231728800473319,2.598876990189071,2.3954044116983,1.565900755050808,2.2802211913342463,2.0160900479376522,2.3698314672462817,1.3315284734071258,1.9242234827927454,1.907896019710648,2.5969892009344964,1.529397154190477,2.2712316007935502,1.0717140193738017,1.9348930259606305,2.0319367345823016
cgSYNK00249,-1.519680791717595,-0.7912759759357512,-1.5088200199762443,-1.3395350761974953,-0.9201414812293208,-0.5420103428476153,-0.8891174728385669,-1.9375463226873817,-1.4737278908945912,-1.0527066224435762,-1.0601456739614332,-1.7352514781863544,-1.4935898785678634,-1.19215399824512,-1.3184254427483086,-1.1644723914993538,-1.4972209311453233,-1.8422187504497793,-1.366747501110893,-1.7556586768713784,-1.6765907504360213,-1.0660732938946758,-0.914369357396952,-1.0879958654217374,-1.6425938511263427,-1.1660432556812994,-1.525302624433027,-1.5902291590759603
cgSYNK00250,-1.0661767224346694,-0.780891491013623,-1.5663499942001453,-0.6400492345905323,-0.5675233860263174,-1.6686349420186832,-1.1927159592912548,-1.4212173955719318,-0.8575401184087769,-0.6402245260773,-1.464022675999891,-0.9475313078609064,-0.8518615811538108,-0.8850052054841042,-1.0337708006618507,-1.1208536808321528,-0.5291762003730675,-1.210387663245639,-0.998188346715296,-1.107263815355309,-0.7033911401794812,-0.5748327398634153,-1.2678256449042744,-0.9944519862610307,-1.5344732615582857,-0.3088831209026178,-0.5660974259033057,-0.9594134520041933
cgSYNK00251,1.0075090675840148,1.3677462263399986,1.3732334167375908,2.0008555276835613,1.051758588589908,0.9872060201068592,1.636120118460929,1.6993802773299973,1.7111870772963929,1.5511673799122594,0.8939097186827298,1.1170406973461,0.890786011141256,1.3665061784868775,1.4912063735408576,0.7630268830617892,1.3093075239243221,1.6953552336935511,1.2559592875709926,1.3750169511668082,1.483192662622381,1.3736866069487985,1.1229832547753822,1.7878932797517137,1.5038740641607071,1.1891693709430926,1.7382566469672214,1.6078265452939184
cgSYNK00252,-1.017867288425249,-1.1960618829865226,-0.8246879477629319,-0.37463680564029045,-1.3089690516760824,-0.8159987463577291,-0.542050891135488,-0.9671084964808236,-0.0784394160207506,-0.7709798976561739,-0.2798443303055284,-0.8701070088786939,-0.8457632451646316,-0.624801923918159,-0.198642408807216,-1.0144654178156665,-0.7453579637811022,-0.6957289299941534,-1.338561930795364,-0.7011255481914641,-0.47683209120781506,-1.0517607409525638,-0.13468188029211,-0.4665103172766234,-0.7056559601454622,-1.1762871101839838,-0.5984423204882995,-0.6742723032620447
cgSYNK00253,-0.772683602644515,-1.7340909588061049,-1.6045438768474503,-0.9525287719407031,-0.9815183333929752,-0.5729374507737809,-0.4082008242364096,-0.8089610819924775,-1.6309836199387022,-0.9673014423643123,-1.2118260423124168,-0.9082234569402533,-0.9339820404526157,-1.3664835867526453,-0.37788276359228407,-0.6692540809806348,-1.1199285377785881,-1.2085769401995778,-0.9714536256300559,-0.6436190090632744,-1.0477451695954731,-1.0317449434896062,-1.0464071422020604,-0.3558739319758374,-0.6784938782777932,-1.6822532727044073,-0.5857217049784395,-0.6362284158582838
cgSYNK00254,4.527506461358953,3.064670254561409,3.313875953178311,3.1566011458361265,2.5049800665759703,2.3224854953228005,3.3883754115020484,2.8278300356713286,4.031499860695318,2.790402122702992,2.511214794111737,5.321416703594079,2.816130739215826,2.9741063649708575,3.0624980390865026,3.3864795088615827,2.424202700053666,3.0288162080250816,2.778047306694521,2.301209586195788,7.636624620543648,4.5835184604077135,2.8756224737726397,3.480559387107973,2.0589550023995447,2.039305263695316,3.9775492302982376,3.657381977706007
cgSYNK00255,1.3855086059167758,3.067699989475372,1.582581419208497,2.0530059718003164,1.9392613365884126,2.6838376860616546,1.8206979737246747,1.7019170440901643,4.396149545333111,1.0346766377338152,0.7519794871139827,1.8536892415357946,6.637734231913207,2.57417754060434,1.9791237765531167,1.9705038767829337,1.4983818024987314,1.57655096181868,2.730874665990972,1.650613226005735,2.6016276698341647,1.5157906363566584,1.720308201758039,1.1573738160280342,1.5440903075902588,1.8443488389391531,2.081712888607982,2.8428164740997164
cgSYNK00256,1.3590173153928258,1.0830031019551098,0.5693356033397099,0.818050745598517,0.8560048330689234,1.0809530144468682,1.0328753638297596,0.45116604547701333,0.8165405493633989,0.89945394131723,1.7857520420354172,0.7824144347546103,1.0424001890300063,0.7824331617329726,1.4322091763472562,0.7774729063066312,1.4242730367916008,0.849068833810416,1.4800017212517265,1.1091183760061796,1.0800221512975408,0.8779291724353382,1.7658183030383778,0.4755066181130624,0.8482999963524734,1.1206283584222572,0.4713163103802451,0.7786208251711411
cgSYNK00257,0.34821413002555257,0.6220749983561327,0.381304921113295,1.134433217871656,1.043721703699515,0.6203086125354627,0.9305548932975647,0.735880779559588,0.6253165961288843,1.2765923270744628,0.9038188204838359,0.7910637448489738,0.7874597844876798,0.9903484097537218,0.7456098536265718,1.564211797801496,0.6227850574717163,0.5346119144138161,0.7111829915731838,0.4973324936170956,0.6584333388025548,0.826995436681092,0.7857514484194061,0.8524201459279793,1.0592401844485813,0.7687129641587312,0.8530672319513396,0.43531786173251286
cgSYNK00258,-1.16073758152908,-1.4810204013718633,-1.2550491403406199,-1.7809820400761054,-1.4527968008856487,-1.6286006611012844,-1.181663789315175,-1.1446351314327339,-1.1365217047998935,-2.7800980818914356,-1.1553743273863708,-1.692807979805172,-1.5986375549476397,-2.446312397489745,-1.8865983390922798,-1.3464646770383486,-1.3957925390394978,-1.7689735786104337,-2.026542052494473,-1.9700425216349662,-1.923075764275729,-1.3811066098031943,-1.5131994757763014,-0.6294958448164002,-1.317839270709582,-1.7864381004922532,-1.1032907825557956,-1.8205201699623053
cgSYNK00259,0.2816510900702927,0.04348475763167289,0.3646675523442556,-0.03498808324263845,0.31373117895428526,-0.07914862109917245,0.3983588630604198,0.033126907990255,0.6807474929670094,-0.1823682769492535,1.0169316744603267,0.08552452580903736,0.787834290537868,0.4161443287071199,0.06639090995093222,0.4083809497319508,0.630434590255067,-0.2655898865500582,0.2924070035582911,-0.21849600257746218,-0.1649207474870953,0.5378903568664836,-0.1273296962578788,0.45606020690799665,0.10898154311713587,-0.20838010545870564,0.06263780836853655,-0.2007188080146122
cgSYNK00260,3.1172488581917333,3.929479832601617,1.9974603480374338,2.144622117771859,1.8039056518019119,2.4448632397490067,2.2657072048410196,1.8005053549165013,1.7725337075584047,1.967766702064391,2.6485295755441163,2.331306596295987,1.6392840844943029,1.274924088806188,1.901756671342474,1.9324409995340386,2.3342600578340083,2.788701489190362,3.184405492169655,2.571091586635592,1.7774852033088109,1.9023153855246953,2.796097033543085,4.518856220992673,2.468310929332242,2.2849217012972867,2.247615140118295,2.609582272660996
cgSYNK00261,-2.962465370923319,-2.38516824913595,-2.187232645751239,-2.2540170987853347,-2.3748681568535366,-1.3270819867287682,-1.5707160604384531,-3.517096581424625,-3.1879523039665356,-1.9784421886494477,-2.2891376180435885,-3.146038903959231,-2.0240639061229686,-1.7746910764926935,-2.0837469825322192,-1.3778832710066455,-1.8715655318930908,-2.009545967048477,-2.5458864059841666,-2.3890413058862756,-2.2436484943690154,-2.0893967014673747,-2.3934939116076115,-2.142973689185555,-1.829302200780442,-1.4594073746546763,-2.8066745136351154,-2.6228505172111554
cgSYNK00262,0.7810850307730639,0.8360676968370142,0.36755329072904674,1.4150544397066485,0.05752604950147879,0.5531660869408339,0.79621341512285,1.0322383924492249,1.1203692538077235,0.16861321553535302,0.6166168130335221,0.7430230310749584,0.9777558228874224,0.5317328371533472,0.4994956896364981,0.7203797813142002,0.6095870518613835,1.0469385028661387,0.9679348210454453,0.5974123288640825,0.47092364574784196,0.9333306575838031,0.33939147131992903,0.5988536830386518,0.6600378520208474,1.4326765415584755,0.357186866298026,0.8377093091552708
cgSYNK00263,0.4023063348950157,0.6444837819604454,0.5966380880053896,0.14101339018089712,1.1869094860583762,0.49393990943366517,1.121649221431154,0.7366075333367684,0.4838514717483732,0.6325625740500789,1.403442310433347,1.2675453098728864,0.18123180886929213,1.0784335434777161,1.1338048078072458,0.30575768808723663,0.6754693191185893,0.9049635570851994,1.0685494585209807,0.30626832813438576,0.357803644943623,0.7291208677466461,0.7793714623559788,0.670161388568791,1.570590465351063,0.8153844191463622,0.9817868055654678,1.1313448959776016
cgSYNK00264,-2.0576692237818985,-7.636624620543649,-4.423136006516008,-4.094347896732551,-2.2379790766645815,-3.9413393036170983,-3.4101727432006825,-2.5980958511108434,-4.475195917080206,-2.9169623237314894,-3.5890003523655594,-2.571658838667681,-3.052118885998889,-2.5663389105446934,-3.651247914210699,-2.6879160354378415,-4.579662738951634,-7.636624620543649,-1.8918375065099766,-3.6090145380243164,-2.5001091068790364,-2.209460481985547,-2.3138009632689034,-3.7901042416092903,-2.73228965589842,-2.851515275490772,-3.5987245992289725,-2.889530792548321
cgSYNK00265,1.076506031098738,0.8500693885397068,0.40554868670082,0.9160838281216622,0.5366451059361447,0.8656634929760442,0.49270100452894217,1.0003008357343537,0.855905340291999,0.5484702533569441,1.0258611155998627,1.1966399865638333,0.6073905969374529,0.1914585469940427,0.46905752307962845,1.0978718158609975,0.6985912652195656,0.888011085983358,0.47107701587102496,0.7505685621443082,0.16600188703589058,0.3957498220246459,1.1135672271442651,0.8279848694537743,0.7150517468951529,0.05000991291026363,0.2507489239992777,1.030549684030653
cgSYNK00266,-0.9850958645269446,-0.44219033792819934,-0.9009318641692432,-1.245348878766943,-0.6597909859316835,-1.0248374597730454,-0.3174114859424928,-1.254827302519387,-0.8151237028051393,-1.1104467178058777,-1.032991939707368,-0.5786267342154557,-0.2971655946093668,-0.8419892985611279,-1.0930052790877296,-0.8491872773901988,-0.05864162062936965,-0.9063593448158276,-0.5292004308995555,-0.8995057004682097,-0.3287621425893784,-0.6726424137322098,-0.3973060845850727,-0.2919899581541942,-0.7040420595852699,-0.759024078724785,-0.7408474809581486,-1.1282445554267266
cgSYNK00267,-0.9417684194460278,-0.8207685171109801,-0.8323395938662135,-0.6736570458704676,-1.0602901308316781,-2.2311804418643932,-0.5309554372825636,-0.6701504057788716,-0.26012098915854137,-1.6642579628721377,-0.5453207676877906,-1.5340207599001383,-0.39418477466495083,-0.6035090777109039,-0.8989814800340387,-0.8210798432207943,-0.19418577834258222,-1.5741196505571624,-0.635773993619316,-0.7652478578564325,-0.2846222357573694,-0.45292803553656674,-0.5769182559231218,-0.7177058879931758,-0.817601574017923,-0.49499856078296856,-0.6925201469775146,-0.7454453344395422
cgSYNK00268,-2.600196173307918,-3.3554510414354484,-3.844114242444596,-3.2128287586385835,-2.7786993299370164,-3.896708310314136,-3.2052627027987626,-1.8646963693353382,-3.5396875138550574,-7.636624620543649,-2.0561268921933706,-4.4083853751127755,-2.798210054761671,-2.9377903508928305,-3.2458382879507526,-3.1390780398109595,-2.294427901896037,-2.464387926557739,-2.139247858040041,-2.623471923674087,-3.270265675870238,-3.3480187305934046,-3.5819399148682933,-3.398233452996422,-3.650139110174163,-3.557970507336368,-6.02517651543857,-5.447294658399684
cgSYNK00269,-0.9185273266089466,-1.2863982433138808,-0.7733267853135016,-0.642810369472973,-0.8749300700565281,-0.5183764755393315,-1.063415844570645,-0.4669778748390911,-0.265852085446582,-0.6662495564772569,-0.7079372751801328,-0.7241402114662374,-1.058927330677458,-0.6184221718628419,-0.15482984578347347,-0.5489185080057614,-0.8432209751128,-0.7180459830996114,-0.6713482836413172,-1.0153090820401895,-0.611706638909188,-0.18110584802807,-0.24153691568108593,-0.8809673596249546,-0.9100694108973933,-1.4108189469367896,-0.796733211328337,-0.6421466127801061
cgSYNK00270,1.8222015982849025,1.4744997671465794,2.0320045170319245,1.3830443843820501,0.6885993207594527,1.7941044028283988,1.0919346135119292,1.1802695206482336,1.3368325656353082,0.932014186295969,1.1157427589143647,1.8208373361561978,1.5469517085712934,2.4506445332902285,1.156195881143972,1.356901969670892,1.3332115181304587,1.552113347961998,0.7476987750494747,1.2932648240001567,1.2421312201191306,1.8404324768940532,1.8356495625524691,1.1321339440623364,1.4585161029656977,1.4868643961348438,1.4116948553852013,1.8687870791783496
cgSYNK00271,-3.3128232713212937,-1.515566527887049,-2.088956987895343,-2.0870640322518774,-4.289582911767927,-2.2331930091836942,-2.5575915661840125,-3.5307053038899894,-3.3123190515857175,-3.8156021270396194,-2.60513281383827,-3.143114392525528,-3.5600797175608037,-3.813681218656688,-3.242361722155913,-5.3245943106782825,-1.8976654819114904,-3.537111984923332,-2.709690634310352,-2.6641133404032766,-3.8491172259711464,-2.5647696079531874,-2.5669154258779106,-4.171351592605735,-3.2145289165472044,-2.1642979176115276,-3.1373974841367493,-2.975621215906621
cgSYNK00272,-0.8002270207585828,-1.430420115801568,-0.4514984140481189,-0.6302709649608148,-0.8583813341945122,-0.7631806808202553,-0.7338397658711494,-1.4415754455943794,-1.08435328321405,-0.6055682791105256,-0.907146936711575,-0.5624600092364672,-0.3484326781567524,-0.8122696446716885,-0.9166415007721703,-1.0547932613071118,-0.6360545527845919,-0.980915974969276,-0.7901202865770268,-1.045871160252982,-1.2707162981656888,-1.5578341790086243,-1.0457307445939483,-0.8156343359716358,-0.9067513687025502,-0.9207342911644983,-1.385590472395979,-1.1478064986046768
cgSYNK00273,-0.028662145873926327,-0.4018366937670383,0.16357199175844936,0.07567613359501628,0.009426663472069797,-0.19625455209912998,0.06328065869083782,-0.11501311459058716,-0.10045699851742562,-0.07752827468046483,-0.12453595477077475,-0.14678530078747265,-0.36241616601363097,0.2242580431653513,-0.4197306342312504,-0.0719523581475533,0.007905781772397659,-0.22828668217646403,-0.0051568676180934366,0.3295982781831718,-0.055584789767720334,0.014324262884826851,0.0914601419969585,-0.44480104819930816,-0.5456305324336872,-0.16985055344522948,0.020422479705003577,-0.5786629188036635
cgSYNK00274,0.39339911947040906,0.08328246619323867,0.04175203878552714,0.2226158546362028,0.1276595914779504,0.39967695657550384,0.38309824932806447,-0.29639284775305463,0.1612177945708951,0.7062781701373783,0.5578278860049685,0.10574424085255667,0.4863620617721326,0.22893648117071025,0.15246896093883686,-0.28470848438402363,0.06436942181905182,0.03187959960255749,-0.05171581390635217,0.18841784516741217,-0.26921645438340824,-0.15303192884923872,0.12077046958328998,0.058642696250817555,0.4073724411827177,0.4907387810471746,0.30166631808472966,0.20397197564690264
cgSYNK00275,0.3364878127022364,-0.16094928258465832,0.30300587202937784,0.40872902491530905,0.022527644526448076,0.039962821364313075,0.7499467046015611,0.22333484794825176,0.4788391838300921,-0.21471458698735535,0.4208984811364619,0.10281603201274196,0.5166981126302059,-0.032155589780035444,0.3977369530260162,0.5854258159305924,0.024212879517549534,0.42589399025983965,0.026499563898739885,0.23323210024086735,0.4100212524418806,1.207612269289409,0.19033401866468502,-0.07865291549886448,0.3138680830588254,0.1689924490940866,0.2531347981880004,0.34853450298416694
cgSYNK00276,0.5015711946091871,1.4216470950017208,0.8933672580203605,1.0180773231255684,1.811462187910868,0.46841204201764786,1.402528511657575,0.8094834152932405,0.4707656165308136,1.4880239921660203,0.46537600120786576,1.9547893923208188,1.150833730073359,0.9676449905889208,0.6422438556678657,0.9274547457847269,1.5569277326052546,0.8405216482321537,0.6765385657147622,1.2467068215820392,0.9836363134171557,0.8176095621809079,0.9176287667643793,1.1042226404563493,1.104871188351814,0.7743559284866965,1.3302930751613817,1.036602180207299
cgSYNK00277,-1.2990796272218903,-0.5948401645156011,-0.5211287150801441,-1.3043469581652838,-0.7126494524624251,-0.1796367356372437,-0.8003987177227434,-0.17908392370948856,-0.6304745671691118,-0.2208352929057023,-1.129811875812024,-0.7008897233037762,-0.6898912855909277,-0.6476126509539502,-0.4698499665872313,-0.3909926555564719,-0.3904863705168966,-0.7359939284021153,-0.707092926084041,-1.0844505423983275,-0.6002204071699221,-0.7271578711733265,0.029826903733178183,-0.7581835772165625,-0.6155187819472239,-1.0759955362709006,-0.6333949256953508,-0.48295898493497896
cgSYNK00278,-2.0544774875445855,-2.5572518689650168,-1.7059314624056565,-2.0027010455215706,-2.4569226811233693,-1.785370375711748,-2.8454873514493384,-2.021670945754743,-1.8005017970050783,-0.8673045237967886,-1.0310398624725257,-1.8794984288122976,-1.8509692642520028,-1.805667153007695,-1.248339726872946,-2.4518064586797563,-1.295322887836249,-1.6105033034164213,-1.372434993304191,-2.3726231055980667,-1.3951583987629534,-2.392963133305355,-2.3070890674754505,-1.3602383655675745,-1.4198987414036612,-2.1560167877524092,-1.3771505875559125,-1.2870873718361786
cgSYNK00279,-1.2130039582104204,-1.6387880525768765,-1.8168449165671592,-1.8615961332350794,-1.2623966248123082,-1.4158168984752288,-1.4763165154597306,-1.4137969199231957,-1.5129011081996497,-0.9767662293001913,-1.7891912948830102,-1.6283152953738096,-1.1934717740078957,-1.3299777126244678,-1.156145507503129,-0.9382980351884934,-1.4014367430940362,-1.6388220798312088,-1.1531988021754684,-1.4067125055792873,-1.7478125472592672,-1.5676133874712703,-1.1730096845178568,-1.9685682729573974,-2.1605243260754787,-1.2880392192698096,-0.8577182613283574,-1.0510788473513906
cgSYNK00280,-1.777128622334893,-1.9302813469216376,-1.233631477497644,-1.811982013809447,-2.259748152073136,-1.8701790473496698,-1.2947855558800834,-2.2376562483168057,-1.8742403432167811,-1.8045381759549293,-1.2071311201034989,-2.2578622235157546,-1.9485668977299102,-2.087713653833078,-2.5429551914069513,-1.0140975877262264,-1.6974447370742545,-1.0260096844826458,-1.9453987357600901,-2.2562573370545493,-1.9613339127899574,-1.924635618159968,-1.9644531617778003,-1.669181995894916,-2.19988913542873,-1.59846858010594,-1.9833888955772676,-2.3305646110302254
cgSYNK00281,0.3894393460904006,0.30413964719845343,-0.050716773922399934,0.2162741176351075,0.8760004648274934,0.2565631074826779,0.9944020483122417,0.24640885672722623,-0.050624007019049504,0.5107305799458776,0.2648312288350207,0.8428987028446939,0.7487667462883448,0.02918194582012988,0.47614938465415396,0.5334301997842114,0.4795688597930359,0.3085862768040993,0.3353024696605037,0.7680702504134367,0.33236156911956105,0.4933697160621561,-0.16526991333661553,0.6797612056837112,-0.17324366923779053,0.6201430374453197,0.22308308421198608,0.25721416424041915
cgSYNK00282,0.6231501596394683,1.2517975069437774,1.159714476780375,1.2678476826457064,0.9194476044424752,1.1251881872933114,1.896653536148167,1.4787681782476407,1.3788770036179634,1.3381257724132358,1.2120615419875127,1.3802264230632624,1.367291180009153,2.6129458387831717,1.0996883096892096,1.579149490721171,1.002213691438194,0.9850080585008708,1.2533536933552585,1.0548217289197885,1.3917286647087583,0.801955279691802,1.252178869512435,1.918323828285591,0.6691475880207257,1.6685724831476783,1.3235780174368614,1.1629720281922278
cgSYNK00283,4.244449773629272,2.634269283875017,3.031088109146612,3.0824780759491865,6.249133139309262,3.0867858718977397,2.89411105738141,3.486450264751341,2.7508419509048654,3.2087152672180643,4.626119191850331,3.77701394359591,5.066255317067226,2.1905013711314116,2.400838800488178,3.5955218754450198,2.83157581808351,2.1963059141306607,2.8301022585869102,1.9148251091776332,4.1393195448843185,2.860293187288077,2.588945982401654,2.491611200723764,2.187473800025757,3.4539361586066217,3.0114408648862216,2.8683380001846888
cgSYNK00284,3.401099912307154,4.040024820390595,3.1422775264580194,2.985538069972969,2.954316043281483,2.4206254969856,3.7967719047534385,2.058540301060647,2.264826490999144,3.9167772145075848,3.199843999434149,3.025836587116175,3.503167395334119,2.9246755101742448,2.8825952155210315,2.458018791391892,3.3564275678872098,3.7405173977475683,3.2685609850238446,3.444364570681284,3.3022878843835635,2.614529020227275,3.0122991028219857,2.429554185828692,2.6549209368889466,2.4384227802034717,2.333670338422603,5.452223335020991
cgSYNK00285,-1.6328912508233422,-1.2799852059617844,-1.7362310715688762,-1.9930563346172603,-2.86894455247594,-1.5532302102506386,-1.9663855530283627,-1.841832802479019,-1.1452018960330315,-1.8021083737623873,-2.0047155769835787,-1.4736795626901975,-1.5039111867138726,-1.9278198244315572,-1.4140965592499777,-1.333988178060122,-2.026395565435565,-1.6695706908494476,-2.3031508611315457,-1.76626773526571,-1.3881421872820776,-1.2831286366363202,-1.9177791083949276,-1.4667815212730435,-1.8088149113749106,-1.6308926403664399,-1.9231227136173203,-1.0327707790469052
cgSYNK00286,-0.23187782710130372,0.039863087312785414,0.4332674019849756,-0.33289729314141203,-0.23094064431352912,0.07223943660935876,0.18229189441434,0.37710556752077856,0.336491829484909,0.6079812273763981,0.26838463033999826,-0.40542394262886133,0.16867331625098708,0.8378127410481802,0.43655031690828067,-0.08514521759024495,0.17563936586224252,0.3345967508183741,0.21857827939442445,-0.25440917431169796,0.2374448056312167,0.28946302568892635,-0.5600165353661458,-0.17757833829087924,0.3216855712860196,-0.2028668824656001,-0.46032286470231687,-0.42060738278836035
cgSYNK00287,-4.86666884721209,-3.775398690645685,-3.71799959770795,-3.7491794671372842,-3.704405479039908,-3.9837991510220463,-2.7280164922819945,-2.2531362752834188,-4.414445033784758,-3.583849356019561,-2.904934530443965,-4.194720876272606,-3.695650944324129,-3.0178909369426177,-3.312536422556257,-4.428710779372714,-3.4400009080513843,-2.877449900340743,-2.8300917640438445,-2.7213551771723896,-3.401821479391518,-3.165856980448622,-7.636624620543649,-3.2230649916473357,-2.767641122170813,-3.2989516579270903,-2.079815988554907,-3.5860284010632273
cgSYNK00288,0.5899406669958858,0.486275137628966,0.48034846653271074,0.951741834777052,0.3621919330838203,1.0368212670539736,1.1484878036702382,0.1681149425126305,0.2966895191893844,0.9545499562621776,0.7621772726636712,0.727044803722577,0.3463112206080368,0.6416061874052299,0.728373582375774,0.7348897391635166,0.7380560392023299,0.614615687938277,0.19096841927991046,0.4758096900438211,0.9998591299511869,0.3756556466359572,0.7288535216715376,0.38324337570484435,0.8999159084252946,1.3572473831519263,0.45297083174094993,1.1043990781708084
cgSYNK00289,0.9605707601117127,0.47293712359491896,0.8256857661859202,1.0555640890910456,0.8229760503885126,1.2112923535534417,0.8136854992326654,1.2179699690877712,1.177379222203402,1.3678405992108171,0.49154826162216014,0.5254884238016101,0.22556698498601568,0.6731928070634522,1.0038666417422624,0.5828158201668874,1.00817086442061,1.179128468301769,1.5414590836460158,1.9228292818357422,1.1839010636252116,0.5855706789590944,1.1271519975010882,0.9941013393162412,0.4375425906708444,0.7851830754375407,1.3398320782881368,0.9466168144749803
cgSYNK00290,-2.854214380155754,-1.4949079083533474,-1.869295915421636,-1.4288115267826726,-1.8448712864879429,-1.854081353430813,-1.6249880552867533,-2.356649571413772,-1.3967192213611053,-2.0531288202597233,-2.2699029640452877,-1.9153512091326468,-2.209502217615866,-2.685311826055845,-2.5216547518293435,-1.7620921997615915,-1.1314692497723995,-2.5341997463656507,-1.6300992672855519,-2.2234908270529083,-2.3432901309816163,-1.783123365840143,-1.7238025823900214,-2.680705011763687,-1.880509710502387,-1.9959990915252903,-1.751657166861343,-2.815348234543377
cgSYNK00291,-1.4932036730404945,-1.756076174668983,-1.487528686390787,-0.8977540998965452,-1.2753625658414296,-1.7570567685641694,-1.2442814033974214,-1.289098679137772,-1.9903876941961152,-1.5357601010216781,-1.5442384103428648,-1.6255379527142273,-1.1967189576703268,-1.2232783111456147,-1.3135619502773035,-1.7757726346074554,-1.3332409920227186,-0.9442138469321503,-1.260637605193519,-1.6793501493161163,-1.9600453583715132,-1.749930558214086,-1.6783848539045474,-2.5087297947658977,-1.1624715295564698,-1.5994523243164211,-1.3088563049074344,-2.4580991486497052
cgSYNK00292,-2.2494143617588134,-1.7133791005247154,-2.438245787417096,-1.3581648873455627,-2.2820168633431575,-2.3114444557140468,-2.2818026972930796,-2.6464831561274287,-3.525834682570475,-1.84000551921241,-2.5235352498683112,-2.8373108425042304,-1.9026475139248966,-1.7952862797092322,-1.4109589494607977,-2.1279482123877567,-1.3609206606912603,-1.5783780013610424,-1.7271196212316986,-2.9845123421867394,-1.9018833803487478,-2.5473414246435273,-2.1957838235591534,-2.6719337986960263,-1.9179325546424044,-3.211869809141705,-1.916772040272364,-1.8421013187342112
cgSYNK00293,1.090011825512123,1.3095801344053564,1.0580897614130524,2.069105966286721,2.0230993428114994,1.3405097115190887,1.158238042918208,1.8329775560623127,1.1725218984032113,1.3270404104223383,1.829086172034003,1.2797592894464942,2.0653684594057244,1.6666241471636642,1.163598614987307,1.4655014825754704,1.3203060939542512,1.3252364080138277,1.9363158006884746,1.0259862911704207,1.900881659693459,1.909489140576363,1.4301646560104688,1.9508666162280943,0.892664139157171,1.2616710666636775,2.3308668762391225,1.624257762512992
cgSYNK00294,1.0187415901787529,1.0305688065793472,1.0730872755501257,1.2349753217132764,1.4761809404388717,1.9468269008124404,1.4169607240738868,1.2720775911372646,1.1466888970431799,1.483761021049157,1.1453813603610767,1.8203406163062859,1.3701202223641602,1.862910501119115,0.6189332943616187,0.8393746751773843,0.8814900106613732,1.003663925945115,0.3626114181583203,1.2271471039265558,0.8026514880482126,1.4616620768857504,1.5987872739458178,1.4049285117802053,2.0628723569680734,1.118290894222231,0.9416032685194042,0.7824356004446897
cgSYNK00295,-2.2289226438913063,-1.6666019549936526,-3.633056679725852,-2.1253801019546654,-2.859169349891797,-2.550509357920712,-2.675922430293128,-2.526196050702651,-2.1868770104309903,-1.8656672244718142,-2.726585989204351,-2.580284134778114,-2.7147442120380303,-1.507348196857068,-2.025766908445904,-2.628377092181301,-1.1181274324643247,-1.4774551960146283,-1.8147238993831,-2.1693385512793446,-2.9743729554565963,-1.9965424139867012,-1.8845945185870423,-2.312903296080054,-2.059447488040055,-2.254261583893163,-2.5115345172575645,-1.4797345728831666
cgSYNK00296,2.100633275668047,2.4241754133586126,1.8828411669498064,2.3188876331609727,3.076537586817386,2.099882682404736,3.3379831870027767,1.465235174064591,2.263818944858664,2.432094948281057,2.1148389078073766,2.01853466241403,3.3321159604641215,3.02553661929989,1.9877684913190372,3.3509286814744117,2.8746192365833556,2.220455214648319,2.429150101670507,1.8799011883976509,3.072569321327196,2.3290617137842795,1.7399284681317035,3.3430101732913737,1.818347657804569,4.106526111758822,2.112581163547804,2.255154307395264
cgSYNK00297,-1.9195003857012964,-1.9536709810098565,-2.4718023912561033,-1.4223100247771456,-0.7451419321199287,-1.7132087476601148,-1.0950915883748946,-1.7827782849723237,-1.9694717306376812,-1.7488369261765857,-1.8766808435166638,-0.9815561034717336,-2.0076006482858646,-2.0143996189181226,-1.7180104269167906,-1.219205200790249,-1.8658917848075844,-1.923255805706672,-1.7756364815599457,-1.6244878026815515,-2.4637535089841536,-1.4539918817036406,-1.6652174879870725,-2.22219390701164,-1.6298231582925522,-1.888410860299472,-1.7936515745262085,-1.9289109216103388
cgSYNK00298,1.9714040278781333,2.301390263312217,1.4060422260288485,1.0245225340113828,1.0951230319818073,1.5023945342717606,3.599442607683093,1.159491932955582,2.0620404742268015,1.6071767940486523,2.5383342360023553,1.814060851297766,1.9425981900090432,1.4983592166716813,1.7494173410561222,1.7092158006486455,1.5900571870855669,2.220708326437922,1.0882394963932773,1.693703057377654,1.9962434174279837,1.741452947497246,1.2085534483703124,1.7343475501536505,2.549698173419776,1.7448278140291649,1.8122743070847724,2.0271758296254005
cgSYNK00299,1.1633089484439114,0.475050762463024,1.0766799853665432,1.561469392221558,1.3918212998884438,1.2049440223594428,1.9111574909629123,1.3680072162311538,1.485858796384564,1.285188412241068,1.1771310718197214,1.1085245506706165,1.8247097139602824,1.5112721926693482,2.0843947499707123,1.5138293212812235,0.7064270609764085,1.2576699944100147,1.062562911480444,2.099512607815509,1.2751098925672983,1.641197285038146,1.4731433900625615,0.9021434559492572,1.216956477105869,1.4077535802472358,1.9320467528157341,1.4097801429495145
cgSYNK00300,-2.2884390555687077,-1.9807969962605503,-2.8238732686191383,-2.388515391173359,-3.428331965541757,-3.813379031209534,-3.132147905369134,-1.7005160600087328,-2.415312510529151,-2.539242322350072,-2.5003220263537167,-2.3098345958611497,-2.876162918541795,-2.8270446044933215,-3.9490926961331536,-2.861274061656091,-3.1513292371691533,-3.715532952679002,-2.0757219526993382,-2.892401076378591,-3.5886857015375715,-2.0714815637278003,-2.571321663935406,-2.7058173181349807,-2.1183408815487947,-2.6203726747403424,-3.5482190912355187,-2.7435016033670756
cgSYNK00301,1.4460493280707,1.2114370256993934,1.5028883398105382,1.4038470016644276,2.5103425503275227,1.9990211331059897,1.3396449629897547,0.8742528840708633,1.093449933438271,1.6351254277998832,1.7934855267169514,1.6163125587674163,1.181019420218029,1.2779829942624699,2.111029204268732,1.5811468982501602,1.0283876164709431,1.3753060677876918,1.6266569032698444,1.8503994660865792,1.3566318139045446,1.421663060823304,2.562045311175334,1.6611189877445718,1.1323919473781712,1.5853467189246158,0.959711450516361,1.8936719141466067
cgSYNK00302,1.4179649289855485,1.1404596763024482,0.4397526368710239,1.4165264536139828,1.387380712470805,0.8224095882645448,1.327902233833259,0.502244226310453,0.6805759240677554,0.642665466773766,1.0181765408036774,1.0057250920169645,1.0065334584560561,1.136891958154754,1.666520316837988,1.6281852979973088,1.752319618827566,0.4015212259035982,0.8648973633647072,0.9262489632241128,0.8075797792188841,1.2158637636730067,1.2897196075689739,1.2987107591875684,1.3342507134431794,1.3120602090467837,1.155934362186737,1.0219657542415506
cgSYNK00303,-2.5735830574346164,-2.127421806916817,-1.8359937671002369,-2.051020331771922,-1.839992010132437,-2.427254902785748,-1.976608016202304,-2.0127930003957215,-3.1186284959301838,-2.317246065227184,-1.4579487928256516,-1.1751288055460176,-2.3651762340923357,-2.3338216383454484,-2.6205134054742456,-1.3030971303365557,-2.019621049960031,-2.066076579362352,-2.1268951229400614,-2.0701177976025713,-1.808309331980552,-3.1446308175842854,-2.5115183210782113,-1.5562569712595613,-2.18226967687474,-1.7629402426022316,-2.1102179661594813,-2.017932024389365
cgSYNK00304,-2.0255217298862687,-2.1127176565974377,-2.559172241817631,-4.317190553297108,-4.849842055560267,-4.178806100130264,-4.563752778034825,-1.9939404201841155,-3.259872562553011,-2.9257517339224157,-2.47665286711299,-7.636624620543649,-3.4410990197041866,-2.7726584110267667,-3.1061516188141645,-3.433604839349023,-2.443743276191254,-4.303287266764507,-5.409528388917729,-5.193975791028199,-3.4351686766157834,-3.2384012240485727,-2.911493069548798,-3.2737119976735496,-3.6617362127534805,-2.86203712320456,-2.8338608632385256,-3.5730949921980004
cgSYNK00305,-1.965492588677134,-2.9698353884673927,-3.3355554653551334,-2.536845479176144,-2.6303474217179934,-2.9581381416733925,-2.3627474520134912,-1.6659453628723153,-2.3058886519212356,-1.8292290908718052,-1.2565427832803266,-3.4845747675174,-2.104359293545797,-2.6562888077964604,-2.1102509927780386,-2.3172640162678375,-2.4479954355372007,-2.393600462092316,-2.064974830558628,-1.4632864661215927,-2.480452412025201,-2.334424708673516,-2.5499570678737484,-1.5328917237821063,-1.6837649374832968,-2.767738225771033,-2.145381207611875,-2.161145639820486
cgSYNK00306,-1.5800518199589326,-2.8378081731436695,-1.8701406492946415,-1.951702485132084,-2.7940924597068255,-2.4188447265539406,-1.6597489102071503,-2.2950112833736456,-2.064545097829408,-1.5822149731396205,-2.516508754702503,-1.8736262101131373,-2.804700037549276,-2.0709969251029867,-2.6182818488763564,-2.070307727552881,-2.32420295495379,-1.6092602531090843,-2.4185239970056487,-3.1283767797167887,-1.621589685105842,-1.9540421416091118,-1.722761807970248,-2.3115990228959853,-3.462688118614147,-2.410194299532761,-2.035579709989272,-2.2249502427687156
cgSYNK00307,-3.0352445492844775,-2.896867924794588,-2.710116498880927,-2.682862693250532,-1.4369066735222638,-2.233954765369632,-2.8813033286633827,-2.65832499475238,-2.9873006494071928,-2.339267576820348,-1.7386153485002531,-2.816451507918383,-2.878252856561232,-2.331497828075073,-2.4648959082656017,-2.973363774377445,-5.14902264071857,-3.2882231284882293,-3.7040369586338353,-2.5817745208817664,-2.815824988238041,-1.865354867261544,-4.774875863863443,-3.297556133719544,-2.9452651456675887,-3.564464170405095,-6.043619876822319,-2.6645607162191633
cgSYNK00308,-0.3653486793486872,-0.7485487495559989,-0.5018928940603922,-0.7870162824942952,-1.0069069926997156,-0.07597584476796548,0.12153424504021167,-0.2644881446536987,-0.5423200490143752,-0.7457590228677483,-0.5888017441579676,-0.3532874284496651,-0.6749973737943719,-0.6628016460433689,0.04237361418838706,-0.08281881077789488,-0.5279280116279511,-0.3834217131804624,-0.9182543108720576,-0.025492580896889983,-0.6726237804809823,-0.2127604209838829,-0.32071623031942487,-0.8827333492377085,-0.7289355546306943,-0.8087258987363205,-0.6425064285495684,-0.1984167727573573
cgSYNK00309,-0.08599699017715966,0.03395048646149185,-0.5056954360079281,-0.37434305817706953,-0.7458329361528655,-0.25846535276071314,-0.7703282069485403,-0.3149792924733523,0.4129414874290105,-0.45972663900523925,-0.10985698787967779,-0.7312591205069756,-0.5250527897865412,-0.030213509532399055,0.12469304459463201,-0.14633978417682975,-0.007183072894017681,0.10648941255502518,-0.3624032976334679,-0.1524678157159339,0.03590319723982044,-0.8159300717962744,-0.6362020836748237,-0.32954473307884524,-0.08706179970603234,-0.22810885458423916,0.013866781799552143,-0.3480513395014976
cgSYNK00310,-0.835188838486251,-1.9620594730118177,-1.5370734802931227,-2.2345152233463086,-1.530457270381672,-2.393111901419358,-1.0283726085281741,-2.4188672309187464,-1.5180820511341664,-1.341969005073585,-1.0125527599152255,-1.6445436769174633,-2.2139126180344206,-1.570171153472697,-2.3832357366203,-2.092608507786276,-1.7916312185678984,-2.4580171407711817,-1.0926983646127135,-1.711673770369297,-1.70882380396904,-1.5894495691804567,-1.084349624966688,-1.7052188268805644,-2.108577378212733,-0.8498552593731903,-1.70625786602849,-1.8204021541577307
cgSYNK00311,0.8967410929121566,1.519102986107429,1.5038890391794923,1.4228728405070288,0.7802913908179275,1.5091863881649221,2.2636739978294247,1.6193210405852212,1.692801549789487,0.9272296260390508,1.4670732768988097,1.1162713394863952,1.389715529873869,2.124122706966021,0.9648738762357018,0.575075245601644,1.0412695670943097,1.8045571918530516,1.2688206244305227,0.7203657119985045,1.0333474866106116,1.1407212847245312,1.1289691749877975,1.1516525072515242,1.4892001172343563,1.2014901115573118,1.23260214415551,1.6762322752141188
cgSYNK00312,-1.2573487076080136,-2.093399130094722,-1.0391909204040883,-1.4437250932206116,-2.291171952527832,-1.7323956981640634,-1.8984741437589603,-1.230297493057428,-1.3901020369300319,-0.8029495046963423,-1.340948142739548,-1.4621130086767182,-1.3064280510912878,-1.4863921392477166,-1.449656079697358,-1.66235914030186,-0.5212902680930862,-1.881681252190901,-1.540087237092866,-1.692170682895974,-0.6497110849923706,-0.8397555812056962,-1.956929981760197,-1.3328426420175845,-1.4319427627358146,-1.2286674788770713,-0.7075200647065372,-1.1363356097237016
cgSYNK00313,-2.414102605065837,-3.6695629630891253,-5.742114019940416,-4.318178018274158,-3.1540965334976656,-3.04578362373043,-5.880916569796431,-3.2475783434613885,-2.981956618507487,-2.395903903919688,-3.0162036098533065,-2.950019786838619,-4.208652882486743,-2.3381837583468035,-5.501763919700412,-2.9369020850263707,-3.7384824458418864,-3.42703832460888,-4.150320929260877,-4.106411410212419,-4.448003114585101,-2.3244186301885534,-3.056198152929449,-3.73411392581393,-2.455386889498334,-2.5192097219846405,-3.0173015061007074,-5.109884025450551
cgSYNK00314,2.6020395219912604,1.661478400267017,2.964162845776352,3.138638121837613,2.445061602617283,1.9010222447816587,3.0623037451040758,2.2083864694349185,2.850167112882205,2.796823415448952,1.976154154435289,1.6162703703344408,2.914104576024811,2.0868349786213045,2.4438498493728735,3.370800582169128,1.9604612121463412,2.9277772184971043,2.146420235931749,2.595122847730621,2.2691708826622743,1.5740405197430216,1.778669136909103,1.30324471508621,3.893635696228982,1.5454341700379273,2.309011131335526,2.550540717954958
cgSYNK00315,-0.750915456117781,-0.6835536429424844,-0.4084405940837032,-0.3670053886650828,-0.9351597095016319,-0.7219928244349864,-0.15260087936097935,-0.7060400764068754,-1.103142872650199,-1.0554247526165337,-0.40561869086115554,-0.9817219234240759,-0.7237203497237034,-0.6455504487128989,-0.5052360220550351,-0.8988103333220705,-0.7377632045768928,-0.5083624412179811,-0.5612572883099862,0.1377656462743167,-0.5578510732823948,-0.8009706878783728,-1.6921341437483002,-0.43027299738528435,-0.9248414929976257,-1.3418734374394259,-1.0106931059851212,-0.7672228993567364
cgSYNK00316,0.19133802237245848,0.1605279935092836,0.3946016654046216,0.6675673359566507,0.5002702279668966,1.3946991617199418,0.4101351989306174,0.5150952901456222,0.07325823419025658,0.6101188588708012,0.8253639518227737,0.43597944221137314,-0.04771862735266811,1.082357989684502,0.22013484279314507,0.46620716300024406,0.45699718436175346,0.4136266722713898,0.25987956266615747,0.9222741810871936,-0.2520380402448746,0.5521325995795172,0.3070604431656566,1.0779181886765232,0.05813715595895336,-0.06831216966168556,0.6463894911549587,0.9520277045650829
cgSYNK00317,-2.2695810114224657,-1.4743200145075883,-2.814352384001371,-2.3315682448226815,-1.9523386211240292,-3.714883063819848,-2.3351173906717215,-1.5002811033937389,-2.7611290382307168,-2.1795386991470065,-0.8538908904682624,-2.1142841729130044,-2.1338267441896517,-2.9797351303036756,-1.888767889526099,-1.6458680178396758,-1.6175299930041172,-1.4853619959290738,-2.124171377870591,-1.605598987619263,-1.8782484385028695,-2.178818078374357,-2.948056934423354,-1.65975876590324,-2.4029185179070525,-3.082135187874092,-1.7120555458574385,-2.3639726195303488
cgSYNK00318,2.575487951339985,1.774989489817287,1.6632269513594975,1.7812033507192262,1.5455355480247335,2.1778140903441683,1.8813054032065202,2.163615377111437,2.60546411446123,2.7078770178927742,3.202018899966974,3.286118971078208,2.589258955064546,3.131574524914616,4.777618547045838,1.9878050627111938,2.591332821395773,2.8014926695501936,2.2276253642219963,2.191032849735712,1.9122606112762417,3.1257401686224293,1.8183550688375956,1.7375133662311784,3.750856717266386,2.5435479715920724,1.9671340507129949,2.1214790487334754
cgSYNK00319,1.4211018829863054,0.5569664036122142,1.3816145791364816,1.8655283882286668,1.7842232484527907,1.2016764179050166,1.8776035533544118,1.1891252594879593,1.6315303774139032,1.4809401654587961,1.7167759935243327,1.394246903853602,1.1592612876437582,1.6829407915329966,1.0508412785697256,2.1859895649337684,1.3400836598377206,1.620297147897812,1.721513063867894,1.6493671394276843,1.7083122023450625,1.9017117521132598,1.3661240380937176,1.0562560594353794,1.135445969622887,1.6275119619942586,1.5738023190181423,1.4961769412390264
cgSYNK00320,0.5270588785990589,0.28610264919202616,0.24483348351497944,-0.1468161527728605,-0.03680411867952108,0.09642879635279399,-0.30047423721462113,-0.2293046639770142,0.2626663668316801,-0.16594261314711944,0.07304112922990412,0.009131556787115984,0.9553093966144892,-0.1309264698920068,0.3814055535466623,0.3910609912133131,0.027526222407961272,-0.39633801617889336,0.2118878744734686,-0.13134598011628448,0.4215148571338578,0.16267084076195343,-0.031572411749662056,-0.08807064452002221,0.08435023125675993,0.29918649952869875,-0.24863312094465886,0.373701922655476
cgSYNK00321,-0.48935224767263874,0.3934068292769172,-0.37183185817194936,0.457478107888539,-0.2366566620493269,0.32755301206793935,0.033292455871423404,0.62241560970643,0.1720037876456648,0.12368932215868327,-0.3068865461714317,-0.19442215939428298,0.7640946333671986,-0.4910749210593597,0.38547459828063513,-0.21433954055226717,-0.0052347153487589575,0.018237443782000054,0.5412772167526397,-0.08792513146818698,0.9948302267862533,0.13683319944864958,0.42953922846643894,0.06823783179970931,0.39293795145867094,0.06648678644201378,0.06914692182252728,0.7072051246805446
cgSYNK00322,2.7599184731306794,2.631421337358758,2.586733210355465,2.9868694314789344,1.8472999184770926,2.152717392006368,2.847781924145721,3.3254572520270527,2.5417863756329684,2.1505817209662603,1.7957130343946073,2.848063098544717,7.636624620543648,2.182638102743114,2.674320858673673,2.2772055308701784,3.661818024149766,2.727353026255598,2.160915061897894,1.8167287519706556,1.997538497993758,2.5958154540335188,2.255904557392247,2.388455209324158,3.1658390235711535,2.243351823152031,3.558338906641292,1.9349627600805699
cgSYNK00323,-2.481211746615921,-3.3920074458275087,-2.507153031526474,-2.8157291648558727,-4.778633999244539,-1.8695937731280947,-4.026574036954409,-3.1238369611155163,-3.1148125742153243,-1.2720284114595153,-2.44133471981842,-2.8995963532556215,-3.005708827458392,-2.3496336809992187,-1.4486986128342159,-1.8734365245610893,-2.5350140929765606,-1.8699863583747276,-2.2511928960687895,-2.572305681947868,-2.3940472905572148,-2.846710354318156,-3.972416896857928,-2.973386092751846,-2.233992635174159,-2.2014312513443186,-2.853036472418287,-2.579185158942203
cgSYNK00324,0.9844240998280012,0.18634432061871536,0.5205822212991676,0.8763789883146043,-0.034056943472630524,0.28112341468995566,1.0165020873030708,1.0251496552735977,1.1604986414335028,0.2648195473335144,-0.12789960310976367,0.17276861212955522,0.3631980170285377,0.42314334813456034,0.49517229363489473,1.498429665039331,0.95931858616668,0.8383201040813228,0.07600104922453803,0.8356121973034183,0.4443078167696965,0.7254062311007987,0.8506365811180954,0.7803291340996431,0.7958191563793039,0.42490093056869743,0.3978269798669008,0.6507933829158593
cgSYNK00325,-1.3445293709509931,-1.344774562466556,-1.591098394292939,-1.7664668596461381,-1.5589273970605184,-2.354667677961204,-1.923171190523788,-1.895952438381941,-2.60438971877843,-1.7085582161576474,-2.3653431649355112,-2.3222749735036183,-1.6182743457653161,-2.2305923969082566,-1.5555668951327595,-1.5785251352644956,-2.0881843500483086,-2.340850943901177,-2.345865632016779,-1.426095667104026,-1.8221371721010158,-1.8154652132926574,-1.7328324108603839,-1.1372980785422413,-2.3143926167328757,-2.1052300084019007,-1.9371263088198147,-1.4032871538407792
cgSYNK00326,1.641075752479056,3.2483873877378886,3.5123312954426935,2.855005298440267,3.61090033152532,2.7121508056241415,2.8427253811232167,2.5484869334125793,3.4064655186206996,2.4630528381394687,4.210604034258733,2.9660784824028488,2.458610307894427,3.2597712418616616,2.582899023674939,2.025600311388819,3.745697701204809,1.7654935613763936,2.1815907301033204,3.210242825664835,1.8657353155916772,2.3234955997986857,2.444375615279201,2.2436557284233354,2.773765112785608,1.9913490846762756,1.671734392212142,2.0486636054165728
cgSYNK00327,-1.080006797571247,-1.2138173814440045,-1.5686551306194478,-1.7608890714224088,-1.3997414551544436,-1.2222736703784862,-1.6626753116736126,-1.2464702125414604,-1.1551299439810572,-1.6184326297240808,-1.240699319161568,-1.752966836635578,-1.5759750515500381,-1.1941324006805425,-1.6571758990931469,-0.9750572485113481,-1.691484219457141,-1.3496761501229193,-1.3375653364097198,-1.4020611332983062,-1.0582157279425182,-1.5564275704984574,-1.0566672828608257,-1.1566955208018888,-1.404112618301684,-1.3726400309527735,-0.624228621339344,-0.814172722498467
cgSYNK00328,1.5042887882888718,2.3443406647994514,1.9727349167140191,2.540363043942188,1.5309221180322674,1.69581490993693,1.6743448316894507,1.5961168705080448,2.2802283614848293,1.5919394781310718,2.161048711290423,2.2504915480757606,2.4469627627841346,2.618404784985089,1.928294698879232,1.5829654791022527,1.9563143648937884,1.4840250530927532,2.0429721589302865,2.6499742347400623,1.9099119897839256,2.163992094900134,1.7004092997178415,1.3978837058059983,1.6322282230922005,2.111656109409139,1.8005264525461466,2.030826870674017
cgSYNK00329,2.4120162473293836,0.9717752601640891,1.80846332328794,1.1065156798575568,1.2232145969298955,1.5868671708184658,1.994109226577316,0.9630528513091786,1.667544666472274,1.603851073136767,1.7231705757368783,1.2490356102447302,1.9563054700344884,0.8396663143925823,1.101915081904526,1.2366626613156526,1.2826952900252278,2.0369585990113572,1.2077257913523345,2.3317602731723146,1.213907156285494,1.071526505922788,2.0709677908778037,1.2034505721012603,1.6479220348496812,1.4032834170270851,1.7226120674163528,2.057577580177092
cgSYNK00330,-2.0539066159832378,-2.239667515696643,-2.9771215006915788,-2.664079779893121,-3.083097472339259,-4.17769842269817,-2.92279107154889,-4.231064161038965,-3.9225287570960474,-3.2044533866414016,-4.206221317562811,-2.207952876731863,-2.5435404122686447,-2.39805288792485,-3.3447073314734372,-3.849503122530318,-2.4122209758100217,-5.4381635105368185,-5.377749863100378,-5.273104274524586,-4.4343134524518995,-2.61765236698348,-4.3908399701922365,-3.0375770987363158,-3.1760686336272776,-7.636624620543649,-3.628203073059916,-6.162579222577246
cgSYNK00331,1.6608395177687645,1.1926378345895914,1.0765470313313608,1.489175815907403,0.8899484651062196,0.7646846170926139,0.7311025958443605,1.5051882464708652,1.0403743430679442,1.0522792830195469,0.4005928760503884,1.029014881242805,0.5155289489082688,1.3972506992209883,1.2077333772892034,1.4221551149811953,1.1781731261146338,0.5784655837635958,0.7707659579966736,0.8237084148512802,0.9887251858015473,1.0004086112059931,1.1768093402971893,0.9911751250245143,1.0008078409703234,0.9597871457287694,1.0407132079862094,0.26733435531281513
cgSYNK00332,-2.187744628532912,-1.3528720708746134,-1.9981414932617283,-1.5141570039160754,-1.4343678173677465,-1.3383308015226438,-2.104384155855679,-2.3455091693512187,-1.7105030841723519,-3.3262916827813607,-1.4955150330083236,-1.7681909488318215,-1.9392922563668722,-1.6217881092542974,-1.4422989212186021,-2.0626320419371864,-1.7902287095486333,-2.0795954440969844,-1.765836800069607,-2.212920717186283,-1.579949551326005,-1.9258435027389131,-2.2943247531011672,-1.917167952171798,-1.3840251455556714,-2.4072938150523697,-1.4387957092236816,-1.7252291620795848
cgSYNK00333,-1.069002139508598,-0.0808459723171818,-0.8002719296725167,-1.1158933797706805,-0.6200875853684699,-0.7251321612327408,-1.1715850711516216,-0.8857385354434582,-0.1870208375657764,-0.2557359985784786,-1.3351344503610296,-0.8799195799349893,-0.6760064367198015,-0.8331441588713511,0.10212257116372109,-0.39687816692987377,-0.6908480471184687,-0.33960366231945294,-0.8214548573367968,-0.29622287649469614,-0.3392902639378594,-1.211080422859024,-1.5266781821666724,-0.77015470603743,-0.9485111063842061,-0.5240434887549035,-0.9234624854903772,-0.4898691028029218
cgSYNK00334,-4.164686532263586,-4.02722882910914,-2.4857569300960694,-3.606761343621866,-2.3031606990346356,-3.3612776034942984,-2.2715419002494546,-3.032768243167987,-3.5915372434855306,-3.734714562426664,-2.4031927990257267,-2.2808176143097603,-2.8635168420108044,-3.9104131939202142,-2.090388823894074,-3.048862041697441,-7.636624620543649,-2.993557598255568,-2.96117447672834,-4.033996591363223,-3.7495340757802094,-2.5345135206756226,-2.673273975255892,-2.1661498391188654,-2.2560708427080463,-1.5364070443188875,-2.6654423389430026,-2.5505828433898725
cgSYNK00335,-1.6361021953235997,-1.2250506260398832,-3.0127063186701926,-1.8679097446858783,-1.537115209894557,-2.0578960948241245,-1.187309579897587,-1.8714459775880574,-1.4324000386006566,-2.2243313339462576,-1.9626441332940763,-1.801528890176501,-2.533712401568,-1.4573543042968673,-1.6955082553731748,-2.082006543724297,-1.263448725317579,-1.718583106341377,-1.8254119496297758,-1.6208886359952825,-2.031236044031036,-2.233954660694809,-2.343523967953294,-1.6716256865550398,-2.457795046405257,-2.002294707195869,-2.0877700971400173,-2.1321367669324878
cgSYNK00336,1.9235591397440144,1.8615682700125398,1.1347418551483754,1.9502367952374486,1.684155169574275,1.2446137616769797,2.3373113994354253,1.3631780292492217,2.071062286634929,1.8148773780921819,1.5046177896355346,1.318331228421302,1.7169083220129175,1.5347083371801677,1.7557304155633193,1.5929080219373213,1.2969876198102137,1.210377015345649,1.477606857045657,1.826919584307744,1.378825150341278,1.4952490169754005,1.7558519514802735,1.818172048618278,1.4024443713528156,1.5472338987728966,1.0060400455734038,1.6035138940263987
cgSYNK00337,-7.636624620543649,-2.6711151647745486,-2.986919327762172,-2.825094216996677,-2.984949548008079,-7.636624620543649,-3.8997734237106196,-2.447411575755765,-3.1680726173411586,-3.467774701561349,-5.64843243911498,-2.686337904735475,-2.900673402265905,-2.240632830047478,-5.471761678374167,-4.7284469112979854,-2.4575112983603544,-4.745647928850896,-3.3987840715082123,-6.019511434309287,-3.027421012193707,-3.535715039684027,-3.6047300729259906,-7.636624620543649,-3.346066836037701,-3.621187710518541,-5.417972084278736,-2.996844149305539
cgSYNK00338,1.1699551143455258,0.6609270070347589,1.1571614798745693,1.3615450780947902,1.1275122176317536,1.6825974764597773,1.1766795458598245,1.2185044564424248,0.6060527765948122,1.162645894379457,1.3854328653961032,1.2781532253389047,1.6835850404708552,0.4028837362978409,1.2225071140429367,1.652095031118713,2.849195587634708,2.4356680512708277,1.584325961356797,1.633000321178636,0.716693964824092,2.4596734107729894,1.2655443039229333,1.2826178639605796,1.3105662017600943,1.207774666475498,1.0665567597751004,2.047689631533614
cgSYNK00339,-2.4076334834971913,-2.8085588671932,-2.6763364810705164,-2.545266197012631,-2.326722635449829,-1.3455899296086102,-2.8353944361879133,-3.018338777290187,-1.6498297027082334,-2.6597373491536747,-2.4408982780048,-2.4394798292334103,-2.2810292804477244,-2.6765842451058366,-1.8377458412602845,-2.084931711312523,-2.163523862086426,-2.4658849135627934,-1.4166484723990944,-2.158325536270044,-2.323092916921809,-2.341908608181514,-2.1861216824091785,-2.271254965810281,-2.449414466968152,-1.51501432532948,-2.235356361815393,-2.5908666686013078
cgSYNK00340,0.5667008442159203,0.3066482948141637,0.9454984401791281,0.3838220994896826,0.8254122638438259,0.11242703598579636,0.8198232497380507,0.3938307210885541,0.9198370551288738,0.81755116304038,1.123986597771294,1.3399035694898023,1.5120236653850014,-0.019540807736775884,0.8567955097402563,0.2517479814046751,1.0893804862913443,0.5906628842076125,0.27940604946316056,0.3962271779406893,0.2685782202180592,0.9756936449493039,1.4014561690765353,0.967087446289353,0.7745419428569189,0.6288937364414697,0.9821178560267086,0.4829962839407462
cgSYNK00341,-1.4316459295080093,-0.9702307278356315,-0.8296685558233642,-1.5366820637694112,-1.9461277030687394,-1.5401652135424715,-1.3721507772634978,-1.6036467603054119,-1.2786227616013868,-1.738259663296792,-1.6279094158218776,-1.9763909499158347,-1.9566240119524152,-1.1971282480708116,-1.325212668407683,-2.157099541788941,-2.115426252302424,-1.761293706261819,-1.6833507359317557,-1.3324892167729196,-2.6886077440419545,-1.4480864203853083,-1.208551856487864,-0.6596672718686422,-1.6544022554596827,-2.8052950074487004,-1.8933523053275279,-2.7594966647352397
cgSYNK00342,-3.2018986325789562,-1.826000886926103,-2.314076841672074,-1.965942718122011,-2.153489675058072,-1.6781418684673741,-1.8210267746565627,-1.4600286154751947,-2.9972947292082157,-2.693429400816616,-2.396605333644669,-2.664616247386699,-1.9618383618154622,-2.2487588668407272,-1.603015056364949,-2.8390399245647324,-1.9378371155132954,-1.9966841429347064,-1.6598316465702874,-2.013353463197985,-1.9960322895757978,-2.971017490509601,-2.5323271414195276,-1.894287550531909,-2.562569277478291,-2.4343865721610802,-1.9093518738985484,-2.0007046820001264
cgSYNC00001,-0.8893925898213689,-1.1499791769025374,-1.0692823678512766,-1.5868249327949704,-1.313016139512269,-1.6129351951733861,-1.8710028094156386,-1.8475285996707773,-0.6817973122148837,-0.8697572147987249,-1.5573662104848434,-1.2739143510645727,-1.3643000896642945,-0.7720970292967385,-1.2387460927117178,-1.2758233610150411,-1.1749365249475925,-1.0406960840817876,-0.914774918238382,-0.901436694772762,-1.4504676608115419,-1.6530269823397332,-1.141840356480852,-0.405006862452907,-1.660549589712309,-3.51217296976642,-2.8789149724414376,-4.129608510224317
cgSYNC00002,2.319957064276377,1.7484299975311586,1.8203616365222162,2.396528290736629,1.8129657160666584,3.325640616037091,1.0726876368195157,1.7342425640698362,1.0490764114975122,1.238910876745416,1.4452530040587208,1.638641534712046,1.7221877949432296,1.9810711653204083,1.7131238134634201,1.153051062396928,1.8384289006646781,1.4532199918988755,1.9282484828531115,1.2717336505166177,1.932280578121194,1.4362297251483154,1.4988969320382042,1.7175928003959515,1.876663355287415,0.9192146709206097,0.4225967420684988,0.9520699240145585
cgSYNC00003,-0.2149404856125222,-0.15710853829492633,-0.4075221379342998,-0.6275256500039763,-0.29507234680340205,-0.35896396209392345,-0.16523330874789835,-0.11446491988188152,0.037566884073243406,-0.3553840744008998,-0.18392973489884554,-0.0159501165751242,-0.9592182531230328,-0.24693306692635875,-0.44989811797359686,-0.7319156190217563,-0.30842068723484534,-0.26256449518091973,-0.16488560417185927,-0.16753084526683018,-0.3055278107267239,0.22372239463426297,-0.23755197602676675,-0.3756310719698211,-0.8299094341381763,-1.2225008201726406,-2.0263362918026777,-1.6296602796862099
cgSYNC00004,2.9559725584560526,2.474776651019732,3.034043888746871,2.8236131154425745,3.6963744670594543,3.748961459654568,3.7198995524719995,3.473274494752142,5.084225754385275,2.2908289761638074,2.04941374151553,2.948331593468788,2.297337353499754,3.64888954335409,3.40838462575608,3.3427151330083054,3.4789620191860133,3.431278975978612,2.4349321406526725,3.212038243456491,4.347122113434552,1.6328610782508817,2.508151537697941,2.837992167236895,3.3243835049338375,0.2876963357608708,0.9252533523259773,0.9206656307539751
cgSYNC00005,1.8439806809631818,2.5517667780377775,1.5924888331937121,1.7864929574809238,2.2495897728429393,2.5863559410668433,2.684103978251936,1.2775168564000745,2.0069056034136357,2.2796190376416674,2.7213693582011023,2.2293306470110386,2.059338774344008,1.581656481696725,1.154198777883543,1.7012084602638966,1.847401732939938,1.5164488557763527,1.547680602633861,1.6937890233865254,2.036594160765986,2.0209333814526786,1.0563062476049314,1.0102128257323966,1.551927747193854,-0.13254506432911362,0.8182189695081701,0.17443286165635633
cgSYNC00006,7.636624620543648,7.636624620543648,4.170959304818898,3.8773294022834848,7.636624620543648,7.239653907714193,2.542801760937156,3.1642241255783645,3.286762592008607,2.7591537678213873,3.4654627640320452,7.636624620543648,7.636624620543648,3.145386704196036,3.845793513025469,5.023537730957341,3.5123345753530657,5.982822049602817,4.408910920490638,4.668501865359307,2.85944840597201,4.772970000615231,7.636624620543648,3.709868048990711,7.636624620543648,2.5920517972592725,1.8337399197010578,2.757002612272105
cgSYNC00007,0.8868015143370002,0.5324978598178737,1.2360150127752216,1.4125021102388,0.7391508266423421,0.9581568373290208,1.5353220339823623,1.3042582310661492,0.5142192958696753,0.7078075139965978,1.1365116033374487,0.8826203276629785,0.4249918037144571,0.6947937960463557,0.902284494554286,0.8689097049200223,0.9036508514085356,1.0374673410190323,1.312585573124467,0.3955236819182277,0.6247296383253776,0.5282068710206671,1.4394240267486882,1.1318799620741944,1.2515409702819478,-0.10227428013146425,-0.007374556948285046,0.2584580492775212
cgSYNC00008,2.0174706534509808,2.2924226089444377,2.172063779552639,2.7020710087434767,3.258887945541386,1.9800857949753778,2.0319860891441706,2.276534705988823,1.876150244749759,2.489618761460732,3.0133904523143293,2.269866035163905,1.9704534647616427,2.199869328874547,1.7401018948499296,2.0246497382598228,1.9956885585415467,1.7101309338301836,2.1726030161851524,1.9022041353875945,2.5370100389121966,2.3866003934210127,3.1302922399879325,1.6777145628159735,1.3386339779761594,0.7395669395647184,0.8786535231360736,0.387855747364537
cgSYNC00009,1.5976605128675994,1.689952731653134,2.281803220657747,1.8269413852760836,2.3592969869739657,3.121533767919412,2.113781839509878,3.000627494766796,2.5581229733829254,1.8016128141097685,2.242165262190313,2.6423184385256904,2.7325911937528344,3.171378026149501,2.696916445617711,2.096083511409868,2.159868548155331,2.5926969736802903,2.9435989110529706,2.188843243919302,2.2058387858131585,1.8413036922203414,2.829772883601435,2.2573937034566267,3.008321364843605,1.2837914086318112,1.051829337773323,1.3819539232492186
cgSYNC00010,-1.1582287118909047,-0.5670819113314377,-0.6369838991326892,-0.37437094949056776,-0.6765437445765529,-1.0085162170674205,-1.0378105742532868,-0.6576813100805631,-0.9114937687740621,-1.053983026787711,-0.1530823989018664,-0.3213465815826776,-0.23427451262418225,-0.7475692334187882,-0.7580122314382112,-0.9018887872040959,-0.6551944555899547,-0.3401871876887087,-0.40373697199148834,-1.2850395315992675,-0.6991499956357581,-0.9638046334670155,-0.8823826076491238,-0.5612221503941244,-0.6173957847344235,-0.9522173531558055,-1.0006211124497784,-1.6956648780346397
cgSYNC00011,2.95939474987925,2.3599043867878997,2.158527583147146,3.4814685452706224,2.152698306153213,2.6170281560536286,1.879631173962456,2.2913848993665327,3.0404071262878163,2.303153318392739,2.6689422911955862,5.205170797153388,3.282955741689712,2.3502320396101832,1.8873527680166617,2.422078975035249,2.088787895114077,1.8815585679004543,2.925932871195978,2.56661881439736,2.0168960986770355,3.7813187649364934,3.5401573534519293,3.173484046973822,2.422070761487882,1.1620115524706132,0.7994065177996068,0.8697328564693272
cgSYNC00012,0.015671242112133717,-0.7235412150451971,-0.7882675676381914,-0.82174244605373,-0.16803365609194149,-0.15285185234991472,-0.6021638570161346,-0.503438484640936,-0.477544024559575,-0.07255141406740419,-0.21934458949609326,0.16398633839633228,0.1778262707395855,-0.13702542046395025,0.09990216880250934,-0.4966439851399273,-0.5340494701490306,-0.11500757684928802,-0.6578077299382301,0.030364903904574372,0.03271166658662212,-0.151361424787268,-0.5422041180306995,0.0454869152990537,-0.31742967936648453,-0.8475431552948378,-1.1283515169062532,-1.0363636718733444
cgSYNC00013,-0.28704260962394207,-0.5855374602590866,-0.5976349917902204,-0.42719439960116173,-0.4052411955445088,-0.2826873799073324,-0.6986391320634067,-0.0565934240346139,-0.36869443935067264,-0.5869095874478841,-0.47692894338986397,-0.36494775392478374,-0.46486321137529374,-0.6227819015774025,-0.5404843133860991,-0.4088686749110992,-0.6030801093869353,-0.4013498845020756,-0.4159747808909857,-0.016213093358272493,-0.1584952269876832,-0.05054065043448679,-0.19690884741197776,-0.19011329777680447,-0.9490227972842952,-0.7380813480733563,-1.506282644114285,-1.2963946731624703
cgSYNC00014,2.784398079115085,1.9482870458639512,2.4743283807076937,1.5822169958955687,1.484042569096656,1.9700818687424395,1.7454218236649874,1.9551977502510998,1.8688927853619774,1.8743116474025336,2.2151723245616504,2.205939191477066,1.4023426562597978,2.612802192053148,1.6276642267342143,2.063995088349185,2.091528560569927,2.834369115037938,3.019878777951231,2.8882251649322344,2.7394620477644054,3.4513335221371615,2.305972112888766,2.0549297189651936,2.365858212677784,2.1858449823447814,2.2657529292458656,2.5126652695955674
cgSYNC00015,0.3968560549830774,0.30871915532402083,0.1277363487031782,0.22096830344187995,0.7638295891264517,0.7166755573851198,0.002523724823067599,-0.30104357043998536,0.33885175054949374,0.6388416330014599,-0.06470640526718592,0.7432334479078919,0.6215488817937801,0.5238818731404766,0.41819389171157856,0.9297650601005362,0.2513261389431142,0.30913411908936184,0.08988604090687335,0.30774576074138293,0.32810121960820166,0.20118601729938446,0.7643314923173431,0.393419279875627,0.7181141693512397,0.188799397424215,0.7003242618479938,0.6856882527338573
cgSYNC00016,-0.03152199888214774,0.2515528213294578,0.18037899152084616,-0.10376663397009314,-0.12251389361296068,-0.3123713358889201,-0.4335756975058609,-0.48317225422391785,-0.18710019300596162,-0.0134650109686024,-0.37218271538222786,0.1887079313945249,-0.3003558351919912,-0.25219009791908964,0.24631249054594795,-0.05983152757363194,-0.3865051398164326,0.09161502377905542,-0.011902759974486686,-0.3915466819413626,-0.31578099477660804,-0.17175121849189404,-0.28510867750785196,-0.19037530025837246,-0.23172075286456292,-0.37476388317011694,0.3547987109227804,0.007012699103130235
cgSYNC00017,-4.5826588570360975,-2.385672364778072,-3.6194453525333863,-3.5169624826473047,-2.2426663635486213,-3.4830221966003543,-2.6522296066861264,-2.147646552250599,-5.393947848593997,-2.5034006146675596,-2.6188376373434465,-3.2196033033355933,-2.47158036305147,-2.882592374141649,-2.9035847141987454,-2.454581607768041,-2.814642096605916,-4.411353838825356,-2.529088032524799,-2.982433971435373,-2.820157904531531,-4.176952624676422,-2.918053155483476,-5.252307041654499,-2.2904631000502356,-2.434945258972613,-1.5073648008537324,-1.9515062763933253
cgSYNC00018,-1.176799865016405,-1.0099216609635584,-1.317096335090069,-0.5716082269862214,-0.9430852954540623,-1.1448449099406495,-1.0025871348753619,-0.2833559411044688,-0.4007315093681778,-0.4592248492836292,-0.4678011399573924,-0.294349915166958,-0.6857780245601393,-0.27614905779347587,-0.46062244348210335,-0.18346128206791892,-0.5329640376767996,-0.5024716555234178,-0.5873656154795129,-0.45905000473746266,-1.2081022654889733,-0.854641215830405,-0.475128303214122,-0.5462473637205834,-1.0803096842848912,-0.19909626447514,-0.270526469205051,0.10986191860117718
cgSYNC00019,-1.258262733697431,-1.427349728291779,-1.3723083916152514,-1.3613986804496907,-1.1985648321397682,-1.3781934610727968,-1.3376530480037645,-0.9604628682042898,-1.0280635935424878,-1.6427427226245643,-1.4501382843480584,-1.2276863442603199,-1.3610683051366443,-1.9293569984131702,-1.1068854555675116,-1.5964584940179531,-1.0397540151333617,-1.5894342216655182,-1.3843448546524664,-0.7501906911168046,-1.4953517429478964,-1.1216362643878008,-1.3629883268309828,-1.2758926698637743,-2.0910768259099,-1.485094254405562,-1.0291716922880285,-1.4152777325471444
cgSYNC00020,-0.932843599860357,-1.6069749053002285,-1.7013137775314335,-1.6018398736721204,-1.4002691960811828,-2.037707431832402,-1.8251306021613245,-2.2794860397531953,-1.0219797050234796,-2.2594290462423663,-1.3630853689883211,-1.084063320264703,-1.8060578929408602,-1.5414092105406734,-1.7825294728018153,-1.455128393501061,-1.5970775166164966,-1.0607082342312113,-1.5431760945489439,-2.1053947624344205,-2.437383411692479,-1.6068979082609036,-1.058123529998388,-1.75667715803572,-1.0143772796897268,-0.6252715697657174,-1.0827196189547925,-1.466247845194628
cgSYNC00021,1.565225179958674,1.5214422077385656,1.0608581274009685,1.122781392350734,1.439904666552046,1.2933722526068951,1.428893919945332,0.6647482736586912,1.159554599308705,0.9617752510024001,1.4542980164761987,1.2896008279613838,1.7945651029335468,1.1497140580646505,1.4589291757994054,0.9457752555919448,1.3238884115636786,1.021676752302244,0.873947185672048,0.9821380000611477,0.7609438005969067,1.0843180853671581,1.4975888077373116,0.4542877242257009,0.9482765235933869,0.7258565334981444,1.580620772957959,1.9408152775370204
cgSYNC00022,1.3689654611688706,1.7548200653327777,1.5115683275346388,1.812322824925268,1.604206698078624,2.822023092842731,2.8888576535837465,1.1514636483411378,3.528042393872339,1.4412263802239724,1.4315688669310247,1.2746313802958422,0.9347994414298817,1.8930427676534574,1.7940140980463701,1.2249515125971773,1.779845910688123,1.8504462105316497,1.4374572409709114,1.4520407866832545,1.512270755966382,1.6080898785838924,1.1506735797032797,1.1199677218069544,1.5258737074430837,2.4062374427568116,2.29787374992887,2.1482172010706493
cgSYNC00023,-0.1843146249836266,-0.42484083027181585,0.2777491169721234,-0.18792694745146732,-0.0790504503754169,-0.36812929177159054,-0.076791828086514,-0.27352553326653667,0.5076987706889533,0.1788378028203456,-0.423633789610252,-0.2025049993400883,-0.33143502783089857,0.26039303613804066,0.13526233297739787,-0.9175109940411562,0.19109871320651056,-0.8591383873568583,-0.10224069296765119,-0.08776938452928951,0.03985902090036746,-0.15295575564569308,0.45295724861638775,-0.12092379954848635,-0.407993643087298,-0.4676804819491309,0.39762200714443713,-0.054184173697842654
cgSYNC00024,-2.6884378626597396,-4.9691092893319535,-2.897094549131671,-2.8219319933675266,-2.5386738114263525,-3.5504298042838136,-2.6098754641139044,-6.747501937210444,-6.560389112723135,-5.4348551494146085,-3.032704272932409,-4.07491685870965,-3.168071122454147,-3.083708901002424,-3.9509087828011182,-7.636624620543649,-2.8710266951163526,-2.6404569575958172,-2.040733494535292,-2.479906476303026,-3.8097294896699774,-3.1227558720933217,-3.769535660013097,-2.735732581151163,-2.92824764278156,-2.119254800802993,-6.160694794370131,-1.3810465812767938
cgSYNC00025,-5.19871141846769,-7.636624620543649,-4.96936691375119,-3.31190679745938,-3.1652916862441844,-5.844913202701251,-3.823571772614381,-2.947629065081758,-3.6044970881291647,-2.811631537064573,-4.561230608035909,-3.089196393181331,-4.612219749107279,-2.608316074220759,-3.209628835096551,-2.746321772271675,-5.788522832958897,-4.5213411665564855,-2.131486619653923,-5.952638012904199,-3.7025322563897776,-3.906714411619613,-7.636624620543649,-5.296471493249923,-4.620532086203587,-3.061830492285592,-2.2998570973583603,-2.649501008596241
cgSYNC00026,-0.25008097179039707,-0.13510126209138523,0.5728384368471228,0.18155750985516053,-0.1685573265669607,0.6550226202827719,0.07868070070742082,0.008029210909417881,-0.5702500000381215,-0.4571351911202071,0.05714935964404799,-0.4181593539288254,-0.14046290528585192,-0.06898303180664242,0.08998687420690304,-0.14548739153092763,0.06490665363320175,0.6308327931844514,0.01883015187532367,-0.6394835767854005,-0.5961329863806875,0.3143891714942946,0.17479249651919965,-0.5085347503765959,0.2918151475027166,0.36912736928593526,0.32092499604104974,0.11538383127253081
cgSYNC00027,0.109601111203985,0.307996667092433,0.5921360266667463,0.42962269603079234,0.217733690914088,0.7171508394099522,-0.015607575456393848,-0.05209308490569152,0.8149876497078684,0.3943182958575269,0.2685454148546755,-0.1684692769061624,0.7542155787915974,0.9116666072193939,0.5251624060303028,0.39321081243345085,0.6008793902368635,0.1587249886050867,0.650095556079449,0.654986726822376,0.40005416310089464,0.6165732779915741,0.057780459924222136,0.31683174539616726,0.38857950256762075,0.2622950632798163,1.1306581094186925,0.648413677988862
cgSYNC00028,-0.40626312868748565,-0.7579731982708556,-1.29183062868757,-0.6218119201972934,-0.30309057490058805,-0.48522863292574314,-0.7851799609738631,-0.8567189400751388,0.23175825367199943,-0.7655650710691211,-0.6490806623613355,-0.3555950205587279,-1.0920204482363274,-0.3728662810706166,-0.2527156208056042,-0.6293516051884295,-0.8569594166979277,-1.3517954917564998,-0.6634795485117928,-0.6019946236359943,-0.8284750313231424,-0.34550444006613357,-0.4908672835165599,-1.078443355292941,-0.3810582232675244,-0.35296389102972453,-0.5425136305025924,-0.7387575621588303
cgSYNC00029,-1.5120946081259667,-2.1051060099316916,-2.6795378731572317,-1.8806525974465362,-1.9263969024276748,-1.3414445983505272,-2.6362813476505935,-2.0614921943545816,-3.578504899105745,-1.665264129435757,-2.7531237996787623,-2.4921282577319266,-2.277439809271049,-3.3846105631864076,-4.196217557288456,-2.6888498723839573,-2.496875995852909,-1.4333551490841558,-2.4574266223399506,-3.1491871423656375,-1.6476230881721925,-2.945099668613021,-2.4915753637967644,-4.399291179356294,-1.9159993679971583,-2.0289163885624486,-1.796849483694993,-1.733759917726639
cgSYNC00030,-1.707899800366565,-1.1404442185327353,-1.0605074535054664,-1.0726518343689833,-1.2165120983372923,-0.758080103243301,-1.1719005690552675,-0.5626243472648275,-1.5516831900812367,-1.2967083387018263,-0.6656284737547511,-0.5734689429819871,-0.9901371323109008,-1.1479043172287857,-0.9857766917765098,-0.7186181155146644,-1.01934087898764,-0.9438155910879442,-1.515842104764972,-0.6464804939485068,-0.750686143545539,-0.9542581497408744,-1.0999057857258974,-1.0710264072495568,-1.1197589494139804,-1.6850888199124052,-0.7356165928474472,-0.8743716218878257
cgSYNC00031,1.1724936297661084,1.7575591604439207,1.8101364165524882,1.30664384444011,1.483178619081797,0.7672777313867998,1.916154601432385,1.482230025662416,1.069568058229351,1.0654232528811034,0.7637897342618531,0.9904855904812305,1.0834157566761613,1.944241165672686,1.2504519599226822,1.4001393670839974,1.2555615607872626,1.5217377282350433,2.0628045849693515,0.7466107663430926,0.9690938483383646,1.663049478038881,0.5733796064987596,0.6158633873894387,0.9307084645860586,1.4191478768856138,0.7985425499392195,1.0425486284759276
cgSYNC00032,-0.2968711330815942,-0.12941715956706978,0.06830428880479947,-0.3943396738891357,-0.08691929583827897,-0.01154427829569572,-0.4274951281012469,-0.3772378372779203,-0.08288942178938492,-0.0507948815728587,0.5888355113977545,0.02851248379063426,-0.7052417698017903,-0.4304573430562837,-0.098484697889624,-0.16727489462823622,0.41961167282238715,-0.23574379417474942,0.2997086265918403,-0.4850822165867058,0.16034965841659946,-0.0038300145269688896,-0.7977115280837485,-0.009873580442670817,0.17174368595755982,0.022691593610164176,-0.6024114779764816,0.13398120239129138
cgSYNC00033,1.6489886736970392,0.813682525192772,0.7979130823078968,0.689643217042019,1.0789741709091651,1.1491261926748408,0.7581932830546849,0.6640449101520198,1.5504124500923064,0.08936052821317218,1.0637474330323287,1.293990957220222,0.5281337862458761,1.2246759442552897,1.182395878529049,0.43672062981961024,0.623974090616947,1.0102975039986095,1.423930583595923,0.7823957568040816,0.8084701153919418,0.7885590428099298,0.7408148747884734,1.1724737539246015,1.0237371801052335,0.4600193177810508,1.2017582751022633,0.7687789065261531
cgSYNC00034,-1.6464935120018827,-2.3114077746117645,-1.3616776669157407,-2.256337568244306,-2.6203109190361307,-1.5226933258469912,-2.8566046155179667,-2.859385262863067,-1.9573147796323755,-1.0557094869245076,-3.1912666160177574,-2.458472032613413,-2.937763530941216,-1.8377540865568356,-2.5612554730244868,-2.7040434165860585,-3.9758871701539196,-2.000558328587275,-1.8092682691731587,-1.8238574581575708,-2.2756180597646174,-1.7124994624724235,-2.3700473526649986,-1.992734213316003,-1.8205248278385828,-2.556991765698885,-2.660316701048008,-2.2737706606455697
cgSYNC00035,-5.335785765538115,-7.636624620543649,-7.094628098469611,-7.636624620543649,-2.958051781850584,-2.6269116380450104,-2.86188038139597,-2.153671624701504,-4.824037577100652,-2.742427794949073,-3.2365120635192475,-2.3885250583870734,-3.4766460509472767,-3.391911760035745,-4.880889712223144,-2.369770867844582,-3.658668014540194,-3.055864786126702,-3.2399456173608283,-3.16069142853522,-3.9705926314637527,-2.3863710519959334,-3.5187471883232777,-5.950825280822042,-4.777044717458106,-3.8436793615851794,-3.0923538542054514,-1.9773097414557803
cgSYNC00036,-0.9968403421087352,-0.9293605863076102,-0.22227346996698527,-0.4087276980855157,-0.5769131349803693,-0.42239444686175304,-0.7352763293848801,-0.06099426283010922,-0.5345050545560125,-0.5968717773265775,-0.7784140980674986,-0.8008885544187329,-0.14798041884155946,-0.5569710517677597,-0.24876897903324502,0.07144977180897721,-0.35033168275781773,-0.024283042013265494,-0.5185023918913232,-0.6613976541228783,-0.1580393414318237,-0.42782293196530463,-0.5282225634920239,-0.7000362943604717,-0.3560486813874973,-0.37297586023650586,-1.1225178891624856,-0.4462579664688067
cgSYNC00037,-2.632756217022451,-2.559107345671596,-2.412299984543346,-4.3224716374920185,-1.9040802451553875,-3.431867140770765,-2.423426100808565,-2.687560198792056,-3.9563078406999326,-2.3905102173115416,-2.766768177935434,-2.8080608656439705,-3.613693774079764,-2.1286032897526876,-2.22614607304555,-2.0684697059491617,-2.3071458640766385,-3.42751571866768,-3.5611229862211538,-2.529079567814622,-1.4085247024499512,-1.6214142575552817,-2.337923947913209,-2.8298977341440743,-2.6293315963293122,-2.9646762419000896,-2.276890385369132,-4.028582823594919
cgSYNC00038,2.0927658143737173,1.529595999518162,2.9886601705005633,2.21563594264609,1.9930402842136257,3.0079028696485284,1.6098946738343674,1.803150828448385,3.0249222269586395,2.058001602039998,2.571617067958788,1.4069935635806368,1.546680474186566,3.024962163089103,1.9773070804138249,2.038937272200655,3.1660903374206932,1.769461592566293,1.5412079126798035,2.2594242292477515,3.263574915974392,1.9027264802615171,2.42811449090207,1.7566183387991299,1.8363976404210185,1.6808301158838201,1.761433924649771,2.9290432718249777
cgSYNC00039,1.9467580136920863,1.6919429275006674,2.097714478102913,2.102406356862548,1.748257866342255,1.4711979474659347,1.7824197055689635,1.3785359764143814,2.330764692404974,1.5772538151950786,2.47900001417798,1.3056213882287793,1.7998444555947128,1.6877948255316966,1.8988347485424237,1.5447120366183125,1.4072851108915896,2.2760540160809626,2.74959104770615,1.5776756902495779,2.5265465546886325,1.4446491429576025,2.552413840993283,1.6971488273420194,1.4926712093959276,2.765405124560545,2.6206598344297163,1.5780253766131385
cgSYNC00040,1.2339708853774314,0.837709493011392,1.4309793748116415,1.6049257609780414,0.7568785709123592,1.3155717362518424,1.0960078171445895,1.1133333509616536,1.5570603504597182,1.0344963520324355,0.7322357108614965,0.916915622555345,1.0016123706826559,0.36190145241201166,0.9791702547056127,0.7162539043214994,1.0883835385204292,1.3174014989790366,1.591822152564966,0.9541349526858391,0.8180162319471547,1.1600082589206808,0.7225090455901625,1.865550046562641,1.036454784023208,0.954625743970025,0.9308019156455685,1.4656184045085494
cgSYNC00041,-1.9244374212986546,-1.2286510702654772,-0.3290164866615031,-0.7843143108172232,-1.3122645322388091,-0.9010924516551312,-1.677940138489821,-0.6915221077981355,-1.4499688894480403,-0.4146014745607766,-0.7394499576118911,-1.112154463588336,-0.7428475159163003,-1.5558891792723586,-1.1990416535656416,-0.8173900907760817,-0.7383805381333907,-0.5965101628657424,-1.1537390433725714,-1.0378425530883604,-1.0434684018421265,-1.118792545348564,-0.6366448543891072,-0.7658596828945932,-0.8991104693834558,-1.1813841223548658,-2.4346475179517837,-1.029928948050142
cgSYNC00042,0.713137241131595,0.5649568082935911,0.005488622212009231,0.02867764679382358,-0.18527260044378333,0.4481421353298888,0.3697456849756686,0.3087358601523546,0.30979264543248974,0.38446526462625,1.0394201899710396,0.32518311428154995,0.59919294212246,0.07961216014732682,0.5709509407995413,0.8197535296663337,0.7149476825618598,-0.08440258841798894,0.9959782974362659,0.22426407188763856,0.5370783253256145,1.0090417142202288,0.6830347705361022,0.416370477612772,0.39467117260532547,0.7078994889572765,0.3459212003391627,-0.10257140504225934
cgSYNC00043,1.07826646561289,1.3472046953495806,0.8555383272666282,0.532363074635515,0.31639348604760226,0.369960880516749,0.6377948764352253,1.0244796262082911,0.6412449230313508,0.6222387687920257,0.5952730604582797,0.05632209763996143,0.4682594635658529,1.0530699013102733,0.6261114928659852,0.9587549247044956,0.9031401313827171,0.6153336967414188,0.04556427114666311,0.6781366492117316,0.6951145352359178,0.963951492910485,0.13809560447028205,0.2712592092807888,0.6406474705244213,0.938409887311529,1.0283133745139335,0.45772765367124485
cgSYNC00044,1.873102802123148,1.3082473281846017,1.133701596607354,1.47890537504552,1.0949619164549602,2.2609498951207576,1.1865025541867902,1.0700987412953185,1.0098741395237156,1.240113048691517,1.4355172512520065,1.5507592082521262,1.2874846952143297,1.7562900563919173,1.063387544556334,1.9424735240991777,1.859446579816905,1.634644060343692,1.6506198209043998,1.3023959169726016,1.0124331583327182,1.3389100146161887,2.270565398840495,1.6792679862195283,1.7457259158297154,0.8014307730851106,1.3948848891696344,1.2801434107191738
cgSYNC00045,2.2760198521816464,1.5418472310206806,1.9420997639178847,2.6690246681686443,2.2329928362386466,2.085567154615033,2.4959777007121984,1.512631414340711,1.8912805728246715,2.7944682491141073,2.096571222596268,1.6674362180053157,2.375818526318126,1.602478906562137,1.220598267866604,2.365308344934163,2.7278912268585973,2.6069227463431655,1.8403842505216388,2.192532392208063,2.1194190811304785,1.647461789918529,1.8656134203729284,2.1875106209344777,2.2624052817489266,2.018409195371521,2.4401054081939813,1.9988707272519826
cgSYNC00046,2.3244577164487725,3.7095155024223128,4.177886752131854,2.7603530602244035,2.3239778316663022,4.202417875510706,1.836436196416271,1.7466097811830914,2.269077740145918,2.8074367836237872,2.380780703725411,4.1201366419348915,2.843409920128852,1.9251247404463965,2.2556480978107727,1.9250335339673499,2.552494409743675,2.2880386942550537,2.461964635935824,2.6590166236602295,2.7001900767080556,1.4997630088790646,2.2771387699045493,2.4928149597033595,1.7267398204714783,2.1730281178032076,1.8820050634940697,3.6237214737763317
cgSYNC00047,-7.636624620543649,-3.126323710105468,-4.172391339422558,-4.053789059670617,-4.555471678537207,-3.408183614359093,-4.5507515661021305,-3.8225364558360755,-7.636624620543649,-3.2145249874778914,-3.087924735209286,-3.8615782201139397,-4.715432836206849,-7.636624620543649,-7.636624620543649,-2.9932815577747895,-3.889585806056162,-4.347090144944355,-7.636624620543649,-4.352002339146783,-2.2171017591106073,-5.278963470789244,-2.703541788892618,-2.808542348927586,-4.3960500503636855,-5.246760516606598,-2.983692151041024,-3.3067941394151616
cgSYNC00048,-1.7291684947656663,-2.061048350715137,-2.3394329308740875,-1.7118394324132318,-1.7919320292768266,-1.7903060150310788,-1.9314740792408753,-2.10675981049862,-1.553580273558877,-2.0649973635465315,-1.636541893134192,-1.9684746806553777,-2.217698828429828,-1.8939477505264954,-2.720373828674901,-2.1477233746401225,-2.0673644559633573,-1.4046526794909577,-1.6770036747872326,-2.1581293183671737,-1.758607249747096,-1.6233174131946873,-0.9767527675120434,-1.3487049678017695,-2.5455741052187792,-1.2622614711039086,-1.663778397467218,-1.6418230168711336
cgSYNC00049,-1.6502762459536433,-2.169553839145011,-3.8408245496168294,-1.9012734267379983,-2.0865102044049966,-1.9235004086162972,-2.240706013784268,-1.8927759985232069,-2.0909215739821083,-2.63357799609418,-1.5631006187119711,-2.0386118515185263,-2.3950737313752755,-1.61766032538611,-2.1481987386734422,-2.160814535423203,-0.9900666183028608,-2.2818929384952766,-1.6330962584316981,-1.2152664587081292,-1.8128336889468204,-1.3594754446348127,-2.0344892873088987,-2.3170077083406113,-1.3523013638338874,-2.0539159061002508,-2.1515999984644085,-1.6665135479516686
cgSYNC00050,-5.014490374291946,-2.0894949010580195,-4.292343960469828,-3.1654168700775407,-3.189131989025801,-3.771835653351316,-7.636624620543649,-3.2181630400821835,-2.421131697723459,-3.746756875214765,-5.636894793418372,-3.4203121451513447,-7.445893133806868,-2.893569174949028,-3.428976988434227,-3.4948859640412806,-4.7832279161671805,-4.584061009417153,-2.9908532569616173,-1.8380520216911382,-4.163625938178106,-3.268069116439023,-2.3668759879439505,-3.0267746344201822,-2.6832223662600714,-2.6723662148854395,-2.8063894917371393,-4.413521231682995
cgSYNC00051,1.0216018401614666,0.21260472666495966,0.8509499386613828,0.6296985947580077,0.10826303881874805,0.8449548075680355,1.0221298641273273,0.42771833911234197,0.6061525639620825,0.8181086012035326,0.8550667642094866,0.7259225977872479,0.5888175061421809,0.42948659424456975,0.40700745820066037,0.5202732821522644,0.8935884549803295,0.7598129822158198,0.6897622688585671,1.2013529032089298,0.6010368319198583,0.6769372101955607,0.30297995901376273,0.5505620389998858,0.983154215477379,0.7768532899258112,0.06146223221293447,1.202023060802177
cgSYNC00052,-0.5094592985681989,-0.6695101585167986,-0.5425161812879613,-0.4930458649934326,-0.8855572895215782,-0.6653230294885268,-0.8289442243170458,-0.7326902467599029,-0.5473520406611179,-0.8384766781445662,-0.5938271708522714,-1.1822970300703015,-0.5899625020673355,0.4583859572431415,-0.5574715353711795,-0.40003550961640955,-0.15976859983590808,-0.31251632429107046,-0.4471836305159635,-0.07827344660827168,-1.0102101800395518,-0.7751657986509325,-0.4958628545359218,-0.5569789834806705,-1.1378108901166297,-0.8170403021207348,-0.2833686837761824,-0.5761434615879346
cgSYNC00053,-0.5514711333714435,-0.10065420591757747,-0.23539895117157472,-0.4130719337318202,-0.15978083745988253,-0.35379331241022,-0.36941257328500193,-0.19081259760659766,-1.0223113415133729,-0.3256283965922833,-0.265480499770771,-0.25079898315675564,-0.0006118059607469765,-0.3821661732850286,0.00302517672622063,-0.2703956891992097,0.3344714120964561,-0.4515938054334459,-0.306805674198586,0.06034096552336754,-0.06852616968874214,-0.44996013047278155,0.48652638556632394,0.050155319601282854,-0.5446194589373752,-0.6275227934719959,0.07967950203791928,-0.24277090242603422
cgSYNC00054,-2.22148825918847,-2.151474033971599,-1.7744577429206254,-4.817900441176937,-2.4220359087742396,-2.2807747147592865,-2.6469570285668143,-2.9061386019817244,-2.5678335274096775,-2.705398155433354,-2.915656540828164,-3.1373257637531005,-2.12782706593373,-1.2851076061106357,-1.5110241564371867,-1.5196840984491355,-1.9394459799903874,-3.167728224443643,-3.3190488454407125,-3.2056721623927324,-3.4726199018791624,-2.5243003380629014,-3.732780861520813,-2.3316576967236697,-3.169927825618947,-1.7123738235861905,-1.2476145325000856,-2.1023468160050713
cgSYNC00055,-1.3807653959701802,-1.6733327775655802,-1.4196969273163884,-1.6880282549504817,-1.77989478997216,-1.648267821973534,-2.176060609707051,-1.8542949509325624,-1.6523686982073953,-1.5373506872264953,-1.7987601949427736,-1.2268787821292761,-1.007783260308079,-2.0605590006302923,-1.303321366074762,-1.8073905076500245,-1.1852157615866703,-2.667441474495389,-1.6708877103512938,-1.2461962747977353,-1.262896969453713,-1.576097960292374,-1.9347288032979182,-2.033628870115989,-0.9776450531060932,-0.8619552642209932,-1.4455663840347437,-1.4040971199726737
cgSYNC00056,-2.0386474920571622,-3.231467654470589,-3.093018867966748,-3.1603215337488186,-2.9903075658313254,-3.1770613935896135,-2.2066924966485737,-2.5285521792191865,-3.343267116413935,-2.847531487969156,-2.3907551458902825,-2.2862077181018883,-2.2952400842300635,-2.490497294868813,-3.8851143340581027,-2.7428936945481,-2.764143577879377,-7.636624620543649,-3.17464058798977,-4.151363549319558,-3.1086000659883664,-2.269807976895756,-4.324368673346752,-2.9685117375270003,-2.0116081799278924,-2.9482910582792186,-2.0785493860657533,-2.0833676972465134
cgSYNC00057,0.9950356392101046,1.0546969862091187,1.2939727457655723,0.9902401498691976,1.153884403850551,1.3004872244281582,0.8394673318397743,1.363034060605954,1.2727991462925767,1.6110571413343158,1.3301166613869242,1.2188408382134504,1.200555839641714,1.8851697504396534,1.2680309846205768,1.9905858802634793,1.3486777614380254,1.9165475489381014,1.647716585355402,2.3283049122210895,1.2219004105453484,1.0876426152331817,0.7331287472556738,0.9852367970232967,1.6860073854441273,2.285062683888414,1.4316858022575767,1.5371540543772262
cgSYNC00058,-1.9599055376579306,-2.38032609936992,-2.1029497835407684,-1.4802663217773564,-2.2122924558404677,-2.944452025415583,-2.2243187846596486,-1.8088542140139825,-1.685524011516771,-2.1007088551206037,-1.7807501199405888,-1.4749947229016973,-2.412313369550536,-1.6905336615570972,-2.6108525083186427,-1.2212975066584122,-1.9887955877466164,-1.1981482673906168,-1.5939480357637894,-2.1605792841296263,-1.9468241171788532,-2.209039151285333,-1.5350940673167612,-1.6425513395302227,-2.117990927978745,-1.8767369252041137,-2.590522854276137,-1.852721507189311
cgSYNC00059,1.3386413578331007,1.8195233538303253,1.5930739265673584,0.7971469995730996,1.2053610311026586,1.8247679096445384,1.3073442482267998,1.3838439519243224,2.141093002201261,1.624486376323999,2.1355851318390227,2.606825402796734,1.6924113210276843,3.170489217508255,2.029774415796014,2.1673880921745607,1.7833029174818136,1.285887524278699,1.6510450730910584,1.3949182631504804,1.1829810138192867,1.7772512987452302,2.4697758165177364,1.3397391605400462,1.7934865046469148,1.5365852559124424,2.470030458954217,2.027647805191798
cgSYNC00060,-0.16347824894793483,0.22425645476884062,-0.42434010947492895,-0.19627076239703004,0.08315311710855336,-0.04014290348466906,-0.6181937153719592,-0.15374270230926984,-0.7884548431139866,-0.47615751420145935,-0.15532963815131756,0.11497696868206818,-0.16032379271295405,-0.5875365808797951,-0.302519805815163,-0.19054814890780872,-0.2187146980343606,-0.17986050842574122,-0.3805623644562019,-0.8209219537173413,-0.1605369344472334,-0.8630611647372796,-0.05342706055810445,0.0005812542626557143,-0.2854070367852648,-0.32493876402360283,-0.3563517212772165,-0.729000296687048
cgSYNC00061,0.6900939156910888,1.5578494820127315,0.1918128973418536,0.4841792680217877,0.6317009706248826,1.169382961825175,0.04958493738673033,0.18819640680805394,0.9689903930818794,0.8032783498028796,1.1812477979601395,0.547745570435895,0.27379401508435197,0.5487818184617556,0.6255602970874136,0.6524738161685466,0.21514954626638239,0.4148666579169234,0.8124145187027952,0.41332244446187577,0.49780201452475836,0.33143359422948754,0.5041690398169405,0.01231542482580909,0.6986675562051423,1.2406437861812418,0.6986269387478289,1.0693508640139722
cgSYNC00062,-3.308187820039283,-2.2418264379109547,-1.9555109110086615,-1.4949902050086865,-1.9306661281395998,-2.017066251934147,-1.4790410786308155,-1.8352934516045145,-1.959950269510599,-1.9793660361622525,-3.113066420573296,-1.6500888289450448,-1.3799221338362804,-1.9526676170688633,-1.3582001629844902,-1.8731373853859516,-1.542322646056519,-1.5136404300843886,-1.4550910552043708,-2.7947079288523216,-1.470942784591923,-1.660967663716192,-1.9787535248268655,-1.5364324150045479,-2.6945703671028896,-2.058185317948752,-1.3385217730266652,-2.4403784523814136
cgSYNC00063,-2.105361347264274,-2.9001462863577356,-2.0967090798842234,-2.9544203026200946,-3.011571080597694,-2.1836543311948025,-2.113425194219044,-2.415966724437749,-2.7241511856608436,-2.6092559936803825,-2.028055947530089,-2.205092938711917,-3.957608789109582,-2.4027163257587625,-2.898973531308096,-1.5091917893744735,-1.4686944463716767,-3.104856632068862,-1.9961641157820729,-3.149081263170453,-2.0129445763471314,-1.693579016874019,-2.3676009065576467,-2.0910733397582457,-1.972475746392286,-3.701839648484343,-2.2117334470175574,-1.8829451278591947
cgSYNC00064,0.023058322996050158,-0.39027587294955984,-0.21589096100752167,-0.554470488053265,0.034864557074834865,0.15844960562660498,-0.16858784069820384,-0.17199373169495769,0.44100612592570704,-0.6313350290720536,-0.4934707434746325,-0.6882986056286259,0.05238624082588735,-0.6316661861403492,0.12080714598109073,-0.21574912722691475,-0.2799964558053606,0.042836701503510134,-0.36011874057650306,-0.4471681853470873,-0.25448326601757004,-0.19150395440128715,-0.36208894306024775,-0.11633082995150912,-0.4075626470651882,-0.6512924763320405,-0.37787312564723724,-0.15319772520695885
cgSYNC00065,-1.0154493381941576,-2.114611229792824,-1.1813323702969711,-1.7041658624021356,-1.4140706356547144,-1.7432222332789593,-1.333568843377553,-2.1227826033014456,-1.3499942010416748,-1.4347564854486508,-2.049203987613309,-1.3003626462215074,-1.7467486461904356,-1.0998832201146846,-1.2814667255530032,-1.3090559908893051,-1.5291855288782281,-2.0396527036509946,-1.331458555570619,-1.4664858706011874,-2.178773447832089,-2.11629542089231,-1.6478998318752627,-1.775688462234727,-1.5414436625958363,-1.6233005733740256,-1.666134864450782,-1.569574474852095
cgSYNC00066,-1.3500308910267793,-1.4933282817236473,-2.148240883967345,-2.0599844154780453,-2.329599562807948,-1.2072323219315102,-1.8285429784339668,-1.9275591998100823,-2.2196183275634755,-1.4035194563811826,-2.3006128199504303,-1.3463021872527374,-0.913681233245333,-0.9676540178323197,-1.6590794716047337,-1.170805073256797,-1.461064816022449,-1.919376192380878,-1.6885580872613044,-1.2119722278640304,-1.9314016760586912,-2.0251648106499753,-2.144144236935914,-1.0176431207138357,-1.3665738499276427,-1.1455126278887962,-2.050713091590186,-2.2465382391713424
cgSYNC00067,-2.0579143805290476,-1.8672885012923472,-1.2514632759647055,-2.6632971611352767,-2.8995792017696367,-2.526123331678259,-1.9108207345861625,-2.7233894678131234,-1.7919588141890552,-1.8491915490416775,-2.3065688822855037,-1.6910020369090428,-2.5104920584596524,-2.3367549051902046,-1.941080816462875,-2.87209698148272,-2.4861228667216926,-2.2217727059494936,-3.245095128422486,-1.2470993016863336,-1.831366885005172,-2.4085782491677805,-1.8442089321912862,-1.7130722248592951,-2.3411450570873322,-1.4322681480949444,-2.002426036744508,-2.5393349978105006
cgSYNC00068,0.7577640868900948,1.4988373021217094,0.9667289704132597,1.446248666661229,1.7422001320516567,1.3744970396610725,0.8760517124774236,1.6288560760034267,1.726299163327465,1.101205451355734,1.779894914315093,0.860056430866994,1.4734477080571158,1.2397950970856166,1.46447942806681,0.8538697878463237,0.5174182892354292,0.742806704056347,1.3139817789084536,0.9082749328937126,1.5488892157407912,1.4407108026864992,0.7557236321477715,1.019722028225909,0.689177025746113,0.9635763661684152,1.3904941584433288,1.1887049395026936
cgSYNC00069,-0.11848619142613034,-0.1275569583766311,0.2987414031092713,-0.5366086823798322,0.06577633299696821,-0.4444144413338402,-0.3040938438064803,-0.17181355275492208,0.8052467676174393,-0.1969547687667357,-0.4293658269354104,-0.35102820910796617,-0.9903971801299568,-0.1701151587838233,-0.5888523461689936,-0.05826605684389483,-0.6773331677823315,-0.27495291557013257,-0.20450793770704226,-0.32474616996121,0.16295831037641814,-0.24613395917054282,-0.7001851942636623,-0.48377145158274293,-0.08331973038184873,0.07761841347369769,-0.5906969394136075,0.026912485133748724
cgSYNC00070,-0.6905995961307225,-1.351342591663606,-0.2561140276351217,-0.8563164411034971,-0.6167854214069108,-1.415337504251855,-0.5541405092100495,-0.6422259132149497,-1.1964564118666956,-0.5612929038817642,-0.6654210945531792,-0.7764484935441799,-0.890988690427848,-0.5893933976273356,-0.48526281813208866,-1.0465004287779123,-0.9399817673235543,-1.2333083054452083,-0.7623954336056208,-0.3864316580551759,-0.977705701762576,-0.9148581011687826,-0.9525532027027085,-0.7936437416565049,-0.5130792429773835,-1.0062286554538973,-0.04145306954434529,-0.42112708411567884
cgSYNC00071,-1.2274259902448112,-1.1297202366026522,-1.5082621796492603,-1.8774428767953883,-1.4985603376216825,-2.2065930083499286,-1.4655924986762796,-1.173018216755925,-1.3750588392774117,-1.3711440838295432,-1.4037300092609686,-1.863508077255069,-1.9377665655789231,-1.9316662760561294,-1.4122922677405212,-1.4380332182953826,-1.5158315519939802,-2.404387394709365,-1.2903994730896478,-1.2689683660989124,-1.6711896070454584,-1.7984391630691605,-1.933499559183482,-1.2646953593411387,-0.8196429802953217,-1.5622141421896625,-1.0490778212026484,-1.4851270030077643
cgSYNC00072,-0.25679158462004387,-0.46499414634188246,-0.33980184368020355,-0.7926873763639756,-0.5668387463663312,-0.5624956590836446,-0.9063613896690516,-0.4682921960012388,-0.16188252477004944,-0.7627192180312061,-0.5734388006512044,-0.39309480645830674,-1.0440685369561988,-1.228400945473117,-0.4757906602345455,-0.5864016965517769,-1.1256265935307646,-0.15531797096268077,-0.1347728241352,-0.3499581308918104,0.00632015987781309,-0.029110348448365922,-0.40527833013028736,-0.5765673184796218,-0.9292314257246772,-0.4910793991148611,-0.3837141873449205,-0.9900689887373523
cgSYNC00073,-0.9673961232272675,-1.3691952779077936,-1.8843561009976229,-1.3533045535789936,-0.7123471141368077,-1.850354665972976,-1.15643752036799,-1.0088061892183504,-1.3031024309621368,-1.372406620781233,-1.7538140941572067,-1.8697007086441677,-0.8482407573503467,-1.089331703576845,-1.6961637036410597,-0.853196748887875,-1.887660687994438,-1.3618266669176673,-1.6640086802111753,-0.9159753829761303,-1.7602071922182567,-0.5880461424456055,-0.3934338324190941,-1.8883607441454386,-1.2786993616565843,-1.3632503570279542,-0.9165577784150194,-1.2724948068975808
cgSYNC00074,-0.6522727934918834,0.12231108137042275,-0.5358684800680651,-0.06407825636648984,-0.16356511068895627,-0.18375391278316686,-0.05913299726720141,-0.03692543519245674,0.1994245155505966,-0.42779520426951523,-0.4311342763798071,0.5905957472119364,-0.4315159043780726,-0.23689719007902457,-0.3283946433465164,0.014451549953873417,-0.010179830235010954,0.12959179371829577,0.09952375839510952,-0.19177806500897168,-0.33203573729838104,-0.23309940397436696,0.3255929223863043,-0.2818306940156691,0.032623196999057365,-0.39161111752647654,0.47443509560238495,-0.0631112015586527
cgSYNC00075,-0.6926352975129324,-0.6326940294400633,-0.1870411378156432,-0.24091717049794306,-0.130430552315318,-0.1636006877226958,0.003563913877720818,-0.4006327196012294,-0.8454412769816518,-0.4658481850239879,0.23618801132976472,-0.45349358408014634,-0.5989800605058869,-0.0674184098398253,-0.5642429610872323,-0.34619499817128363,-0.34292308081480133,-0.25772614155832607,-0.09316819132361731,-0.40841719400158666,-0.6671709201912366,-0.9774135842530498,-1.1681289063025033,0.303571246438889,-0.41741847260502063,-0.25725226926010875,0.29225822869207296,-0.006018146321913918
cgSYNC00076,-1.7705838047325537,-1.6996864692982296,-1.0114368965668474,-0.7809442791490163,-1.1298966341220882,-1.5006886052923163,-1.3651637662777991,-1.1668073252402429,-1.74861808395997,-1.2282555303348317,-1.4515982698588112,-1.2624598581135738,-1.1102327819617863,-1.1966503339725982,-1.8479459467853152,-1.5164509094367287,-1.251009508176674,-2.1399914606284627,-1.4683218647456184,-1.4569957208422526,-1.2366463031904529,-0.9955948955017284,-1.8256319381164887,-1.7126614612201763,-1.5085970555953077,-1.5313221875056402,-1.472656781487299,-1.5188576064084718
cgSYNC00077,1.5132937574919012,2.718334990497861,1.4728545334825478,2.0993444094996994,0.8501563975543187,1.5422196126459795,1.9457688962138462,1.421500743866793,2.704608319248116,1.281230268168895,1.332529893933991,1.6927885163269851,2.1064354870591155,1.8215531240200022,1.0759644408106006,2.2897719269337817,1.5004188357933863,2.2483818613303974,2.063043674011217,2.0135271616124264,1.344282616262549,1.2677253477894377,1.6579675112165773,2.0604282405962735,1.3939312865869855,1.5374910001868793,2.1360285544694535,2.819533976257116
cgSYNC00078,-2.6526847062625687,-2.1923415136625417,-3.730089732858778,-2.1844455291101053,-3.1150429762691614,-6.043541214364208,-4.977716610773121,-2.537921591199095,-3.651441530351694,-3.4220399444468614,-2.2506119736398857,-4.014643370714584,-3.637918956442646,-3.008206937847461,-2.5490147710385975,-2.610594636970066,-1.9582720166368892,-2.8285800808504584,-2.845610200247462,-3.5987211814580564,-4.306115487638287,-2.735407089980666,-2.374722651897609,-2.531006731644555,-2.1798120521747655,-1.5214036474321493,-2.2313699266959715,-3.627167340004501
cgSYNC00079,1.124233342679859,0.7723925025347846,0.579843615679187,0.2021406469089091,1.3124431129807361,0.9068993014782488,0.9355744685602667,0.9912477538398906,0.8690858474508784,0.48280753698065015,1.1320920628492472,0.5925881452518723,0.23259857794322178,0.8513196599438053,0.5377541781322224,0.7925339051608762,1.3655305298795708,0.7276460671675139,0.9198081768263973,0.5820728619182457,0.22432583984323318,-0.008800711763146162,0.8623353428085628,0.8249353112483685,0.19361400668528897,1.3465815401787606,0.42610837908217164,0.7573112768190106
cgSYNC00080,0.5566598267176106,0.6741149776893808,1.0505387177003973,0.6811736177492311,0.12676964740946478,0.6996529680088412,1.046194868220572,1.219010998704533,0.8801915267443137,0.37512649390869207,0.9311739223017408,1.2604265354369126,0.39731052789430815,1.0901903192184559,0.67279256972298,1.2548580842398729,1.2016548980477249,0.4107485732260917,1.0300191288793112,1.04648746252188,1.293459000173561,0.8232982151030857,0.7148929237909096,0.5116771176096101,1.4201194974760571,0.23978238690298678,-0.04108679622878736,1.5103536384832197
cgSYNC00081,-0.9123210039996168,-0.5003172470923747,-0.45477472653264495,-0.9691700374329193,-0.6813847776009481,-0.891187835512009,-0.20892222407528172,-0.9876795253281767,-1.000988295430026,-0.6487824139194397,-0.3593217842992692,-0.4099320515828496,0.20009271319828154,-0.5720161095777819,-0.26051801597486945,-0.6146516786078835,-0.6559539518903376,-0.27976147595812034,-0.7162383507740786,-0.7352118277068262,-0.7218023321934782,-0.5406892452961493,-0.6832396175744572,-0.132944129142739,-0.2955896871963057,-0.24272030633849356,-0.8446145144025894,-0.15140763955474054
cgSYNC00082,-0.4233875095946409,0.10368206190988624,-0.2309498356908249,0.19160978774802914,-0.40877446485357366,-0.7229601005389495,-0.2895203778625179,0.5003613129681049,0.40950454506570555,0.16428150867855895,-0.1121683704077484,-0.0009272732082548004,0.24836033005853306,0.1331254633584794,0.17302563805081062,-0.1033775584865647,-0.06823192675241485,0.10582527776712425,-0.39610837567718166,-0.17600311198521015,0.046809027879301086,-0.028463042650162123,-0.44972359029055575,-0.19505960535963418,0.11904951057504887,-0.09193476000120177,-0.023836433598839604,0.37310827871890184
cgSYNC00083,-0.1901194886285901,0.34331379418306857,0.03851188999539544,0.24747939155346152,-0.21676317028376402,0.050160695763299415,0.34147991453901316,-0.24910860389774783,0.22681914276316623,0.08948234431680202,-0.08832974881850994,0.6350772460944688,0.3742138691784533,0.23540794370326706,0.14101506928756366,-0.09486746910682357,0.13631581259733222,-0.19984022522410547,-0.18470722611007695,-0.02083986109037104,0.12295285130733458,-0.2197384149760333,0.5870604834570763,-0.22829392864849712,0.11867503927613383,0.10038707608978054,-0.37657195845503827,0.06005883988864825
cgSYNC00084,2.7662128169798126,4.868535420930203,2.7115216183786366,2.1397812642960754,1.8838270356323397,2.5990372325025044,2.790273270389885,2.847843847524595,5.023613656572128,2.984108162608827,2.0396758929301644,3.046344299299542,1.7876520899978277,2.5447052601892364,1.6673176830957386,2.2623829365103933,2.962654161802404,2.215660437490105,2.944516350920958,2.0696209036981275,3.7182834997918373,1.6671174074600463,1.2673280516297682,2.657000456540004,2.599509842441098,2.4843933376954275,2.042578254172361,2.9827260261857025
cgSYNC00085,1.177467280849083,1.379519078432039,1.0690850276306156,0.420207184140671,0.6678875399679487,0.9931401502850541,1.012580432027994,0.9365881132866798,0.6039419958043454,0.554854857083707,0.7188287043828597,0.7983691530399553,0.9897779609846205,1.4621223205245861,0.5109816838036526,0.5239528069584647,0.9830201242081426,0.6440038709341165,0.420719090185594,0.945940918023829,0.7001999914773754,1.0114281008050723,0.5441882415891616,0.9468461428143435,0.5869764222688856,0.8736789913657714,0.6896811327970641,1.1882889096247091
cgSYNC00086,2.5286102858833246,2.2658770616583848,1.660352695924533,2.7466209200740894,2.3044007859456683,2.3049236806290714,1.7696118135471302,2.2521543258900567,2.279618858945682,2.2031749436597754,2.015745198631041,1.795005774594655,1.8428357857673037,2.2457968133662196,2.8998233419789274,2.425075210727063,1.3438747860268387,2.5116451664228303,2.9546678615079225,1.5023451318415537,1.9194829863328127,2.784169752750695,1.982971559722164,3.1248640526290083,2.677924541516378,1.6454033725054478,2.3897625381235055,3.169522499347693
cgSYNC00087,0.25723230107316564,0.05723618537248364,0.44381537167378365,0.5505633172380516,-0.07689797382852905,0.15162370533300884,0.2919673165251386,0.8928972862061374,0.15976619559998748,1.058031252645358,0.061895398742666405,0.6108537969589733,0.6185985066355408,-0.16273006557866074,0.16237471286704835,0.47931360575291104,-0.48400619088932684,0.334387149046868,0.5047749032836635,0.43107541792967924,0.4634047522572271,-0.24290283348484404,1.2495709469013876,0.18582407790826816,0.5971802283462675,0.09588096323217846,0.17064860846503355,0.2930465476555814
cgSYNC00088,1.4742362144267724,2.1168643773363223,1.8740346522688938,2.3749240652862698,3.387473185261158,2.484607238676219,2.7513724555129144,2.1184589350873573,1.5741700774402168,2.7510543432171004,2.5028643318243136,2.623576466554088,2.646838080962427,2.4492119295426864,2.5511239513630484,3.4970366952897867,2.319782066171258,2.047711489511265,2.207785769367082,2.0765693066543696,6.527841453050831,2.776658646724628,2.2973856053215105,4.731251747613131,3.2337747255990403,2.373545824525148,2.9570306044671506,2.7755085719943406
cgSYNC00089,-0.827577026648497,-0.5169291748578572,-0.9583875298466409,-1.2843186238303772,-1.0062399092270267,-0.580344853634869,-0.11078789499937469,-0.8304051564177349,-1.2188079448391562,-0.5045165051624405,-1.1263411012549447,-0.6468017258412325,-1.1384080650017356,-1.0171140212817702,-0.6021769887099759,-0.8277618839133478,-0.8159033960087305,-1.0676733684539235,-1.1969659698136101,-0.6772447252473921,-0.7520934615475956,-0.6067623324176838,-0.16849517048450594,-1.2696307211737823,-1.3392793386205049,-1.5975864474881,-0.5940858251639907,-0.846802639701931
cgSYNC00090,-2.614548034138007,-2.625456417160426,-2.218904071176875,-2.2955222239716626,-2.0983772530926506,-1.9127821100198672,-2.201632689948248,-2.5979013219672904,-2.4050413664244608,-2.0877856829581014,-2.2215795832345924,-2.316934374518931,-2.3060447053753577,-1.5935045471271962,-1.8091763280977964,-2.291370260541937,-2.425550912845687,-1.2584849181117852,-2.48716416222782,-2.2661441408642657,-2.9859630395631753,-2.996819857047886,-2.6439703299480013,-2.3371349146108646,-1.8137899917390292,-3.142007044605157,-3.0012905827822105,-2.3403314606712478
cgSYNC00091,0.05451817496799078,0.3270941287334583,-0.06130359164413423,-0.16240052594693377,-0.13204813981414654,0.10209603235163993,0.11316841614435079,-0.4551580797805899,-0.38452976456176374,-0.6742479447139428,0.23312461527800837,-0.32493481275710195,-0.22543535725342936,-0.09711707102602717,0.0339612598864063,-0.18424270671666065,-0.00887790737808439,0.0003328132034787375,-0.5931830153988309,-0.3613173255197781,-0.36099741773674154,0.05883194739905093,-0.12702727767232075,-0.34051447698356885,0.29009311971551943,-0.4222533509409114,-0.6944754987939867,0.29715494931965836
cgSYNC00092,-1.1464929961801733,-0.37736401705444794,-0.8279743076290514,-1.1430653930803598,-0.5613596001130063,-0.1792636874844344,-0.2346408259393631,-0.22199422104224675,-0.16341526235571865,-0.5904990959764698,-0.20895338034271158,-0.012603675494415443,0.2704580611080068,-0.30138178173271274,-0.014108495827404945,-0.9874835444683723,-0.7189314608796172,-0.4409460541084743,0.28298530305199543,-0.7507742279751186,-1.0586756781797668,-0.7276287228933446,-0.2807079504513298,-0.20558752387865697,0.5210032790684126,-0.4096695103374439,-0.37118376553025006,-0.4596686224259897
cgSYNC00093,-1.8888189207539223,-2.1476076519014704,-2.148370339920518,-2.8543573653793164,-1.8521116898792136,-2.5464889568346045,-2.2297437299978093,-1.6458728117122587,-3.153973375825757,-2.2414308487563153,-1.5285771587835462,-1.7699350037060966,-1.9988870724681962,-2.6407616189904113,-3.743026687126592,-2.464192146630351,-2.922899992117088,-2.043541963950924,-4.430019710125027,-2.2263040647069428,-1.3802369629669518,-6.300156100582138,-1.350143914928284,-2.9484317624340584,-3.7149143029029355,-2.6863243193688544,-2.5772386602541593,-1.7117888664653527
cgSYNC00094,2.027961134752859,1.778838548478177,1.527845854152246,1.8345000614714675,2.2405368187815022,2.8455475308322806,1.7701334379059854,2.3784104269850204,2.2756721703505627,2.704609023387548,1.9610945047499853,1.849793650059165,2.228787289548447,1.8441992743956837,1.495615876362078,1.9315489540668085,2.032151327674308,1.7669428889492547,2.249918984258926,2.0618566731333727,2.457567296970306,1.8862492240303752,2.1414950603079626,1.7645920216644195,1.6639111929224775,1.6733605213832015,1.0346350035531418,1.7969075233736038
cgSYNC00095,4.070212460649998,2.9270823928063017,1.851550152706542,1.702144771691955,1.8805638669051645,0.9764389885681741,2.0890912771026895,2.2984581009379785,2.9680577517152624,2.929418483737653,2.173543992047219,2.0804364660986643,5.874232711778384,1.5645163090236078,1.8987103162455112,2.932061967183269,0.9992983840805167,2.119119083645013,2.557808175748441,1.9887581307093984,2.1202052626131036,4.5919631989490055,7.636624620543648,2.9481828308080718,3.008674571415706,1.6895903303050972,2.1671282337723126,1.8670691534456731
cgSYNC00096,1.0136571475833551,0.8754689971140841,0.7907124934982296,0.6058603376919576,0.3120491974136234,0.812298124409559,0.9643979631380951,0.812971383404053,0.2958112804822837,0.5016249191158326,0.22048624858554572,0.7937363427649244,0.669473850444729,0.1421372560179407,1.1153410199033904,0.38080640376473723,0.34073334443510933,0.9883281630485111,0.5956395023122316,0.10953903421048594,0.59504353109618,0.8093091024834085,0.5232581370994716,0.9743003318314117,0.2097915495147155,0.13107987954295647,0.91855946687288,0.4700625306718209
cgSYNC00097,-2.010610800565118,-3.190954617134234,-2.5383298852345755,-5.043622652081356,-1.7911068710645526,-2.7947462451012517,-3.920018023289528,-2.2173993190710655,-2.0548818870465313,-3.2397699412313075,-2.6622154313218944,-2.4408327695850116,-1.7792397156154844,-2.0833499660323365,-1.975185981204119,-1.8384448126745678,-4.4803207153854645,-2.9313529542442973,-4.193644657897705,-1.8868843964726885,-2.2038080664524515,-3.1880618524838473,-2.443696560067043,-1.3168465754833598,-1.9997343808376526,-2.684907143255224,-2.07682499124038,-3.94934127114916
cgSYNC00098,0.3888256806349591,0.3965543511602331,-0.18049663558394852,1.7794611571373868,0.552488344251123,0.19750881346850158,0.08994672227475974,0.01704725623762338,0.6454873368365843,1.260427449012924,0.03177334087396039,0.23593249938656255,0.7666022386804796,0.6193258942157276,0.6465620059157628,0.5285792222915401,0.6311878070154877,0.6505973955595223,0.7492794829722321,0.6383873827660409,0.5467627726684469,0.8107688111067006,0.22432516719682868,0.8315334707062687,0.3873360844735765,0.4883446971899376,0.5445707516308869,0.664232684318848
cgSYNC00099,0.20953221747435655,0.38836389854720693,0.5678299014228972,0.704646194903224,0.4321229675566071,0.12325444492927044,1.0129173071047768,0.9632006333234009,0.48440713101879695,0.4030568920831053,0.6108351733797465,0.7599733768265842,0.25922607373668777,0.6321469608362821,0.1971163268046298,0.7391073386014637,0.15210435246934598,0.39279530885887337,0.8391012613299688,0.06617476730519523,0.5732684613496222,0.30184972510178665,0.12244770674416809,0.4289082406733884,0.22447699438749993,0.45007147992575236,0.8450512627317861,-0.19738422128571773
cgSYNC00100,2.8936045749926933,1.5153819636818835,2.9310899568528233,3.7623262438892304,4.459644618203096,2.778303743932293,2.445528021145233,2.0895804752446683,2.0538116455810154,2.153122228390051,2.7002382287032054,3.9521675676035746,2.8082715385185595,2.464514085330097,4.39678497519937,2.4347671161600517,2.0258605208646117,1.948822717031928,2.8213149094128998,3.9605354404718014,2.299465329323431,4.155245250894457,1.756929013130857,1.6895147430945618,3.498538484528685,3.4314089069215856,2.8623975827090957,2.8227828566053375
cgSYNC00101,2.7815404263152095,2.6410554718678623,2.5011706757682677,3.1390534520768565,2.9152685477261655,2.482569810182431,1.9532755953310972,3.1296598271269622,4.090744667592885,1.807027376599689,2.461279455309033,2.4853563739170053,3.119991606013839,4.711792599433079,2.8217765813506457,1.9682621389564505,2.9572174612983355,1.8477805363392772,4.253981497437745,2.059075468098762,2.559547211020414,2.6364527269514832,2.1139956217983777,2.6484765716382386,1.7586769029284945,3.651583246387049,2.5392304860682238,3.5768359252261157
cgSYNC00102,-0.08395202027918576,0.91839451607944,-0.07160310118169402,0.19974194090638023,0.8099798920898059,0.8909704108048517,0.6009876539762893,0.7353174561875441,0.583900889155608,0.04364210943453512,0.3421367638400809,0.24243871425713917,0.3415467354204387,0.307348339515218,0.45513727262856346,0.43163402568923803,0.18268385796680492,0.09195563741818429,0.32979668540224555,-0.26219194966133647,0.3757486096676941,0.9124919350454621,0.005803220707045041,0.42734988529574125,0.21707456095127575,0.2838189341068117,0.6966590443463687,-0.16256169265733925
cgSYNC00103,-1.055120608406257,-0.7508573364083188,-1.0729976674300876,-1.3710325225022906,-1.6137388628289244,-2.145413337885443,-1.3132721125158884,-1.9067936400017274,-0.6997423640408273,-0.40287134436592875,-1.4987421725518164,-1.2131079117387311,-0.6914763519699316,-1.233052168815868,-0.876409479749684,-1.3661295404544167,-2.3442022079072036,-1.1519749192612343,-0.9921805940693579,-2.053872841542104,-2.1667655141620283,-2.1951385061289685,-1.8802428120151289,-1.2724885761760474,-1.2129323690113603,-1.1832938959177477,-2.3705574518315875,-0.9680571586372867
cgSYNC00104,1.0207880488517045,1.1295704717497728,1.3119392030206558,0.7893870096074728,1.1889602440892824,1.0925543982250832,1.3218719209943823,1.1948620110923567,0.9800447896195986,0.5376699812545545,1.7373890823028182,2.475929534145914,1.4841624254829473,1.0003739562299494,1.3722544523273341,1.7769191035049945,1.014942829172505,1.2139400772083453,1.4621897436094569,1.4918116070201195,0.547388001751862,1.3670030864408222,0.8119253406327117,1.0841275328867206,1.4116166500390397,1.3863691475437323,1.2133815028975958,2.053035445362436
cgSYNC00105,-2.8443086630746968,-2.5439189968050346,-4.557798399703075,-2.6643610161631366,-2.913628034399467,-2.3426074994248975,-2.5344202064776606,-2.795787139346715,-2.9500805179052616,-3.1747091769134563,-3.8833788475297117,-5.124314098460044,-7.411955379424853,-3.2472292737000203,-2.9829324250462235,-4.324380099815616,-1.7307282330818954,-2.9711612479549805,-2.9356717694056114,-2.4060986119001804,-3.3291210274683634,-2.483522339679971,-4.9171080524358874,-3.466010746961372,-2.6511410231236123,-4.038794997967455,-2.4473255114434287,-2.832706933520288
cgSYNC00106,-2.96671901285339,-2.094044589065041,-2.769985554309991,-2.1905259504730945,-3.3567704448105586,-2.51254737376858,-2.1352856214863984,-2.6836820574459432,-4.00468088502597,-3.768951505383987,-4.601579451517773,-2.1505534438520977,-3.018676844797316,-4.477299993583607,-3.959119779820601,-2.782622796908843,-2.7741637779263923,-3.592598158159374,-5.928976585021543,-2.9665847354327326,-7.636624620543649,-3.115489918458213,-3.7650270181462666,-2.600816277800344,-3.725856282905598,-3.1475212766739316,-3.030586034709223,-2.8490811182436193
cgSYNC00107,2.298758839583335,2.014213300083856,2.124898981402922,1.6234231480907146,1.5663966651069898,1.3458105548025066,2.061385366413243,1.3305073465279613,1.4230895174785303,2.007303840045108,1.6480170687174407,1.7905269746907029,1.7794829598311737,1.8958597226511462,1.3996562047619936,0.9841696899433547,1.9104189414423747,1.9698919946749227,2.611138734738934,1.5994287731867265,1.7400585121939653,1.8921720546450398,1.5428707246986364,2.4957706461525255,1.0325673555898403,1.4608913075313856,2.3395617379829408,1.251014991688718
cgSYNC00108,-0.6481022661797978,-0.7207029609992028,-0.886505410444475,-0.3231448229595698,-0.5092123432732732,-0.41637523074054916,-0.569948625312818,-0.6288046569754522,0.23939556549296898,-0.2733315287426925,-0.6244165782225496,0.011396709532414676,-0.47365324609225284,-1.0054167245086787,0.2567880489845888,-0.3426244924338699,-0.7036246283436057,-0.22702622615745624,-0.42443475750445214,-0.5820867675222794,-0.588052795632936,-0.6953117812098611,-0.9222139173734488,-0.505479609605325,-0.6242713847548631,-0.7753184100991012,-0.9917616179149976,-0.41706499569079775
cgSYNC00109,-0.4163366747276007,-0.5181810085044235,0.4167760714461443,-0.5499345921675645,-0.574657900018998,-1.028593121484549,-0.2514778705595415,-0.7601916298635663,-0.6042078131950634,0.20948644101311215,-1.0678114937835648,-1.0113644605697065,-0.07445202555887598,-0.5745734080647078,-0.36523359662158655,-0.37531018455972304,-0.5834082815174163,-0.8228346545929751,-0.1789274817256262,-0.7218318546434096,-0.2917964692907678,-0.01941927353536929,-0.592047329022156,-0.5190683844741637,-0.48093246916361304,-0.5991837536354166,-0.7873704062103192,0.027698044967939227
cgSYNC00110,0.8963301816191066,1.251666603198859,1.3603430547475117,1.9285109518350203,1.2086127775885833,1.7027701660283894,1.3063165331081925,1.1377455587253071,1.7594170278700552,1.331320691724802,1.2696013406400988,1.5641448137454843,1.0111662827231482,0.9030073795457971,1.1740395800421126,0.7502215750422571,1.1074895536389222,1.2053284821887802,2.5164685445803414,0.8853409249892883,2.170079187200377,0.619565426110717,1.415103451388307,0.7967670539578167,0.8574209365644174,2.3228486493002847,1.478936561874166,1.0446498553618282
cgSYNC00111,2.192058426063094,2.360539772916444,1.8736278854174286,2.225737200159879,1.7130651918275905,2.2019660801091026,2.525490445274998,2.141237878010246,2.1713931994601956,2.8500575500539362,2.1980057596063176,2.0976213392626586,2.5168719894307086,1.8457167632657665,1.7828594530032131,2.2227548903378844,3.87014749567456,2.6067053600156695,2.3733089203582165,2.669774697897075,2.001128370260476,1.3308403261562225,1.8532732664559948,2.272663910614124,2.2651001958012533,2.151205124728478,3.615661499132427,1.658143328422976
cgSYNC00112,1.0880751154516057,0.6836734875665226,0.7693603211984371,0.8366182138106206,0.7513670524760866,0.7181878237522689,1.2563375897860127,1.1841348691730256,2.028153959127882,1.2980183956702291,1.0086350383776352,0.947073333132842,0.6600763547676454,0.6232027865199737,0.9797394003610067,0.5398534322633594,1.713063267087277,0.9583189942022455,1.220391323656861,0.7533018499465404,1.037914661199857,0.8388237029189287,1.0264794948674167,0.6948486106135893,0.6794982809807479,1.228683071851899,1.0441099076116487,1.379403202153199
cgSYNC00113,0.3511328223560334,0.297334374533879,0.16515279370193733,0.6997930864482073,0.0348869880076323,-0.24035503661319146,0.5370725499862835,0.17736370312474548,0.2790782385534826,-0.6298751722742737,0.00011310806737056909,0.3961946503159204,0.3582457070291038,-0.33929248566512243,0.5668335860361787,0.36495782364437335,0.1468550413507772,-0.23543389855450506,0.19782851705177026,0.4139065869459085,0.010018967207600283,0.578470691442612,0.4099293971448992,-0.056478175757517596,0.10983706835876729,0.34506631721492587,-0.2766192645225363,0.23814628986160344
cgSYNC00114,2.514617857849155,1.9990812317165911,2.351084234887764,2.0404341313072236,1.6319181028831315,1.3929232434684289,0.47050231433569345,1.1800471898085574,2.039804232457734,2.1441286517977263,1.2291568804974693,1.4428723888537565,2.313664247556401,1.5532965976829398,1.9020596044579476,2.201610042511178,3.1346317378402544,2.604798047578124,2.0520258949020214,1.276647724091286,1.9342399185957415,1.9373527289848773,1.2793326792026698,1.6408392110550027,2.058106025408869,1.567495600525706,1.6076174526438305,1.9359767289547134
cgSYNC00115,-2.5967024518329573,-4.542083188448985,-4.198914449183943,-3.2209667419711896,-3.8270470925258713,-3.749237375725092,-3.815302105944395,-5.408742700988866,-4.262331658568126,-3.387670169501984,-2.696489864103486,-3.241644854473471,-2.953668081290346,-2.7611826328193674,-5.145560683641773,-3.1801390163359224,-2.6945662163141857,-3.977601896289507,-3.5951942195692768,-3.087542458044202,-3.636336424200827,-2.592805861287676,-7.636624620543649,-4.133658566826903,-2.917173124197157,-2.5863343215005314,-2.19412618970997,-3.2826777959312157
cgSYNC00116,-0.495771263337896,-0.5339326611757538,-1.1638171468495746,-0.2767063641155893,-0.6827696341360008,-0.754531774284216,-1.5710547765258136,-0.8849130326891687,0.07677923836447198,-0.5652670556462717,0.18998682238757544,-0.1962147392424805,-0.5417392644348117,-0.48653334963209305,-0.14819727775267805,-0.7125309263775189,-0.7488240402597701,-0.45691229468753264,-1.1654135753476242,-0.5848217040796885,0.3924195967529402,-0.4890072089182725,-0.33218752374111665,-0.7470093161641649,-0.5013973628595284,-0.48108334047900453,-0.44682042942982425,-0.17903594862305802
cgSYNC00117,2.8198131197490492,1.9993796482044959,1.9057540226491085,2.685877451775594,2.603986911532024,2.0508014220056388,2.6366397925955383,2.984022485132716,2.6100333658538197,2.036565024110741,2.196737101439951,2.1779310533243503,5.112153822761141,2.5477429115116452,1.5892553739863808,2.879417575497857,1.7753682614136301,2.8518424103044278,2.0990195367004865,2.0459560037448123,1.7359737365257684,3.5607064055947726,2.5139017530467855,2.2141403124905934,1.8922460353426576,2.688423792619542,3.011113024153691,2.4450683839582714
cgSYNC00118,1.734649761808308,1.4785029577601485,2.9342855816159834,2.5949006760963615,1.8062253930033376,2.9380272499980196,3.264807630958179,2.021396739010929,2.3219710119424675,2.0450927498907423,2.983618541792736,3.0722661339107105,2.5030334784270445,2.1433061382782777,2.3142802773311475,2.4991176852507193,2.2688940469666248,2.028342959847559,2.0043545834098886,2.416639081708826,2.2133503895006736,3.0049865149794295,4.373648569630744,1.9458341485839896,2.0610480045090585,2.1580339364165124,3.0176459823710267,2.0787557725636665
cgSYNC00119,1.0588569366498133,0.2975756057707352,0.10339303392899575,0.24994274040560266,0.45752437023851866,0.8074208899216316,0.06691584982896487,0.5072502263160608,0.5448482775930533,0.5903164902813469,0.5368841067303152,0.3376485724509036,0.28482490047336756,0.2763960959173129,0.7564381048461123,0.4481032413900184,0.3498480128898088,0.6913767393713929,0.36438791822210925,0.05690844808447225,0.7183793005455236,0.41900593488723725,0.47967724898457187,0.262048175081227,-0.3175750813336119,1.1294011078555175,-0.4218080791458033,0.25114420832603757
cgSYNC00120,-1.6801788240000688,-2.3972408086833554,-1.7363618192065933,-2.597951897940019,-3.1423208887982517,-1.674578376568336,-2.1598290699933553,-2.173356227149759,-1.994122043351199,-1.6759694387988315,-1.8425442326606862,-1.8011965072707807,-1.7038317684793844,-1.259995669530673,-1.7714694770520452,-1.6126285982972293,-2.1631542521838942,-2.159482971778847,-1.7854825342376723,-2.1751526574776223,-1.9682498355971685,-1.7696759540314797,-2.0144520934496932,-1.8478735461696574,-1.4089388506335763,-1.9298295118224666,-1.974396485871558,-1.0909384101872037
cgSYNC00121,0.12305279223763281,-0.09275864672152095,-0.05755404328606484,-0.6117163780596514,-0.41743228197176296,-0.4357340935583782,-0.8086369398873577,-0.2609725810197934,-0.2587081078403414,-0.4388338190514961,-0.8387691438559409,-0.5702030294360539,-0.24335060751533455,-0.5971434009601414,-0.494722767978602,-0.5410288239870096,-0.7914938095945944,-0.8025344024895428,-0.2423679268697341,-0.48612426007637094,0.14212801947996417,-0.667369272370826,-1.0978286941618018,-1.0657215294865379,-0.8219772076988695,-0.41895320731549335,-0.3332580476567775,-0.6714528191897805
cgSYNC00122,-1.6365864108100965,-1.6700002760046262,-1.264712384692435,-0.9592686492466819,-1.2447199792049497,-2.1887689086891315,-1.4612597572687833,-1.6608331638431175,-2.3831355904884735,-1.2211110029794643,-1.8919479918304638,-1.5067390616896896,-1.26646270915834,-1.1810996868720443,-1.7748089197161865,-2.055978593358839,-0.9231026038923069,-1.0796145184828148,-1.5934704977538352,-2.267877976899723,-1.0964387044165176,-1.3791435838498591,-0.9624700676042414,-1.4030513604214114,-1.1161734568434933,-2.234072820458049,-1.3086013845315267,-1.3929186143670238
cgSYNC00123,-1.5188146322748435,-1.710913293601198,-1.6314621276103536,-3.0831318933653633,-1.3271429132826442,-1.8902290544705866,-1.9131326114371305,-2.100235852784212,-2.9791462474127757,-2.244205181576225,-2.6489155444039865,-1.8464943062037453,-2.002357968332973,-2.0935045472188256,-2.4813194044004137,-2.750137511503842,-2.4993938629051264,-1.915113859198072,-2.478801855496955,-2.191602856469036,-2.0399453176235367,-3.3977364434095514,-1.1589861309206808,-2.201479002974889,-2.178623101440361,-1.1602264923859007,-2.696928434898521,-2.0452627672859895
cgSYNC00124,-3.0586566217569833,-2.1320280587612337,-1.4191535828174198,-1.6152099757253982,-1.9736059845940102,-1.5617877847031205,-1.3361175947434532,-1.6364252278544413,-2.246314090638375,-1.5317179692792937,-1.8738604954791214,-1.7201568861567,-1.33691886795726,-1.7017109798803605,-2.9768203640911888,-2.194033081537062,-1.6179139579542505,-1.7329314378892606,-2.051775283338912,-1.2898516723762752,-2.1835627007868363,-2.1144818545622566,-2.260204382236865,-2.450364042594531,-1.189978107592166,-2.0074159089460366,-2.1388823199663056,-3.330748753239692
cgSYNC00125,-3.103726123661237,-2.6125573974622944,-3.63748244315233,-2.937605483232678,-3.4384399337637146,-2.1180527894214967,-1.3991686879939742,-2.3564099958393485,-2.667363499097921,-1.7129224667300378,-3.016164815842413,-2.149099582753816,-2.2850319033094606,-2.371736862567456,-2.5272243413953808,-2.8789931191084523,-3.1908820881322324,-2.7260015052497133,-4.057600883575088,-3.108814936399068,-2.415181969818582,-3.235158578117323,-2.9413074123644503,-2.635643751920222,-5.693705928709616,-2.410492625287911,-2.5706348125397827,-3.482584242863758
cgSYNC00126,0.7132535733800882,1.009845410063726,1.1639943029904944,1.1859212805522854,1.143128001989214,0.7931600645713299,0.6461090102647152,1.1047757356806938,1.3296268160665148,1.3748379952886909,0.6709541638790775,0.7268400474613309,0.8494721954932416,1.0834598963420534,1.416298724433596,1.3244222425232166,0.9481490526912241,1.4513803921453752,0.5927387009211296,0.8834146476287605,1.9980095245164193,1.0810977450451829,1.1642133833054755,1.3284357672995029,1.4265620302602524,1.1312453358493775,1.3778024854553517,1.2817322311153556
cgSYNC00127,1.781707429289936,1.7035558496112597,1.3756631508354016,1.5069001156516162,1.6502296877429476,0.42546664503471976,1.024835751165843,0.9965328526108183,1.5859554323010927,1.1044934474236061,1.978795573139618,1.6336260109047775,1.6072905352698414,1.2790011347749428,2.5918003053772485,2.1073332401298153,1.6022540521341895,2.524021235023714,1.0150814773736547,0.9391797395812906,1.4786858235635691,1.2644152266835136,1.454174571661957,1.2599304746764277,1.443445285985749,1.783971286232602,3.501629498633552,1.9028701228688456
cgSYNC00128,-0.30335784395148707,-0.6708207777972116,-0.7510524715776263,-0.5596872670306398,-0.41853784118916504,-0.5916429022142883,-0.2848277672122202,-0.2680606505450344,-0.5327109961218653,-0.6965971472729501,-1.0301351664499367,-0.20783943498242044,-0.8877925736267837,-0.735084644965381,-0.7237192758711232,-0.36869408981460466,-1.0716312731025164,-0.5882428167207868,-0.6043674820685322,-0.27379524672181144,-0.7158551756104139,-0.8288608962946683,-0.28627694058692227,-0.4137076819412976,-0.634493120112917,0.03172431478064566,-0.4321438493385006,-0.5607133332755221
cgSYNC00129,-1.583033209637494,-0.6979213658645913,-1.5813784218733644,-1.1824992635517917,-1.5199703873558559,-1.364603424086989,-1.4538724965630039,-1.0234515621979476,-1.2885418190435092,-1.5387401200849808,-1.1126160560100447,-1.7165563951008949,-2.4337164976859067,-1.0723261174118253,-1.0612978195889087,-1.3685954998257113,-1.9024567897888798,-1.3030102895910074,-0.7824620488376914,-2.020802752419391,-1.0791114233532362,-0.887213860716392,-0.8723937027672463,-1.4216127982111402,-1.0617746833790895,-1.2850337029348196,-0.8728931305295266,-1.5087172049561288
cgSYNC00130,-0.35417187380017395,-0.25126605571415395,-0.6314197670434245,-0.5677102984470437,0.22194562890962122,-0.11024038651105086,0.5075456502872902,0.4481755673212512,0.7085302680996476,0.025524234423441195,0.07123416161145395,0.3706738876167038,0.6182613151386401,0.3718194627670968,0.3416693868163287,-0.23720188822457663,-0.4676164320684156,0.7550717881608761,-0.3099410192118815,-0.3294486114986518,0.02302939743553048,0.2683920672843785,-0.09269328363521119,-0.2737692053139816,0.1882928497328763,-0.205454620330836,-0.14502114013375947,0.1254063049301232
cgSYNC00131,-2.8064663646221972,-1.9314016203313475,-1.4415904450876353,-1.4113057313860171,-1.550530971019399,-2.971780761281508,-1.510167849352486,-1.7007843648118202,-1.3929852296359633,-1.6692100488828585,-1.2061465125292692,-1.6575607452080257,-2.1030023760547616,-1.3114479705170639,-1.3713980298057542,-1.5081799202303972,-2.6185190529966977,-2.1850618419966072,-1.2485088293920614,-3.089349286939433,-2.7333861744823573,-1.9519198260640322,-1.2280886881870112,-2.1390831954603122,-2.4291450724697574,-1.8710019115418408,-1.6835134281363329,-3.8415855423929273
cgSYNC00132,1.9413157708796496,1.35043475088808,1.0066767512939703,1.041271929260377,1.7130601948509985,1.981946541686578,1.575057539574279,1.4879712727590237,0.8846238069396002,0.7007039263174993,1.9984812236594227,0.6585263677843664,0.9550069821900047,1.3351320770080835,1.5434414771659302,1.6217398220953143,1.9399307539870605,2.0685348080484163,1.6523496366145767,1.1139612388097464,1.0991815687433717,1.399462504063229,1.6251678788003814,1.4091545391176572,1.461617464356445,1.496157432026867,1.3768366359082072,0.9305000002755407
cgSYNC00133,-0.4189518623071403,-0.8777558535013548,-0.1455602734861658,-1.164238777800253,-0.4045708314533829,-0.775099510295277,-0.8216924392949754,-0.8715102155649171,-0.8237239610044065,-0.8184887725782811,-0.7014424349270069,-0.12839563711560084,-0.42956512266743424,-0.21160763758508158,-0.9923241855009032,-0.5700451023226517,-0.3263835712951119,-0.4620402162875184,-0.8657182338680787,-0.3683614753237886,-0.3813906700819623,-0.1302386966155377,-0.5878706698082605,-0.5271358033771628,-0.7701433365079985,-1.152447328399021,-0.875058116119742,-0.4599499519957618
cgSYNC00134,0.4330705662864634,-0.7360237958152618,-0.2873580185956126,-0.8137421172946806,-0.22149896903484975,-0.9617821111595946,-1.3293539045971317,-0.8222681197991776,-0.8295345564266212,-0.6524469006951245,-0.33988194099822644,-0.7941266470273085,-0.37741735052479575,-1.486409763280596,-0.7447001053285283,-0.6776717396936356,-0.45998601406997497,-0.9118616904559201,-0.6308793652652601,-0.5537278126336801,-0.6981784841993761,-1.134642507033018,-0.41103068430751877,-1.0729576187195207,-0.871567116934249,-0.9629016129808121,-0.970041062931963,-0.6139065282756349
cgSYNC00135,-1.634777409613712,-1.1748632124481826,-1.3187989762345365,-1.4932263827904062,-1.4155333829938814,-1.6307921298215935,-1.9833201129905842,-2.201485326397697,-1.917002177114254,-1.0435588227941892,-1.5522200158611497,-1.9488315954682416,-1.5963653502025912,-1.8825061051645537,-2.1515393789738817,-1.7636657435641576,-3.055285763093584,-2.4153750169495516,-1.536439256201282,-2.169567121224597,-1.8143059936271653,-1.0409783653058773,-1.978713716893449,-1.3393051064093513,-2.1289723685746007,-1.6886970009634872,-2.1686474284117883,-0.8517448082814538
cgSYNC00136,-2.323703778119399,-1.9892825808372443,-1.9107540305175719,-3.343341666432833,-1.1730256131261592,-3.2696127008168614,-2.570343413794633,-1.8341653172308692,-1.9879703808826341,-1.923888240762553,-2.090067852445079,-1.982419259186552,-2.395977097308563,-2.932904018717884,-2.289422900147589,-2.1709448572465586,-2.2606685247797413,-2.1122510973994353,-2.054389081626871,-1.3092229184682123,-2.1743358275702995,-1.7227786413295514,-2.287549428788778,-2.3154253375329277,-1.6333671214200987,-1.7217886891498482,-2.7985711043732433,-2.442843913936389
cgSYNC00137,-0.38316073576991555,-1.1591275230736677,-0.8260848952400293,-1.136250827524353,-0.5545374881901501,-0.23042963745539202,-0.3405663605065663,-1.1489566186574987,-0.6174960374617607,-1.4527321169749388,-0.9419183439946999,-1.2339121345779553,-1.808882644486772,-1.2460250778442004,-0.6195092028587934,-0.6860895817960879,-0.8705951962534857,-1.109095273015108,-0.993291562738504,-0.7295256426236129,-1.1715509242522757,-1.6187117460302167,-0.762718670224803,-0.7147376088894508,-1.6831829790712018,-1.1373824255409206,-0.6648182686656354,-1.0045817526204466
cgSYNC00138,0.08687118847945838,0.6584444981274015,0.21059804896291298,-0.027758410237945626,0.4155453555915203,0.2666092612499174,-0.06764746037215469,0.2647209594550511,0.631615657264624,0.4681680395619535,0.5142127427509355,0.22759323819692898,0.6725948947563336,0.23419589748359002,0.25695989400980324,0.13412873015904486,0.7901425739450478,-0.2875241177311541,0.08294195874111196,0.47694393045564537,0.18794344195018833,-0.6100974783944785,0.4148384902267278,0.11208855872754062,-0.11353802829049851,0.23860926400896582,0.18909897460598538,0.5731479610443782
cgSYNC00139,2.754468225210667,2.4876043043482365,3.282855929099599,2.552066080311347,2.758066237377235,2.943608191091534,3.6086287658132186,2.8084442407427677,2.456940839992258,2.515222944488393,2.3110534541836785,1.6615291654221829,2.627345396352929,2.3308632066450388,2.3423180994713224,2.135774645610131,2.2319330799103994,1.4015923482725199,2.0687526583632643,3.5508481656748905,2.3547298712839853,3.0755515651484915,2.020217723850029,2.4573312932189295,1.8246106118225867,2.5514097794332016,2.7744157658139112,1.7534673802844056
cgSYNC00140,-3.524496110477663,-3.769476827185417,-3.8325809419434465,-2.0157905938814693,-3.8483786102643855,-3.1096726240950177,-3.0873168495138956,-4.282329124137736,-2.1909553054754225,-2.970521175901469,-3.260527491539886,-2.632801118143297,-7.636624620543649,-3.6736197232300105,-3.6782672660651725,-2.824837999111077,-2.2177159951414325,-4.370388031077779,-5.196272923374338,-2.774669013626588,-2.4715891432745813,-2.2103768698171624,-3.7734853200528,-2.2127608950214697,-4.029317963179983,-2.8222389860587245,-2.760615977514743,-3.3128463178787833
cgSYNC00141,1.9909674572225025,1.3325316348293161,1.4771062872802656,1.6051985318477093,0.8256322790399101,1.470912256052944,1.6360050748864994,1.3764862473192017,0.8742247417555032,2.09780641718041,1.473986265559128,1.9409174441549015,0.9981144970259304,1.7406599235839217,2.1154403354240503,1.419923130251435,1.3291241628598573,0.9511617970164996,1.4895690610792793,1.4871579601817897,1.9109158859330007,1.3064295515024407,1.4179280602697917,0.9077014397253383,1.941879430743206,1.1857015922095375,1.2472590675082003,1.8254013345964635
cgSYNC00142,1.3886344912279944,1.452327780790666,1.2434661174857353,1.2028918104113857,1.4204999577790614,0.9561650947179143,0.8019419978339463,0.7140760142422746,0.8409897381662318,0.8036621064978527,0.9019274778070758,1.38653142487117,0.7454041539367681,1.2793640458098785,0.7951953172469032,1.1602354905536347,0.9934274640443422,0.6881412587596841,1.291831365496534,0.6992146574520491,1.1651745453312945,0.8901551906520554,1.7616452812545096,1.3195782627590107,0.7717327480148185,0.6378842393571961,1.0760329919421163,1.279322045862393
cgSYNC00143,-1.5639283295440576,-1.3391692773857091,-0.8706425233742238,-1.241769747918656,-0.8986771787077813,-0.3137093017743102,-0.7218863763226209,-1.0410351426906972,-1.0940733590220864,-0.8846666793083444,-1.630187679362488,-1.0451012237982018,-0.843033572859226,-0.8150763055704504,-1.5816376615210994,-0.615417245692671,-0.7864827941446042,-0.505600717723873,-1.8659893678954276,-1.0953881772685805,-0.8195819196142438,-1.7783550712586436,-1.118054182849958,-0.6062190712442221,-0.33239594109052667,-1.3167082532275485,-1.0739958554453684,-1.3195926240694469
cgSYNC00144,-2.4148344158265376,-2.5582185874649195,-2.8381744158102133,-2.932896408207078,-1.4522957691563492,-2.0194361796457074,-2.1631614742527123,-2.043564921617468,-2.830183699663021,-1.9343142056836997,-1.752038778058958,-3.9436159636885706,-1.3181634186550495,-1.6999314747721441,-2.550882488398105,-1.7991684166626227,-2.64036303759142,-4.265381590826185,-2.935390651756255,-2.692496885104064,-2.35895663595383,-2.748733555444146,-1.6746476768770562,-2.3263471767870896,-1.9099717994666838,-3.2502308079166022,-2.7976268930309813,-1.8428228901947494
cgSYNC00145,1.9862497453268337,1.9813645858274425,2.601431493711539,2.095869167421005,2.1758134713163986,1.7048583248301967,1.7975392699078752,1.4471002001276552,2.2340358640327866,2.0795881587437823,1.422681917242825,1.1011416103395337,1.1924008876967005,1.7702965134530033,1.9955796813007163,2.9376342322675097,2.3266276878063064,2.34892517868757,2.273301184752362,1.6224579293657895,2.2771476701797577,2.217734265420529,1.9293511962491814,1.3825464194431,1.9351911919575853,2.0291116343492854,2.530176639662302,2.2901520241050948
cgSYNC00146,-0.22791936789027478,-0.17446736736420684,-0.12256588839346111,-0.2104032904647674,0.07722111950725123,-0.17311899228822017,0.595098804905084,0.306465824528626,-0.20070579099451405,-0.5341972128229878,-0.31135608223972716,-0.18965207830881434,0.01949584797966008,-0.06368933410711244,-0.613273693796731,-0.41807791583681686,0.0017811206558452062,-0.7982738510836277,-0.03399861303478665,-0.11030177191376214,0.5541561811296344,0.08856122544748822,-0.7383804785959742,0.6015841882735056,-0.6141853775932389,0.07223964587298469,-0.19098656045011567,-0.18937207740785703
cgSYNC00147,-2.2759527963815085,-1.3381654694979557,-2.6260776554219785,-1.499369869131505,-1.7095535861272204,-1.2363006801061556,-1.7663627660023078,-1.319509297538399,-1.689816967915433,-1.7306288614279568,-1.419661792330438,-1.6665043251579508,-1.9150329957002967,-1.4239856238291935,-1.7091651250354905,-0.8928664091449238,-2.0887141972039425,-2.099953311774015,-1.3995159592022743,-1.6668355386708154,-1.2751963498607823,-1.4926605532321415,-1.5445398411343372,-1.4105269552099695,-1.0100210105252152,-2.0705233074605434,-1.2570850587942037,-2.2867808298103545
cgSYNC00148,-1.6415413582777505,-1.876963039788449,-1.1479371610716715,-1.7858242524777026,-2.416964067740065,-2.1119797433165917,-2.8323918416975604,-1.9328836685561444,-1.4393285103320888,-1.5853679532166796,-1.9177324266298028,-2.0669776574000776,-1.7543080156261577,-2.303942712071771,-1.1255487365268713,-1.6026103638885236,-1.907171394768263,-1.6880159490583142,-1.8383502100025846,-2.144295314558397,-2.0166400631237287,-2.1456758185041642,-2.0615729601336485,-1.7758602299120694,-1.967529228916164,-1.9534692451484643,-2.7913717218639063,-1.71489915942731
cgSYNC00149,-0.3083611879627204,-0.3081593163636696,-0.6464679548035852,0.5050536950908366,0.050130187652411604,0.33330544226655284,-0.6859048081369351,-0.16005713431945615,0.010070008272615774,-0.3081047622826387,-0.4296241746814109,-0.18336032586161718,-0.2666264672219482,0.1023712263762667,-0.37900630029716853,-0.06763470601090121,0.20787800501781598,0.028174280001674358,0.17953480535332433,-0.18264006873011734,-0.22553005225055864,0.010982700156053262,0.3422976914583927,-0.20510926848291577,0.38991508911798706,0.26051604705254655,-0.05009819581835654,0.029951909066250344
cgSYNC00150,0.8264412190520924,-0.3928116285869336,-0.5070790168822651,0.22917297056881042,-0.24433481721508032,-0.6590004280212267,0.005093713931606184,0.41558807124588637,-0.4628246311951104,-0.09882011731227705,-0.3304157633680833,-0.5449629911969176,0.3993207769711495,-0.6646908622729752,0.06962188231517627,0.12585131238256037,0.3790820454498343,-0.4391592004594965,-0.17693814335408325,-0.3965801715271496,-0.2532894155980527,-0.3885668965350062,-0.18508573658782548,-0.009976629472178337,-0.6378941625945685,-0.3168644424436441,0.05390483887926483,-0.17523180387401915
cgSYNC00151,-1.799696220920143,-1.5114414149171922,-2.285308973000761,-1.6379775066627176,-1.0455956007035088,-1.4373308334965818,-1.3836428556100446,-1.424138404809881,-0.9233093480466354,-1.3424760822921153,-2.195699041174411,-2.2838723793021316,-1.043006089957877,-1.5967609646727732,-1.3728755828414465,-0.7244258266722808,-0.6383933460570002,-1.2251111767133744,-2.1484416549641243,-1.2362039284430277,-1.686859974665155,-1.5037399523974921,-1.974901783055493,-0.74463673561945,-2.1052520645171264,-1.4277905871316838,-1.6652298749379604,-2.3462524822128565
cgSYNC00152,0.22189454821669446,-0.7240156813348485,-0.44403707895753264,-0.3842946795188553,-0.33297676584571506,-0.2516315279569282,0.24549356547927464,0.21988817291616464,0.17542438331858398,0.1749960942455599,-0.353773011400823,-0.9350796255737014,-0.08386891042015981,-0.04875831886818474,-0.3482501505521414,-0.13509169042849548,-0.40518351854637,-0.09200704691144332,-0.04231770071682384,0.037696639675363755,0.027385663068099034,-0.44417609614921744,-0.23923609689714145,-0.1764795618526077,-0.5115290068908097,-0.20915372831148663,-0.674313416526026,-0.36225268454525794
cgSYNC00153,-0.33867119319403655,0.40716417947804046,0.3732868113629405,-0.4497305783963869,-0.08591084251832498,-0.03281992130721817,-0.00820017353164926,0.22012698332288003,-0.25080377656737324,0.659686458124086,-0.21021313575743136,0.20998603571084923,0.47773748783820597,-0.019985521036346047,0.5005416412792278,0.5427554390138376,0.026242739563601056,-0.4191125126410188,0.09015608176274224,0.19669996308829887,0.4370016123818966,0.7188584161266198,0.35252877450190206,0.20204157906606077,0.31524891879307265,0.4620222198587745,0.2974388110109616,-0.1634361342264585
cgSYNC00154,-2.639523004216545,-6.922264617548268,-2.83699048668165,-7.219491781367836,-5.969020697126816,-3.147076793007977,-3.291990593331657,-3.404945421390582,-2.904902695191634,-3.263710565878063,-4.104218020844312,-2.73789333624125,-3.4379493345216137,-2.8655787186313257,-1.8811398066363083,-4.789880561833643,-2.0147572089866204,-3.0333867095454643,-5.98437346595131,-1.9623109046806821,-2.7447859808117347,-3.0320596294508984,-7.636624620543649,-2.9210115090583413,-4.832485207957742,-3.671116189462071,-4.007841650282951,-7.636624620543649
cgSYNC00155,-0.09931399507701226,0.524194733069702,0.47456709090009924,-0.06939126419021804,-0.026283230355098264,0.04068928220464551,0.31427071762405423,0.5369227455631866,0.06984202061988493,0.6520489174480842,0.7857398246814528,0.15957790098380142,0.34865557114351553,0.1552903868774441,0.13933030133453622,0.26439139943810375,-0.23555352583475409,0.258821171302218,0.23490307677869826,0.1296656720148434,0.5668433956981282,0.09594074049474495,0.14616574398456647,0.13373857758166782,1.0829604554873835,0.7836962460113875,0.24746034156674288,0.24646160626159647
cgSYNC00156,-0.3940296380211546,-1.5036704183982286,-1.1368500559051768,-1.2571207621293248,-1.21866552434217,-1.7963803287697062,-2.024577872774073,-1.6612574080227842,-0.9163340155887569,-1.3444204669506643,-1.004851592453627,-1.1367010971484246,-1.4659156863680973,-1.8645335687294706,-0.2642929379379187,-0.5777933693484715,-1.391753466304129,-1.7735460713680247,-1.628669414604541,-1.3085808834090198,-1.218385884327266,-0.5060032291298593,-1.2873956067850394,-1.736473333129786,-1.556811697004301,-1.1163025490916532,-0.7745878232105844,-1.6110411975429635
cgSYNC00157,2.359995823005755,3.1471345554613377,3.871499919924551,2.7228068497252935,4.435462439960655,2.005624871238749,2.408873121344176,3.6929620371049676,3.065850086122905,3.0784703038363728,2.4678870398246784,4.604067890878596,3.34025122779291,2.1188000771208526,3.9779485766054066,2.3678224013083016,2.33019614676908,2.614067366028486,3.1127158387782274,2.381826652927664,2.8012315418585234,2.0304851161131783,2.6122293915637966,2.101283447216885,1.595494640816959,1.7118830940397112,2.0421418380705716,3.126475466952511
cgSYNC00158,0.03819771641174241,0.4668495121760351,0.7129634548669637,0.5667631004267258,0.6406897402798941,0.5714230197117761,-0.5033632534380679,-0.2817040542586576,0.36414045410275253,0.10912376675094008,0.4740030839684465,0.0032506674995925783,0.5536254866582608,0.06691393828244305,0.11521098885233072,0.0402485205478916,0.13025154235196232,0.8692977508235411,-0.0010214194880606721,0.21057255541842554,0.09309400385713998,0.5690117097309346,0.1053743885333038,0.3167789059077558,0.2740842012134711,0.3777932178415595,0.5994580838586201,0.6977463852305655
cgSYNC00159,-0.2610717042963882,0.25036692998860804,0.4382057525994179,0.006491943424033416,-0.5678808527741597,0.14224271170421196,-0.27998673748422764,0.09109516863775165,-0.43687157985406666,0.20693823948741305,-0.3847562262560435,-0.19238990896255084,-0.7946457125598204,-0.8814656160003461,-0.12022108734412575,0.16195855877096768,-0.4440200961337119,-0.6419302192930545,-0.4443971432137077,-0.6979624857639147,-0.23450502707025944,-0.26147298289776716,-0.08724492043228206,-0.04096198372873566,-0.15169804418154506,0.07895084604204901,0.002195440667201861,-0.11117102356004985
cgSYNC00160,1.0931759769835956,1.7427876810034237,0.6741543888128367,0.7898970098046879,1.022970577314723,0.7550590385539581,1.2312552470260096,1.6953429568369638,1.7095761753477843,1.045601448918851,2.0509207561692455,1.627713181326798,0.8141223234132647,1.208018464921043,2.18649119303243,1.0822170550716739,1.5246065036699334,0.52140730118044,1.204968123931869,1.1176029995347914,1.4184340915852185,1.2856912185469034,0.7462627791129897,1.4845112688133877,1.6194494305091618,1.2008567222448754,1.6725942614868257,1.5379312036217094
cgSYNC00161,1.508897950875294,2.9835838666797136,1.0728728409654973,0.8160442209337657,1.4156353465998395,1.2973670389252365,1.5090903180312427,0.8649730658558626,1.3661642272812522,1.039473373941291,1.3400247899891837,1.7675537501808152,1.6426780782751622,0.5972436258217075,1.7518682136549797,0.9679714927517937,1.4808620073363805,2.1549313547133915,1.3694250822476854,1.3222006770752903,1.6769379974274068,1.0306804596127697,1.1356552820152561,2.1798756725192323,1.192599699583955,1.2239146119667297,1.7830367701899255,1.5750147798302498
cgSYNC00162,2.076113874743936,1.5995262545926212,1.563235474502129,1.7849020589037328,1.5435288750432585,1.6125457645896384,1.9029332757779063,2.416149274917982,1.4953917584056928,2.32703826677921,1.8467719717895206,1.4396275327595969,1.971723793685001,2.87612024755329,2.4339884192730628,1.5778640279862062,1.5560652238177257,3.1209458788183624,1.5267361730567786,2.194031361451634,1.4205890480420287,2.5312719696761494,2.7565067231201588,1.7884349756549034,1.9059385269796794,1.3178817010792196,1.6801871783793674,2.970397661819748
cgSYNC00163,2.2004677135513866,2.271053744694915,3.5080488755355055,1.338013682602204,2.601684894639742,2.092792100619622,1.6604822628199658,2.1631160353426178,2.7525466112224297,2.2006106739680393,2.227308448770177,2.018975892724379,2.2599094914306797,3.325832475639089,1.6250346529411033,1.714544874714357,1.8942972170694214,2.2769308350358024,1.6514128657435772,3.078303835990397,2.0977275927294334,1.615744039088503,2.7193298701910438,2.595810744458845,1.9898439593311499,3.015214458746969,1.5057850880169654,2.564127802517839
cgSYNC00164,-2.256052305334783,-1.9397573376154906,-3.5364206596945635,-2.3035763293835716,-2.4375929079629888,-2.7811798413299447,-2.3566031115297026,-2.8484957041847285,-1.920707923624378,-2.2250529667129815,-1.8532514811785896,-2.28337667611192,-2.2398694154257086,-3.274686211124619,-2.478228899544494,-2.0756309309103043,-2.751218558394946,-1.957555203536804,-3.120342544955091,-2.59605808518151,-2.832116309968778,-3.770413232112298,-2.9141358791513534,-2.0126489897552235,-2.5160921374756615,-2.3749404611577,-2.5575298405340026,-3.1842466577198905
cgSYNC00165,0.004729102293359405,0.5544811471050004,0.2396187282827277,0.6433304651421828,0.5958956148534884,0.4288767086854138,-0.0207180310412452,0.8474565070542569,0.8559022412916039,0.42522876511401636,0.23057198945091764,0.7937934031268924,0.15270086072211211,0.11834260286608245,0.36570724106949704,0.616146985521035,0.732135551161058,0.35155427982030407,0.25451749103151133,0.07115100706805491,0.42189868491889704,0.7016992942107936,0.9195945905309013,1.192569532714379,0.3647989092473739,0.2668208903845643,0.5237952286084706,0.3194205159762975
cgSYNC00166,-0.052874917595489825,-0.8708730282922924,-0.8695703159911837,-1.105834371348517,-0.796767876935351,-0.4874436537700427,-1.1121573567716225,-0.7711418781442333,0.08613851751043104,-2.1144876526501895,-1.0277418118765722,-1.0842595808954132,-0.825678394939567,-1.2923206814888153,-0.9104180668105377,-0.9470192158081867,-1.0666979974287252,-0.8537414634701015,-1.7445086234509266,-0.8877250614497557,-1.3160040712744305,-1.3719609344050283,-1.1830328736204156,-0.6315702094367937,-1.3172937234999538,-0.34422030806642806,-0.944247749592902,-0.9887903058967727
cgSYNC00167,-1.7367186429896089,-2.1866719574349114,-1.6694959075318865,-1.9026507089361204,-1.9298391118571774,-2.8265527304277254,-1.7357327900665809,-1.8369362959001923,-2.6902175991204484,-1.5562616415995356,-1.6026663106858716,-2.3892038625115406,-1.3464235310935342,-1.451071341951108,-1.6061199166935891,-1.9774656650630016,-2.384006833151192,-4.171607261022768,-2.224829538989959,-1.5744014736583143,-2.5821787546046173,-1.3170405822588598,-2.2901283033588586,-2.309140005484663,-1.8495804021997657,-1.7891355465215724,-1.95129643007787,-2.2027726696496437
cgSYNC00168,-0.6814381119821881,-0.43758579664317365,-0.7497618699452412,-0.4910597487690812,-0.5518692752978671,-0.3464225346208389,-0.8859771337798199,-0.6531227115017121,-0.9653718664645183,-0.570661441525106,-0.6071182980011692,-0.34898466703219216,-0.7479313319686699,-0.48794747543740935,-0.35125106764292446,-0.43203204300035797,-0.30446677730115207,-0.8005071652757391,-0.19036271158413945,-1.146353965945479,-0.5607865363431661,-0.6956861033544929,-0.8953467038773091,-0.755447323013124,-0.8345954270897573,-0.7717608527723769,-0.253813033333898,-0.5704919920589637
cgSYNC00169,-1.7049586870224114,-0.7563736022795348,-1.297359656746037,-1.4447609200202332,-0.8660115420005426,-1.4229564616736516,-0.9640892226549382,-1.365060325318701,-1.4048739929267646,-0.7320386547435488,-1.174065677788859,-1.501665877003722,-1.5012768789402449,-1.2888945301119343,-1.3048170685251281,-1.2093814700187706,-0.8821914792676155,-0.9249611648625697,-1.9808965620354702,-1.0233020957902002,-1.2107181513499028,-0.636528284028305,-1.484620910044432,-0.8396001456898592,-0.8540807004334287,-1.0041271226442812,-1.3309479772448687,-1.5150488034160838
cgSYNC00170,-0.0450083117926635,-0.53419810274735,-0.4972982942585028,-0.26176939095391155,-0.1851841895931772,-0.1950006139537176,-0.2582748260901795,-0.4663741480178917,-0.4684139470931842,-0.6693931057065282,0.2639706892982273,-0.9920408583097378,-0.3061451024868192,0.06238947674529348,-0.2920132548614712,-0.4957269800534129,-0.14498122883844403,-0.43426038873002726,0.13340001662336345,-0.3365784627490917,-0.08108026854216613,-0.4956007073273568,-0.41079954237148036,-0.6051943728184928,-0.12252103214916284,-0.18750435795174789,-0.2701077145017274,1.0629824660900529
cgSYNC00171,-0.9987269552905659,-1.0615923161315188,-1.1932976976123122,-1.838696669938753,-1.760950831549621,-1.1991861345285044,-1.610313675078782,-1.6340616973135975,-1.7524070545027806,-1.127634292623989,-1.6520059321641996,-0.968776173395516,-0.8184449715309298,-1.2679872826054217,-1.3245618492487086,-1.7650764870395026,-1.5114898017366762,-1.4682636920181134,-2.167951570469031,-1.4086791873347004,-0.9912543942779839,-1.08660214163435,-1.3253577961635956,-1.424995097003134,-1.7487920063233675,-1.6203203680591451,-1.6115772295000446,-1.6701158100405527
cgSYNC00172,-0.7515843791011578,-0.2781584619569621,-0.2801624211654737,-0.7649520801641422,-0.10390276445743923,-1.1521450326568132,-0.8906486953878608,-0.5067399823640114,-1.1090673412808398,-0.011199342924178826,-0.18327192932615885,-0.31448281663055117,0.06282560730951067,-0.21432567313184137,-0.4875393883978868,-0.4396154720238027,-0.35465827227641594,-1.0045505251216635,-0.5431876611478835,-0.9421174101434148,0.1186024814661581,-1.0160476411503132,-0.7215122833138167,-0.5863063192150708,-0.5065761744355661,-0.7649600528653175,-0.6388329519308621,-0.9594276934035135
cgSYNC00173,-1.79891668771619,-1.1718844909743442,-0.9104919892627331,-1.7926237175736945,-1.2628952498826325,-1.8379536543078825,-0.8404905560231305,-0.8388513266953581,-1.501370040319763,-1.3810082595282922,-1.8255938739358037,-1.8901326274428047,-1.0714097683045627,-1.6747433213172243,-0.9106537885306335,-2.511706828500261,-1.5971750688549553,-1.382846850515748,-1.977593554346012,-2.2431071662262037,-1.291465104121018,-1.324426519656952,-1.6861245045978943,-1.3592052013167006,-1.7785240120840549,-0.7751270812734282,-1.535169366365694,-0.8538910408165082
cgSYNC00174,1.5455352879283448,1.8151602620963327,1.3900828041797337,1.1720392681282854,1.2952244942721258,1.467149590006537,1.4743714969085187,1.8101998296388375,1.4095065884986913,1.8584963760669795,1.661169721074755,1.4371008054971803,0.9738043795490771,1.8265182999945113,1.827735390962546,1.6593146657907065,1.531161388601025,1.2368985314791556,1.2462450045654774,1.2679470264102763,1.0209723062059484,0.6173962314221441,1.590903081443306,1.2723742930099753,1.3082715924351365,1.8653282805466724,1.5933151493120647,2.0569669009574367
cgSYNC00175,2.683580985646865,1.5545981668260742,2.5506180935284952,2.3485469044065326,2.8706992930053468,2.2011615510974702,2.153932261708057,3.860050596956309,2.7362149486418836,1.940526095368104,2.1990889689129736,2.136752583320721,2.9008723574735096,2.442430797273338,2.6228187827220353,2.2854699734721686,5.159790151760737,2.116829909861493,3.2309433485533656,3.82591380744217,3.0873091266628183,2.3532683826343597,2.359318085331484,2.113079143755938,2.9201753485180357,2.8268806370003623,2.3496062817514543,2.952427059448344
cgSYNC00176,0.3947735164587929,1.330389511964416,1.9139893067182328,1.9639131953889832,1.8657681924376306,1.2029958395858957,1.259741815451172,1.2179641433733892,1.168213694150434,0.9326405805077332,1.4212927220270892,0.9465630201047356,1.8227263614962452,1.3320457921018583,1.551457888935812,0.872263493206868,1.9379978888850358,1.351203679820285,1.7250685823620808,1.9502916468211715,1.499590624996821,1.5256466355450484,1.738278068962944,0.8604638531342526,1.468656867668478,1.150997659718376,1.4933896427962217,1.224863921660687
cgSYNC00177,1.0607737159960895,1.1384674451034416,1.693218869652292,1.4857363910944172,1.4785883590034956,2.0139025127117294,1.1440230366811064,0.7594006000351341,1.4334657792667107,0.9477564371840856,1.1640547069201934,1.2070307445617796,1.5736642012590663,1.314609834476022,0.7696234821873273,1.5207702596782326,0.3061545122389139,2.6045264176993554,1.2019782488317345,1.6247156688306554,1.309508779222587,1.4918446786404425,2.1624654884112577,0.9355234905187468,1.0927428380488404,1.338158972849484,0.06405971338656781,1.234133570597431
cgSYNC00178,-3.2569076634088736,-2.0662018639767505,-2.2368017041529464,-1.5905097140138136,-2.2742200734228524,-2.743818502284955,-2.200526057991713,-2.6771737853428093,-3.566485183887913,-1.8352503124090194,-3.388996815868211,-2.2429862453940577,-3.0209123725050095,-2.7901359091051647,-2.056795259137894,-2.276041101684793,-2.636932239315938,-2.28102197541762,-3.8765534594321185,-3.2741931963077344,-2.537400838027353,-3.6844726858148853,-2.3412859804471005,-3.0415830532933317,-1.2755300531443226,-2.9933318971541625,-2.4065540267721106,-2.1433560908096125
cgSYNC00179,-0.7866990912460112,-1.379965356042735,-1.3057696603367381,-0.9656879823777581,-2.3172374804330054,-0.9920331411976665,-1.0055865778726607,-1.3109940484917841,-1.3362499906012666,-1.1701025562702645,-1.753542991983964,-1.1626427366221586,-1.0778210005371198,-1.010396692966126,-2.0187979473247855,-1.2877107471061855,-1.3348534184851701,-1.1924201731743624,-1.8034121239512846,-0.42894031482545414,-0.8057195915820564,-1.389856207252612,-2.502366503048381,-1.5577029746967521,-0.863411366831608,-1.1376044431987127,-0.851833514009436,-1.098701839500225
cgSYNC00180,0.07014311361577666,0.06845349479973228,-0.3387830795856029,-0.41166222340465436,0.1669044111275649,-0.07989444411797221,-0.3886252683814913,-0.30317650005020164,0.2210090928812531,-0.4217893954376223,-0.3283538162315035,-0.7104901216207025,-0.1215824642160985,-0.23761626579848608,0.24152513863125794,-0.06791835670313565,-0.05040428290300578,-0.5185116964036137,-0.2837841567644596,-0.32972209020317206,-0.11677218786336334,0.04957192695622757,-0.3027463912782665,0.26749317782565973,-0.15947185257076746,-0.7878719041735771,-0.41782614299324955,-0.3683437771812235
cgSYNC00181,0.1516793591550142,1.0973494411436109,0.5272733745764838,0.3795487421373453,0.15502029133735612,0.6668584804181859,-0.08981830875540954,0.6040463408380076,0.6583108194558913,0.416440176530312,0.5737456072414221,0.4192967997639367,0.16717592785602836,0.6694206194918849,0.7351757996864703,-0.19851448031874655,0.19698487730404746,0.9249233017408506,-0.35104429198392695,0.4759573794160872,0.06800549548000465,1.422317914109689,-0.2145232265066378,0.18248203360923712,-0.2130736317640519,0.35036914096921734,0.5241273859727974,0.35120094709254984
cgSYNC00182,0.13333133377382864,-0.24393407432185055,0.49958362012212515,-0.48199168830819616,-0.22114144114014414,-0.19409410404143917,-0.47543839821171807,-0.25752080970791824,-0.18488481068294277,0.1663756662178925,-0.19365364352755138,0.28638501877245337,-0.2247531945407493,-0.4226259429357615,0.06827386970631324,0.04200066173259452,0.24528705871293638,0.28823292486148155,0.05160565311163549,0.011181992393739335,-0.5491983673458776,-0.05596746327850611,0.5087170870140242,0.1394152547809158,-0.37967432456935374,-0.417413040439872,0.11456686399084053,-0.23529200340818043
cgSYNC00183,-1.4050618818174534,-1.4449055127001156,-1.1452190196037852,-0.9507721264002309,-1.498334922062196,-0.8858905962375824,-1.5305008455959916,-1.2532770889512983,-0.8413451387301776,-1.5162438967497291,-1.611562464260542,-1.1717140648247042,-0.8988310136552536,-0.702900607629548,-1.4735994023663501,-1.294178282529888,-1.4848602653658047,-1.2184033161784877,-0.3206807644121146,-1.226516869745368,-1.438503857416782,-1.2184935782116142,-1.6056272524018111,-0.7376296398146251,-0.9780143367002592,-0.6602147819338552,-1.161885298531342,-1.3004042917163459
cgSYNC00184,2.375097935451034,2.8349582342348993,2.575363881596331,1.7695734498784732,1.973244415238539,3.93831159972089,3.4221742501854053,2.5327580961884957,2.7095386108576713,2.766041758455764,1.9931053355182404,2.1079987192628797,3.2870691450709253,2.787602816500929,3.3569563955342434,3.6860938512583723,2.4494297892099066,2.0294613341735794,3.917840624404715,2.731674208269194,2.457004555167517,2.146601409764926,3.4115745441190626,3.0932597981687335,3.1850636766080656,2.555412283921521,2.0692006988682032,2.430274757875193
cgSYNC00185,1.815173833407537,3.1749389569571234,1.9422838308342092,2.1697099085811624,2.849875980380536,2.6463790417981197,1.9062304252155533,2.019157892847058,1.5701572608373273,4.601049411563116,1.8423356516560396,3.66921245338717,2.499320522439587,2.301385393549696,3.524739030923986,3.36578870413126,2.0158274695217995,3.4640839755038364,2.4222230500555555,2.3178575923181626,3.0806523848366716,2.228700603771872,1.7826454187240586,2.163209594199656,1.9328242383809229,2.3980410056759403,2.1790909783695636,2.1876051446916165
cgSYNC00186,1.0009872426043018,1.2651245640415825,0.7324697980887942,0.8720851739900266,1.5473877167830725,1.6038207858845037,1.1363284808527336,1.699580429862014,1.1052713594442252,1.3168458175031819,1.3652247576610876,1.174514541660105,0.8254826649948677,1.6784870046566631,0.8830557018057344,1.2753479703946777,1.94348452675718,0.5310451238395355,0.8717371842692965,1.256766383689426,1.703915599107196,1.4932480003289115,1.396407405508162,1.2030649389497148,1.2749351564945524,1.2297052530311166,1.2586159818414107,0.6037869359039983
cgSYNC00187,-1.0384204888229587,-1.1415057416740821,-0.7500145508060119,-1.2700015502070734,-0.42179831705806003,-2.9623093466089383,-1.0284901215193052,-1.4280476837827296,-0.7504997996916963,-1.147286893908128,-0.9663139979034218,-0.769166940697221,-1.0641009871191556,-0.547402114061717,-1.277438921564916,-1.3351497101665735,-1.205679407619574,-1.1048407387187638,-1.0474170934426383,-1.269947933245482,-1.4409517711633149,-1.2682620982926358,-2.084319799800864,-0.776771006947518,-0.9717088711243502,-1.1387797077852861,-0.7459694052791245,-1.0877384717938678
cgSYNC00188,-0.40272012588679207,-0.6110273593481919,-0.8741858001621782,-0.5636792481577234,-0.1071728616360005,0.019145013907909514,-0.549774351295515,-0.605047786953137,-0.47281100018482414,0.27542191253126364,-0.5273777414574496,-0.20417625171971507,-0.46797569694665286,-0.28635694238078885,-0.584345767501565,-0.7846636592366841,-0.4251760614581977,-0.20871064649974214,0.03884155339610989,-0.21262293802047835,-0.5740448634786804,-0.14110131067866508,-0.23719516994517223,-0.45644488915206793,-0.35090091550614944,-0.33860503190053504,-0.24679856934744812,-0.09332406386882075
cgSYNC00189,-1.7343576655459456,-2.2202371484292316,-1.6083274300059591,-2.2363067503678145,-1.4857376039121688,-1.7874013424041213,-1.9574993192052565,-0.5919581021227824,-1.487527541417139,-1.9852309809589805,-1.1506366929614655,-1.6788347392631282,-1.6140872986632882,-2.3845877125137562,-1.8997167351171849,-1.4460038464206268,-2.1781193598234974,-1.551478791035912,-1.9453350765244548,-0.9961996008696885,-3.3953193712854173,-1.3621336628270122,-2.0607377717057562,-1.6321652733421717,-2.5533600552241036,-1.0819409121952461,-1.746173743094352,-1.193654164722433
cgSYNC00190,-0.4875185568699139,0.3586186182302158,-0.3557877759183147,-0.12679551472506814,-0.23020509665513483,0.07334235984960481,0.09443131233217186,-0.07386397482971872,-0.49888461695230324,-0.7118973779114136,-0.045712117770095075,0.17173627930569846,-0.3334133394208984,0.005214880988087397,-0.977135942848755,-0.25961104351667397,-0.37389545865936247,-0.30006454027251145,-0.02301390046363055,0.04601965056435453,-0.06298821858803512,0.21666458056375318,-0.11252622423934955,0.549628516913361,-0.26056644352520514,0.1835263668475867,-0.08139297550601671,-0.29355142490710207
cgSYNC00191,-1.1477383147884404,-0.7737305353750764,-1.7412460745800824,-0.8795719022421046,-1.1949783940400316,-0.8837655504290043,-1.2870964744856248,-1.3650248984685274,-0.5627214802466319,-1.2563331033329583,-1.3577563960077224,-1.4858393182495424,-1.4421336893706649,-1.5265845550756278,-0.47611880770973813,-1.7255628446209599,-2.333791452769385,-1.031867354116222,-1.4147851311805262,-0.9038415156153654,-0.817723980391611,-1.2058277628654546,-1.1557869718412312,-1.2324324242209284,-1.1151390530028984,-1.0844763850504628,-1.4134275745664855,-0.6992998190049092
cgSYNC00192,0.3592730857110036,0.9315983999790962,0.8777984974196192,1.469345240441536,0.9765143737421257,1.6633572583180116,1.1262894388983202,1.747528683644788,0.16740467734218265,1.1294327387741332,0.8791622756630569,1.090218815969728,0.62469905661074,1.317796078873548,1.3812003862204094,1.3217262219042532,0.9998409637391976,0.9358247873900956,0.8486098639874691,0.9696479595885958,0.8818538277648927,0.7472899834880843,1.9806691123780604,1.3851695008394433,0.7996135346728467,1.7454256961370265,1.5327762707761352,2.3066930594537802
cgSYNC00193,-3.2689896997136154,-2.212454663046224,-5.50391193255482,-4.375630785756832,-3.530761071277587,-3.179544706821122,-4.372692719428937,-2.635144946447554,-2.881419825610604,-2.9997730339096846,-2.8835316099017425,-2.0453381550197856,-2.8559950767662543,-2.950210917464503,-2.6366104614241648,-4.554727503482199,-5.258067321563911,-3.863288413473284,-3.5317445603498028,-3.0486280429337436,-3.358113891106357,-2.846472234514699,-2.4552208391826245,-2.2963538856651855,-2.793135995024043,-2.4730133175480695,-2.5767016689528957,-2.442440063300883
cgSYNC00194,-4.0585838759285195,-3.6184997229224805,-2.4480001433346685,-3.616971720107101,-3.356102404753855,-2.8748811611861993,-5.342725918319868,-2.7211720342565267,-2.2550773074099166,-3.804992273186248,-3.5116575350909747,-4.819604738833244,-7.636624620543649,-2.6633505323737983,-2.7713785719153754,-2.972262429648238,-2.3875453588428233,-2.79640463002107,-2.8001326167099347,-3.1084585859655647,-3.5054224314726334,-2.7161468052446995,-3.2542080688261557,-2.8823141187850716,-5.316353998182657,-3.498389168538473,-3.3468299443536034,-3.76907064348681
cgSYNC00195,-0.9946709419990877,-0.10187093394435508,-0.2177306505369059,-1.3267863866158633,0.07554464260394513,0.24500959799399522,-0.636078314935484,-0.36536218622109723,-0.2574468763015348,-0.5759945352110492,-0.38966612333120443,-0.39390304077189614,-0.21100900568311706,-0.016390594722764256,-0.013231201457902395,0.04920150462625471,-0.9284223432650865,-0.9460931996234169,-0.6571961626332868,-0.2887608514921763,-1.1121117035301267,-0.9314938128987225,-0.746625251542692,-0.5555816290983023,-0.2308884064589482,-0.7004555389767511,0.05712212669789991,-0.6411932745471297
cgSYNC00196,-1.123445880357597,-1.7193406201695034,-0.78224654161616,-0.6357593318214518,-1.0329739592363483,-0.7267401232500205,-0.9422550609217922,-0.7744134793967203,-1.3730566031870028,-1.0087674089121736,-0.946489436653682,-1.913394034627143,-0.810368804035073,-0.8278148778667748,-1.3052029983050644,-0.9429647886860058,-0.3156381980346685,-1.2454390635126604,-0.7018002988070067,-1.0267190736893368,-0.838421498198341,-0.4306290369517331,-0.9150440698001885,-1.1371014696921506,-0.32655411776216503,-1.1181289155740661,-0.657563009534697,-1.1421068809214099
cgSYNC00197,-2.2523656397898133,-1.991558933292537,-3.632886627641594,-5.578443012560748,-1.9720578801778414,-2.276562263440563,-2.0595166887357803,-2.7560664688367518,-2.19221461377414,-3.6900544598365004,-2.567030141722032,-2.3764089349878152,-3.6880424736045647,-1.426120623049649,-2.3610424963896945,-2.6956320372640312,-1.7296720256269638,-7.636624620543649,-1.9201199551998267,-3.1380091511290433,-2.1980942775644734,-3.4510278477592315,-3.3737665577229894,-3.159930458759365,-3.2140231069268763,-3.6404884773939994,-1.8989211873948308,-3.8788849641915237
cgSYNC00198,-0.6418812380558039,-0.24580121760623413,-0.7918532876833854,-0.19064489945743138,-0.8770151863183305,-0.5136406805476612,-0.42919234686467844,-0.7543726669358053,-0.43725569002878717,-0.23853213729694062,-0.07219415576238292,-0.8216046011178123,-0.24308185786762684,0.048783651228147464,-0.4969302748852225,-0.27749383350253576,-0.642757068510691,-0.5265358848495468,0.22041421037035694,-0.13660811943196502,-0.6642975373675664,-0.6133881168372319,-0.6323129487392585,-0.03193912502451095,-0.5330030568478964,-0.6941597528898713,-0.49582474882250627,-1.18675221211499
cgSYNC00199,-0.9432518123056319,-0.9262134530157776,-1.5582614297900197,-0.9835399413839458,-1.0099913485528955,-0.7225902214375984,-1.038380257452437,-1.3547743787568196,-1.6495940628857826,-1.165034645274771,-1.3831662396015512,-1.3831356612454293,-0.9137873277051648,-1.1043903589546264,-1.132285672357643,-1.0005669083100737,-0.9595427700114868,-0.6310611293198051,-0.47989769199777693,-1.7726153176804942,-0.8504181175280525,-1.4888561569326784,-1.3616532886074937,-1.2282815368047,-1.1483009610548278,-1.6604969300101775,-1.4784447737618225,-0.9449432986409863
cgSYNC00200,-1.392223311118293,-1.1902371465226806,-1.385693030384332,-1.1689040407846538,-1.053407981949962,-1.9047010581737314,-1.3461431311184813,-0.9886523774803246,-1.178348639356552,-1.884626699980267,-1.3124832524886554,-1.3567021531657908,-1.133152917536152,-1.7596354725026069,-1.4056099629230896,-0.7286164315868016,-1.9129525878808218,-1.1217588735638506,-1.3265896267023372,-0.6756462197553136,-1.0712778920739259,-1.283247052258839,-1.3075188775396571,-0.4496220399538135,-0.2521670709238491,-1.433020898182494,-0.4453481223842962,-1.2610849482455977
cgSYNC00201,1.3357399549706788,2.336550951973549,1.254573954015544,1.2802753530216815,1.634818347696556,1.5725186456178089,2.4013498685645644,1.9613075249521266,2.3623896209265522,2.364387753597588,1.6118798176952807,1.6436192640497955,2.4293240777738068,1.2114210397039142,2.142413796559394,2.808115859707583,1.5434672503174203,0.9085037537637904,1.9752865649360396,1.812339087200002,2.5657239019253346,1.486129598436746,1.2308620158056822,1.3871111686300626,2.017764881970729,1.384823663531718,1.7709305430896456,2.5094423415837137
cgSYNC00202,-0.29704231406367154,0.3339587982729154,0.1737898792789025,-0.14186692848550145,0.5145363896751801,0.5001276484925578,0.3755624061064426,0.6161644489875592,-0.17879560609595027,0.317143592558053,0.43212700604974125,0.2739840315435385,-0.18540641387019108,0.2215915193474092,0.029593275176119756,0.23052360449008785,0.026859226027633087,0.3943092556210501,0.051750476311407834,-0.06812813291660859,0.4223549520887558,0.5151828575567906,0.9676363371398345,0.02593542268407623,0.08248387726735296,0.40548581638106584,-0.24817797416732643,0.09270752927179557
cgSYNC00203,-0.44237702043929616,-0.370419304115896,-0.3132560073084671,-1.184177677544298,-0.748510251880627,-0.8701625386143821,-0.5660829442478903,-0.36111895410352224,-0.5852708292944244,-1.2137200533037076,-0.5365188511217666,-0.951835520226452,-0.49177898215292953,-0.6133165024959338,-0.2418684730098864,0.026589501342010363,-1.0174441658831102,-0.1603994469952104,0.13737875995846324,-0.689581629556996,-0.2738307503323739,-0.5750811067834513,-0.2025484586261323,-0.8864125490367364,-0.3413531497649402,-0.46796873127607064,-1.1529132451055149,-0.8100912577010586
cgSYNC00204,-3.706635688320165,-2.4391176079204775,-2.70379319717952,-3.591512868509873,-2.4629565323850904,-2.4606947411731346,-2.432253265311057,-2.7187202973546394,-2.7543005198779507,-5.244102784662641,-3.15064042899042,-2.599289003168066,-2.7111486831209572,-2.331655691078241,-1.969957545803862,-2.817258576548782,-3.419228476574145,-2.671773746512192,-3.417084124051241,-7.636624620543649,-2.4416218241741805,-5.438114274455529,-2.301508838413557,-4.1196005897301795,-1.9136592069373017,-3.4125293748442043,-3.6634689190128276,-3.896014470939151
cgSYNC00205,1.3449176978655075,0.9017351283370918,0.9467547981194576,1.8837389130877247,0.9040779800548784,1.5717019346848706,1.5505646004968323,1.2334442857273198,0.7145434966091309,0.49279357695310544,0.8887501515927436,1.0535531049282798,0.7683213324779362,1.4688066750070579,0.8184203870729059,1.0189759019804399,1.520799832676449,1.3481526709798826,1.2351509631987623,1.361524461275732,1.2204481260288702,1.2009108411091733,1.213498929675952,1.001468107320285,0.9697068827345138,0.8598023499976871,0.7554211457515028,1.7819286853678162
cgSYNC00206,-1.2336101309752219,-3.039327605414661,-1.8138250658830526,-1.9542629250152843,-1.523641250693197,-1.1985886970521291,-1.6092475189453808,-1.343972484587682,-1.3013573474576565,-3.0772208743927036,-1.8131612900895597,-2.6400166723011984,-1.8549761705378116,-1.613668775507659,-2.398893614482128,-1.9086912899348878,-1.360450254056428,-0.7686601020045339,-1.1824049775512608,-1.998343325010974,-1.373482239523009,-1.7705919838407365,-1.291798428665062,-3.330310815357805,-1.7127762548008285,-1.2828925061396974,-2.8570565704394997,-2.1200977745148153
cgSYNC00207,0.5262380154528761,0.11913297427150198,0.9134975093572871,0.9711963232803226,0.7407956757963172,0.5349869216556192,0.45231294184835386,0.4763694366408769,0.6116322482041865,0.19443340982112786,0.3433462053432376,0.26032366011728447,1.05617392000714,0.9127156752630808,0.24863772310055535,0.7632006117047526,0.4281283693487267,0.46959843368029086,0.8816836468657363,0.3681076230874647,1.0743871316412388,0.9531870018902314,1.127470268995506,0.4478392826640359,1.1863954886293486,0.7431388877578174,0.6082250557166005,0.14898121574132875
cgSYNC00208,0.8221241622209098,0.7648118655387851,0.7988125322233407,1.2070884321950177,0.6449962196247021,0.9732393571069802,0.4540299779870451,0.5174770288759024,0.6059221743614549,0.46400141639756687,0.9387857013143373,1.4422483418322252,0.5422165538595722,1.314930262677682,0.5807404228208692,0.31918656092424874,0.5668821620289198,1.0667453271170144,0.8980409831268102,0.5014543356858504,0.49866305977193687,0.4234342606475378,0.3185361830126582,0.6375282287550114,0.701451028616924,0.17247194622589848,0.8773106171974272,0.5087541830427705
cgSYNC00209,-3.487910859701146,-2.047803342316332,-3.1215211160950864,-3.0971458826457914,-2.31812284450099,-5.204538054675317,-1.8587891563337844,-4.2882767528609556,-3.5844714144249656,-2.6199102391159044,-1.6929537804964876,-3.6339754828361333,-2.901176941896966,-2.1211100213940024,-3.142517368734161,-3.395406419750377,-2.7396864369252802,-2.3414879542284,-4.074144743180202,-2.01693153794537,-2.722351901725829,-2.8606235018121953,-1.9485673246922404,-4.151294278465136,-2.0388639970124114,-3.0323685883449385,-2.738561412862644,-4.02738624659921
cgSYNC00210,-0.1876143965001469,0.14469250568405687,-0.5923305154132745,-0.0851954631485373,-0.3994992051200436,-0.23310876626720356,-0.556959416124199,-0.21014887356432366,-0.12033542466550774,-0.13765506038707612,-0.5307361390625391,-0.18086096893319334,-0.17652300819481453,-0.22549481538705435,0.13157661753533834,-0.32802470573611864,-0.007688632674915654,-0.4153397401208981,-0.5368298438483959,-0.5495726885571466,-0.25028565201182074,-0.5393383016009086,-0.4460269970189128,0.005220484655648012,-0.23398713910227384,-0.5105889968641184,-0.6133378396543747,0.017618980579384914
cgSYNC00211,-0.9293025844990505,-0.9189336741032343,-0.6486862875442208,-1.0398879600197743,-1.5073171818829474,-1.033646307230788,-1.2055617785981774,-1.0960584619512055,-0.7153433915348956,-1.198324341596376,-0.5653457508251643,-0.8335887513692407,-0.6866920904023083,-0.3005257313398904,-0.9103297518659471,-1.0497022015061983,-0.5224043889914642,-0.9828011931239963,-0.6642478783006928,-0.5835809515136892,-0.3322075780782235,-0.9856228993154834,-0.5753395397466496,-0.8126182265894477,-0.4359090890827971,-0.1083020584567534,-0.7771110281549073,-1.7148724870423462
cgSYNC00212,3.341626957394494,2.565928420222075,1.854087961863385,2.0463389077769314,1.9679070942626236,2.8278066261098065,2.0235137485658203,2.766701339279673,2.1333575206581483,3.1599704619375935,1.8185104989760694,2.209320636078834,2.8274637990113884,1.9462681278939387,2.0641269518760565,3.2160652870471442,2.323487914293977,3.301056287339837,2.6886226324784235,2.6936977221132214,2.6512495673551113,2.6089788894547485,1.530392611689791,2.709782191820622,3.0289354362907908,4.552107796450519,2.4040500740733823,5.326324718400541
cgSYNC00213,1.3126066221038994,1.3816118340872874,1.1752536905754052,1.1541601768759604,0.7248473875805067,0.4511749923747888,0.8472955546545248,1.092432041013452,1.3567000917598062,0.6816350905704399,0.794163646062663,0.8935399763322857,0.7978100569505714,1.4593634663339876,1.5157660768464933,1.1688121996371552,0.6847404647500829,1.1629152213769638,2.443962355784347,1.2381112126462175,1.119249631285664,0.49715153539825147,1.0428154346653096,1.2069837612547731,1.0646187106502902,1.603440689955503,1.7752660040378376,0.5751632916826941
cgSYNC00214,-2.934195470044512,-2.109279660976678,-2.911830156649554,-2.771505151424965,-3.014234845957106,-2.3496887757283758,-1.2164364166347774,-3.7382533954110864,-4.254606406475363,-2.215973652606125,-2.246762556474377,-1.9469323846844442,-2.004720679182471,-2.449501339604921,-2.959734208739076,-4.420061823609991,-1.9793091222749162,-4.191771211966564,-2.228776912362511,-2.098174857079932,-2.7074042541222854,-2.619823920993407,-2.647030800667578,-2.701228210172832,-2.986106803309337,-2.9447037880890403,-2.0876116407283627,-7.636624620543649
cgSYNC00215,0.15444405148217272,-0.43302004900261454,-0.06446487339043111,0.2361291353710476,0.30143000107302403,-0.047422587319592605,-0.13834816407635198,-0.024733944628805727,-0.186485663865318,0.12176881260936549,0.35437928744548375,-0.30731488932748624,-0.25121456491141514,0.09990765354732377,0.4717584172712472,-0.22791582891191373,-0.5960897763999082,-0.41944167219497763,0.29653665047248895,0.29631722970410757,-0.6043655667618582,-0.11351628975780903,0.23190344589386266,0.137637956913469,0.12565290530741363,-0.13511503391645277,-0.7099749731824162,0.43618944195108067
cgSYNC00216,1.4467758289246906,1.7372789873960504,0.9894850195935874,0.9297603250941301,1.0236956058042346,0.9879756288079896,1.7702072757853637,2.0461201099614215,1.3748903368121992,2.6149828668731967,1.2353874623828356,1.4267148386225654,1.5168478580338947,1.2221295572776198,1.5999030639764393,1.309136542878897,0.6383757717147062,1.7272741656021773,1.8599770841977716,1.7166947936400723,1.34947472095254,1.7193917920100508,1.4291821732694627,1.8821361745104224,1.371126536422102,1.3498335951507878,1.348643221657854,1.7453831708873488
cgSYNC00217,1.032428947125874,0.7218759115712262,1.2319728053223802,1.024412385321921,0.7309686899066914,0.30006635718284697,0.7628125823244134,0.3727120010288273,0.7236708861054015,0.7623570536326075,0.5606838386115554,1.0198166133273674,1.0547395905382375,1.4347651244780197,0.3643174691577514,1.0563116668721997,0.9583313719062799,0.5131994782433726,0.5343868723187148,1.1506895285671013,0.2793689635103681,1.611249745171881,1.458445279359283,1.822809541381589,1.3032354949796823,0.8717844482574181,0.3617060792505048,0.8663880210639189
cgSYNC00218,1.1044894040195805,0.6980064630396421,1.1975046985403723,1.127445216298543,0.8072872967806195,0.6493745041838381,1.1724695747855862,1.398115601869805,1.3899292531441811,0.6108497095076585,1.3840926668407163,1.1437953997977066,1.186800895492404,0.9395490974208938,2.0135471701196663,0.9379337996727302,1.2621444361216811,1.8434302931898572,1.1494183892754786,1.3044084049792182,0.7691224937203803,1.0665463692522745,1.1957458697948644,1.1438362026455142,1.0338972917633427,1.2481379812115214,1.2813982162216775,0.8807250753725768
cgSYNC00219,2.9543428349254537,2.3956140696732735,2.0586268479545473,1.8655404644250255,3.3815541519561956,1.4312132224779062,2.5397527181655075,3.968024195773022,1.7746656250029043,1.6155305356031158,2.7996585233746223,2.7789191745975224,2.4085752871649118,1.7635105345157076,3.054554356592186,1.548433819963423,2.450429322137304,1.9965596210646874,1.9547466199667551,1.7387743289123612,2.1207874406141403,3.740604653526277,2.2423835513577557,1.8493985929349903,2.3847803031002344,3.275199728934042,1.7893996677701858,3.175668191811057
cgSYNC00220,-1.0917237125535975,-1.946287597667575,-1.749979948436996,-1.5177529894825512,-1.2428882453691694,-2.1184763139223417,-1.6488326791256516,-1.485887266168397,-2.3437701775646063,-2.2786162247004773,-3.809162101758352,-1.575468936738324,-1.0960637589664106,-1.4825762152019806,-1.5688043633547017,-1.839671949264035,-1.2056288701828688,-3.151753188282061,-2.451428799029234,-1.8168828052862185,-0.990030245766929,-1.970751814084063,-1.91695964066242,-2.240348263017149,-1.9424747621641758,-1.9149323894594656,-1.2851213982610155,-1.9013789207737184
cgSYNC00221,1.6271496674861583,2.783964402209976,1.727903766660105,1.500876056909233,2.4184995800180764,1.8423872537282986,2.7101678638590507,1.4531931024492462,2.034476993836076,0.8741598827028066,0.9855073429517269,2.329148450554342,1.8495938434194361,1.8519729895757215,1.724380147969548,1.1041438419029774,2.003429289060336,1.4530853165007427,2.4718771399684725,1.7041664978568676,1.536313402626929,2.0003867112524647,1.2925947057995004,1.43553163985303,1.7013925433454473,1.54424332402062,2.152264009030551,1.8216457533607295
cgSYNC00222,0.06206009643788097,-0.17926634332310273,0.1937103098925013,-0.47242197696779686,0.33209230389595445,-0.17863775827312237,0.3184156642327562,-0.18668768335970326,0.04322087883212285,0.1320497443215265,0.09121889233344538,-0.14447795838317418,0.0668643352004947,0.13586804453828583,-0.5040257625754577,-0.054276615954001205,0.31346614124730743,-0.2014524816652138,0.42015022152301745,0.09838221153969764,-0.17643642163409898,-0.3727012720166267,0.24944599237612838,-0.5832640989482818,-0.11475783946044128,-0.19236438450491575,0.4960450165910294,-0.7462600447327395
cgSYNC00223,0.702957152316548,0.5290021201105038,0.5482101432002011,0.9845802208872367,1.0777843934967675,0.530517038869925,1.1468114457911134,0.7020291771241172,1.0191748827919076,-0.0926334571420221,1.0777630402756477,0.5975160254108082,0.7885699156785456,0.8863477363423016,0.6245938375026918,1.20132726892828,0.4501635757652283,0.5506106277036641,0.7086785939764814,1.0813664116213157,0.599892815627559,-0.18541783721144958,0.38300422083602315,1.0007173401847573,0.08253227574616209,0.7908914218404896,1.1045866881227895,0.5800451173394167
cgSYNC00224,-3.117589845904554,-1.9611538908894934,-2.1365435836595643,-2.420813688864387,-1.591877053896169,-2.6801161310030643,-3.32146548193329,-1.3391171578886956,-2.181789080291848,-1.8026018687827363,-1.8035809322067073,-1.7275991810360283,-2.4139577970608594,-2.3695544184121,-2.6016513464601236,-3.329709627186541,-2.0361274939752394,-2.290993575358879,-3.0129459367017355,-2.218862096249932,-1.8789589842589463,-3.5007898533792803,-2.030065414779559,-2.0894738177972902,-2.8183320629123507,-2.008233604926887,-2.6942051504733406,-2.9489619370968305
cgSYNC00225,0.039403629443120154,-0.25532436448648727,0.0874035609060546,0.5127027288380194,0.5329999882210041,-0.6044914817140434,0.4348945449240423,-0.0278731302339733,0.2888550155093314,0.023134634455849044,-0.22774196317443632,0.60428117125104,0.3097144446324921,0.4755848860893449,-0.08044905587947898,0.11128114712105149,0.03177784918026915,0.3865288547538576,0.4241028729439039,-0.19733742647380104,0.6684251609135349,0.5041862036637478,0.4417681164759891,0.678357186027647,0.2541256464532406,-0.7361985432605602,0.27999463735869673,-0.1255638478071522
cgSYNC00226,0.34215108664956195,0.46099205504651697,0.4607852958563231,0.44529304190236707,-0.10689262844087617,0.43490509094610247,0.13259790865423104,-0.19736198468689786,0.21738273909419836,-0.2771797344711126,0.5147552255340754,0.043778736923319225,0.671834800504812,-0.05812638264033969,-0.29096890849435936,0.04724243595712016,-0.3847398113706535,-0.12630830349116726,-0.11814127922371036,0.3634756185682559,0.5688090350827307,0.055396524536002634,0.1433707071364188,0.5110910141539374,-0.21842169356147892,0.3491678328827138,0.6799783231171188,0.4440314011102103
cgSYNC00227,2.855835985327577,2.6281429966556615,2.2223942589140386,2.5163940880708555,2.199963326484853,2.649556660308658,1.9369175682660562,2.2178096715077062,2.741976291427664,3.586663155724762,3.273150250506809,7.636624620543648,4.753555203367132,3.7001813487191466,2.577125807220318,2.261877247536682,3.085985359128363,2.693215278380532,2.5064681047719084,7.636624620543648,3.0843527770776142,2.3499996639367127,2.0416800073817054,2.268175809041899,3.275597158762192,3.071176487340313,3.2732443055638054,2.887498133239444
cgSYNC00228,-0.9488971611975231,-2.0756596943880563,-1.4635335560178584,-1.0185599551679358,-1.5019000682385877,-1.9094601918846947,-1.5960193110722554,-1.3170134670416755,-2.6298729870347337,-1.318248159503655,-1.2744886664029864,-0.9681196676912367,-1.65975681621887,-1.9890557434668774,-2.142728284813508,-1.6047970762219637,-2.348252280552801,-0.6302945599387886,-1.4045607295639944,-1.1211539969395348,-0.9813628988250716,-1.5324884334418534,-1.7447408887712874,-1.7270867309442821,-1.2911562102488494,-2.1255982200431767,-1.943185893261893,-2.394029586772954
cgSYNC00229,-0.1471473966959108,-0.049185303890582954,-0.24536115100839961,-0.43158238805243754,-0.1703982765178323,-0.6461661436591932,-0.9700515614603685,-0.23113495424909253,-0.06598007591005613,-1.2955577877174078,-0.5635957627399427,-0.46990619197552613,-0.28190571613431287,-0.6511769759448108,-0.30517314452052297,-0.6533889712082764,-0.4093916178259919,-0.11693857488200411,-0.14251840583701134,-0.5898345257377186,-0.8034383485464606,-0.5801645609114563,-0.5069118409969259,-0.5112241028937721,-0.19147156360083242,-0.5424928838990394,-0.8839846829213139,-0.6275528034512986
cgSYNC00230,0.5576665330081534,0.9416031469985078,1.2237807940430312,1.0546178555410304,0.4167846294665647,1.3724246931700232,0.6237598061106074,0.9949042196691453,0.7446979775721363,0.5786277873774325,0.6232768910133801,0.49751183615227007,0.9054064544810545,0.6075011681679613,0.8831589901473894,0.38520804069248327,0.8651242539389641,0.24222245029860764,1.2850739024051214,0.5360345014283627,0.3248769911301383,1.9534385395230096,1.5468610879082472,1.10209735339514,0.5996268975604822,0.6303209111156095,0.15087779547575103,0.8246449566876377
cgSYNC00231,1.005964787913533,0.6341028205620124,1.177062676557162,0.8792495556985369,1.1479671718511055,0.35734418671242973,0.9809120988144645,0.9081216860778544,0.8903350060871855,0.946272616332362,0.7233342345825057,0.8711465551492362,1.8116792006582745,0.06687817770316712,0.6679024183733978,0.5812132193689752,0.9204132189565144,0.8459055689055612,0.9154133434819874,1.6997664005913156,0.6197040717385283,1.2135971402907668,0.6411407300954416,1.0106147559617358,0.39052740254338286,0.3639525182140683,0.7107832476038521,0.6800824986230993
cgSYNC00232,-1.3391666353313572,-1.550659326574606,-0.916820871534122,-0.7450504910640285,-1.4701535603513458,-1.161872366571185,-0.608639334736396,-1.5094630126546213,-0.6582782784629131,-0.528942157721827,-0.9011659350508558,-1.1845619597625967,-0.5905020480932912,-0.6472465233680204,-0.9228077798741655,-1.2097330038699676,-1.3008841374089724,-0.4533225448653829,-1.429506482744324,-1.8550044079272339,-1.1728211561153816,-1.0473377428551778,-0.42616308910140804,-0.39722245939684947,-1.089566684711778,-0.9192646601543473,-1.005231510848867,-1.330857773597539
cgSYNC00233,-1.6307717337775633,-1.8978128228507911,-2.658194979790643,-2.502543946717546,-1.8744926790545504,-2.055045411061876,-2.045200057485502,-2.6266492131362105,-2.386224050426748,-2.029320107638698,-1.0155455448525519,-3.0143571845975696,-1.746825913753866,-3.4300595959829887,-2.7166790704526402,-2.2658816894896705,-2.5996088415820675,-1.8500334589420417,-1.991454723210353,-2.7042135634752773,-3.5579023311711984,-2.384497325606657,-3.1660067063407666,-1.3123826549708053,-2.5824838290669994,-1.9503334057285084,-2.547272539020048,-1.8144575609065041
cgSYNC00234,3.7756273182822704,2.807462357943267,2.4978934289809485,3.3397926789473287,3.38897959941577,5.035571005047432,2.5844015687455992,2.1606279432586857,3.2711157478449984,2.283787921566924,3.4472271106440657,2.2239842925058655,3.6573770385361413,3.2798894672231054,2.2222612616281414,2.4285253207720126,2.6228116452136376,3.097736393238538,2.9359291579364197,3.8910725741804546,2.452274306924244,2.927505658226079,2.5616311409620547,2.2373806857315204,2.76985004555847,2.719045773637047,2.1202769269887525,1.3781221243941315
cgSYNC00235,3.9771222422559522,2.920268634325151,3.5150383877638793,3.4241991373293112,2.719619432081666,7.636624620543648,1.8960187167704878,2.2674248611194012,2.6295786896551063,4.033190880563183,4.753269840861239,2.338652927737701,3.3963835931946615,2.7181529872806807,3.00457402223184,2.3282338808359375,2.817742389950293,2.290993979876973,7.636624620543648,3.244253039455727,1.8298325766223413,3.2638085100608425,2.237180292808076,3.0371028071734774,2.7875901046092055,2.049185600481245,2.8628746678642893,2.8603591105463835
cgSYNC00236,0.7605686986277118,0.9207771483631932,0.789595109775356,0.6770707102320072,0.6357165203577226,0.9318123833685702,0.33473319557329045,0.7967153256390915,1.215527114890119,1.6719449306460579,0.7566319219363085,0.32871191164582164,0.35306841855522614,1.3204475197045213,0.8234071240267258,0.5823191849447646,0.5938915791532211,0.021248977911238892,1.0144626474519718,0.6663773090132785,1.1509562424534905,0.836898772337213,0.4989160902969743,0.45758155759588787,0.6435819107667753,0.428235816454473,0.2978931213094776,0.3772208868233811
cgSYNC00237,2.6368395878602047,1.885937537685716,1.9069138683681326,1.760839093728737,2.214461882008422,1.7598060640151931,2.0174012799189143,1.1485416257825616,2.144225130053904,2.148627572420322,2.0848430082483067,1.4188944371114964,0.9891206293806876,1.6754184128372918,2.0883043284327014,1.5145296839975735,1.5200846668475276,1.3248001446607773,1.544183093413812,2.5095851773847775,2.380841831120057,1.7008941637443484,2.387179948257346,1.3985600029033374,2.117954778215759,1.955512668314365,2.072691429113564,2.544698995583484
cgSYNC00238,0.38277316750573553,0.1954164775433643,-0.02769538029516178,-0.5415907694281836,0.09473967436013127,-0.6294019278902779,-0.1467978475003009,-0.44340793164298253,0.17569995675676384,0.1547348397389346,-0.04366114916543624,-0.08351099493628633,-0.3277604753734414,0.03135236332708413,-0.17544467652093784,-0.4571908370093955,-0.14188228237852799,0.12461760371298912,0.17515610575053805,0.7717735903049302,-0.18630481012265354,-0.08887325533196985,0.05848224782213372,-0.06825097079275878,-0.40041163567867616,-0.3176379177669685,-0.22080531859499317,-0.373729288722929
cgSYNC00239,0.567265154662786,0.20991912467388474,0.27753445599810633,0.5020240272787655,0.10344219922646851,0.43937423827038646,0.7656251260617839,0.017418125950089357,0.15801623850058594,0.0432006233374178,0.6317829661585154,0.21829958508733585,0.9708024601844122,0.3738526455347422,0.6775083735476574,0.3511531309541872,-0.36272718005108406,0.16354398583188468,0.554067830556931,0.6860366732163441,0.24648062519565972,0.16413881691282384,0.20226944494573992,0.2814311363218426,0.19936677343303885,0.03142637222309347,-0.022157185142575985,0.6297045893349852
cgSYNC00240,-0.10083995951714168,0.2953756958814445,-0.036468640736437845,0.11873925413691995,0.1648655573671884,-0.08754413666518952,0.2768824456242333,0.6091853912813548,-0.04338286370221601,0.24674451813479256,0.719673857599752,0.5387591254142657,0.5854332749530636,0.5220121174302811,0.28951246322447677,0.035536489098520835,0.19640628371951588,-0.2449518558707284,-0.014496352839044593,0.4133323891820897,-0.18120640204550018,0.10134706424118815,-0.4894583533731845,-0.1808659091798539,-0.29986158097387394,-0.04219453348091449,0.21572296068191138,-0.017460221596616195
cgSYNC00241,1.252582570907388,0.8192688399076764,1.142378246863112,1.255501249713904,1.3757041453034438,1.1083026183121407,1.3429720060661032,1.4752536634102666,1.676194079796666,1.0037209639256959,1.7682452868898437,1.4730502026094263,1.564704837691458,1.960105784533367,2.1318632503219583,1.3188833620047742,1.8046643042749706,1.6599480262171682,0.9203128399030001,1.0233665513854173,1.8340930433518106,1.3521328267783392,1.4632087630769828,1.1568546626543088,1.5053147408096277,1.8249084776679523,1.4980648020245173,0.5579693381228537
cgSYNC00242,0.5381061894397183,0.4934523956980351,0.3349748256056076,0.43869326332762465,0.23439570890382122,0.39706950821860465,1.0253113631122093,1.3124879005024848,0.10758743137748362,0.7771893896189302,0.5311109408332272,0.5496207084404063,0.32203165142483275,0.7914090087890204,0.4572264348604055,0.7677841119677846,-0.0396997937444006,1.0715869499532247,0.1433333368140808,0.5714104908827676,0.24046330637597055,0.5592086841387655,0.3033816381327253,0.7267152939157066,0.1400875509900997,0.24329581766396022,-0.167847386739583,0.27770833217153257
cgSYNC00243,1.8769715713682678,1.2447776655671687,1.7870821372777004,0.7749900196152394,0.8416844855335411,1.0314498370497545,1.3017113462779482,1.8642205926789799,0.7442152715551199,0.887877524621701,1.3654795877819348,0.6241319640660722,1.3514247785401254,0.7113722972248544,0.5921297010795283,0.7491560950671448,1.4051212227781145,1.3599717054435356,0.8882046890506452,1.0381871570287704,1.7742414675670097,1.4412612381184562,1.14238905133535,0.8112069400960485,0.7239783065646217,1.2483456262123833,0.7456019738722908,0.6276979111796323
cgSYNC00244,-0.8013758850125328,-0.4874237434073502,-0.218656275535916,-1.0938235457819383,-0.10729591161704485,-0.492686081944744,-0.14853192330918613,-0.07802389325932087,-0.2769714720619514,-0.12341464615446004,-0.8683101210507301,-0.800817353236503,-0.754476083045285,-0.47104308088337044,-0.9976115342233489,-0.920169332745215,-0.782757236673028,-0.7760317317020355,-0.3472198471016177,-0.5336479485584578,-0.4187654089136165,-0.6576202632019426,-0.36298924700459145,-0.297637194715219,-0.7006427512750882,-0.28990947425987457,-0.8742367942841041,-0.7098422919052919
cgSYNC00245,2.024522399336195,2.7751247644048918,1.6710071884126685,1.500069909639224,1.5723308288800688,2.1112456638200405,2.396420398706224,1.6665311568017853,1.6922292580250837,1.5096568230364444,1.5833331498205008,2.2265618687048474,1.7720999798205925,1.9787675513273706,2.089912827616164,2.1775656521816686,1.9822712867355934,3.0080742303319554,1.9168623172347066,1.2087827162979328,1.0573899896816248,1.7987496136473362,1.6992484482922499,1.6731169357989377,1.5415357255687594,1.0392809136098746,1.465246497033294,2.0424778181843113
cgSYNC00246,-1.4495745449279833,-2.8566905671384015,-1.682416831087063,-1.9440084892792995,-1.5833354431051194,-2.2959305678034987,-1.7653354581647835,-1.7176315602529797,-2.0730446454896168,-1.7505090988406682,-2.1278965232095355,-2.036137285735264,-2.3401744098773087,-1.7945108193276573,-1.4111231336623002,-1.245256381216274,-2.2086692210637944,-1.4633862173732333,-1.6734829171564738,-1.7477298846166227,-1.4180062709920755,-1.9118108021480187,-2.797324808760179,-1.4690527615443205,-1.0327253446860958,-2.043250316713389,-2.4576437261959274,-1.6202858560849442
cgSYNC00247,-0.9091448274887717,-1.400042342639274,-1.3757190295008648,-1.4691167480729466,-1.2345307707132647,-0.8776954932775163,-1.2040658160324664,-1.7765479151897714,-0.8714276712976685,-0.7062861633874754,-1.7240035300592722,-1.1962107250401004,-0.9894197622435925,-0.9588555302060515,-0.9518068311315075,-1.4024852465610314,-1.233345477282579,-1.6529100093843683,-0.8980900334319084,-1.189790440849266,-1.9689677544854167,-1.3070233580035842,-2.070220171209056,-1.6726458002792735,-1.0638702549077006,-1.840447407880017,-1.0957397385517613,-1.6414229025152112
cgSYNC00248,1.7715265008792105,3.159101899342218,1.3477725140535393,1.9601830633153579,2.368942961715084,1.972110886476972,1.1942597946602296,1.3265101327293813,1.9107347423985626,1.8972319300302034,0.9021604061241373,1.7195744862351028,1.0415983762991903,1.9806505809602046,2.4637786113229523,1.8535605560527129,1.6473320254733927,1.5434042869780498,1.2176071643775246,2.72810132108538,2.533428031712323,1.95622968420118,2.683179973001547,2.3079648697656183,2.0471163492519073,1.665142725156016,1.575477599532727,1.6068788487783547
cgSYNC00249,-3.5083487067466796,-4.02595101140269,-3.901543785694789,-3.255579101756644,-2.533298152725549,-3.070007549726676,-2.677416965560929,-3.7884254762419207,-3.9637838061711324,-4.082211163962474,-5.010057453443083,-7.636624620543649,-3.6530856239271023,-3.3963437676915427,-3.2238200810123296,-3.2540831061252957,-3.511088369850094,-2.29889697839677,-4.678998803727609,-3.033646498632234,-2.882813916470209,-2.559984125835092,-3.277439163090131,-3.2020296272202327,-2.9287588962051285,-1.2859574132407592,-3.0024873302916553,-3.8741931924057607
cgSYNC00250,1.5862960468175578,1.8631170574190883,1.1731589560593587,1.4438966199463747,1.9990086650414303,2.522648480627256,1.680767484307819,1.5522575545792856,1.346711775232814,0.9941971281457788,1.3966742564237378,2.569427325827141,1.4162327410073494,2.2577975436300153,2.4523141858069524,1.6198471210396872,1.5153579260361134,1.5128926673495067,1.6862327641738666,1.6547222078633312,0.7385144438452962,1.5207402899587876,1.3516272890866285,2.128980691214643,2.193656223166772,1.4379817281669207,0.8793681265130133,1.3358034924576403
cgSYNC00251,-2.3695483111073288,-2.0496205643074847,-2.7013389294395305,-2.6173795301976686,-3.04464745002531,-3.659451994736394,-2.836877326474153,-3.005173871778834,-3.444662010607238,-3.924753346794869,-2.6153442757716165,-3.0587545173141253,-3.53242448479786,-2.378348962696466,-2.6092597760314535,-2.583453114858255,-6.036923841230648,-2.9457606332840336,-4.494995433537163,-2.918153121617602,-5.018460427032782,-2.3992324621959735,-6.597258977320781,-2.172087688584476,-3.253480503002183,-2.5829869486303143,-7.636624620543649,-3.5261547335053605
cgSYNC00252,0.06265925170790869,0.5643072585977332,0.7585305501736188,0.9133145807901591,0.7114405169318179,0.21450140859297223,0.3033220720584502,1.020558949835994,0.6530374301882279,0.33038090857209146,1.280242556055542,-0.04449875968635301,0.4958914180501886,1.3855767908442542,0.8849610430935365,0.7411628321568391,0.17442676148916259,0.7763061075329278,1.061181103489119,1.096729798614729,0.16587368142229,0.7303329979970491,0.8692694185919935,-0.183549042807711,0.813434110285955,0.9894107455211829,0.604495330969679,0.8549266609683441
cgSYNC00253,1.3398227268690126,0.9389294062407247,1.1960868722856888,1.3938618450788722,0.5479595552262291,0.9804447071535815,0.9780091491075467,1.1494154038007944,0.7999023383507944,1.0444306437804696,1.0495327165992376,1.0353979515720042,1.4683848060637434,0.6175015181659314,1.2451867771458982,0.43284927737276185,1.6074963697694762,1.3046050938878302,1.5086104788590617,1.1136465093721148,1.2981271707093782,1.5772827509840746,0.9141280861840055,1.196907751932756,0.9833018130007051,1.9723095845018295,1.3433694095862905,1.1157026909460521
cgSYNC00254,2.173301751632262,1.7690043082613187,2.2138227802111934,1.7428706360668962,2.236134087174893,2.2373319032041046,1.9631461211669692,1.5741905704255754,2.4480406329556983,1.581996693848216,1.7388999453992318,1.0542940505768785,1.9478448182147663,1.3446429867568817,1.6214609159337336,1.589078795104227,1.7227441084128121,1.5282132081650373,1.2993277176531965,2.6494712604808845,1.2961705704946824,1.7851095006267046,1.4348013998246953,1.3478215818619814,1.776255937364275,1.5105879850980783,1.2111787826271838,1.646101601891159
cgSYNC00255,0.6886896051854172,-0.1389421684725495,0.369997574565115,0.05719011869128722,0.5302087713186453,0.8845481143882963,0.6841936596433175,0.1331791638133411,0.4188824178531394,0.2753278718928607,0.5233068470485461,0.32542703407576845,0.35662741213228183,0.5508656209129332,0.537647637408097,-0.48522404145513504,0.19542224574205072,-0.0642367660134028,0.4152276443882929,0.43730569890038623,0.39283741201128497,0.006245158244713118,0.3187651403791458,-0.041901932794418235,0.23682745537457528,0.19005427850275106,-0.13736870718286107,0.4681973882798904
cgSYNC00256,1.4619046139475291,1.085049274861551,1.49923218042812,0.32772853835356514,1.3968113280773518,1.18887778692709,1.7265467550188682,0.8130032493343408,1.2887371063080908,0.830616971632458,1.3791348613102221,0.6226882233066341,1.0370356422590874,0.9907747464041701,1.1893121945972303,1.8889652470831375,0.8291028854266566,0.6115510418783342,1.6381229678297475,1.258070967186052,1.1857342874646912,0.9428082567860671,1.1033687713253921,1.2336580826643277,1.0232291089491097,1.477816199083916,0.6176750440379528,1.42878914073777
cgSYNC00257,-3.668980562437749,-2.52191318617613,-3.5509880692601277,-7.636624620543649,-2.8800323839524173,-2.4022789795306316,-2.4696405490978752,-3.0588788892782164,-4.052270102876844,-3.0455804926266583,-2.5564273344225317,-2.9725577845887368,-2.084914156454274,-4.384661190331949,-2.3218821310806974,-2.5999225051038657,-2.7188796525610837,-3.005415001088912,-2.925634238637205,-2.9575892477638366,-2.0995882619046626,-2.5055600428124403,-1.9790152140835828,-1.6295710471667901,-2.359474119417251,-2.0859167914781165,-2.5560755378182027,-5.678493710117029
cgSYNC00258,-1.5296688742441173,-2.8712040721906216,-1.3716238158740193,-1.736811455652861,-1.094112654716084,-1.3691503772316826,-2.314125241875068,-1.584272646733057,-1.7531883788120113,-1.3133497673490815,-1.1729478797867339,-1.3402089013488685,-1.4151692335229864,-1.901013167281611,-1.9350246099283785,-1.7884481363778777,-1.4767579256763523,-1.4074342949160257,-1.0554780235053023,-3.4120139917905274,-1.1555052027188617,-1.0757477467500036,-2.016033255931043,-1.8359117959774658,-1.1413068892995664,-1.1047168581241598,-1.9377608488692464,-2.2173329019104115
cgSYNC00259,0.667336794213079,0.23452131267939913,1.0603556292080305,0.5707088263214553,0.6098764463077164,0.7498783058500736,0.8356489781547081,0.4809401400105074,1.1751144816274077,0.6158296399963874,0.6016193436712942,0.21404679258744364,0.41172069249804366,0.5813210576613274,1.1420558662104972,0.866779134349937,0.679377905290201,1.3670387673624407,0.7320940149408229,0.7007033874096986,0.44037398998417193,0.18819763570859877,0.695217912533669,1.4320444704212463,1.377923338587213,0.3337672623121058,0.575462907663839,0.7391881341035315
cgSYNC00260,-1.4320433212840777,-2.5141500995853456,-2.188328071582732,-2.1721476955368657,-1.8776714469284075,-1.0559762510008743,-1.5242325319641266,-2.391669243653415,-2.3632708016251724,-2.5338020163475696,-0.7081289916714681,-2.4829007696680305,-1.3634608253904736,-2.2606701825212627,-2.727198833199692,-1.7162256055481462,-2.4502376200836333,-1.7108828354561167,-2.2180737607026626,-3.2203684295282464,-2.6752119382709227,-1.427677276319751,-1.3125982715230229,-1.9465630436166603,-1.8501246027835558,-1.7779053921436914,-1.5388906796278896,-1.4108621346117118
cgSYNC00261,0.932392131364198,1.6984106725422052,1.5017160115071502,0.3983030881028722,0.9706906550986621,1.1829941004042126,0.8053172616410413,0.8525451290417755,1.268220147705463,0.9287602161399712,1.261205739525446,1.1845845730837419,0.651686473382433,1.7720910932174698,0.5722076609582111,0.4550837885582672,1.4507731231008958,0.5276266477587195,1.249508889846647,1.0881807868507773,1.262385410522089,0.7256521663219332,1.9036627487177196,1.1361005511328444,0.9286382221900017,1.8733389117580435,2.032382043287847,1.067313966147988
cgSYNC00262,-1.8015905581868923,-2.961289262724952,-2.3290829216325983,-1.8714705341726703,-2.1956352952550677,-3.0007066596547496,-1.5550934601528947,-1.8914971910910958,-2.0959468699520736,-2.5919630371456885,-1.3622078325172458,-1.9695166716795478,-2.8297628931899053,-2.247162900747325,-2.4545160999478504,-2.2123056463189252,-1.3832903008601978,-2.0663356267380184,-2.5083520818940865,-2.4163326714011304,-2.43882910532321,-2.700329719421533,-2.7178477863597212,-1.624926160012022,-1.8415841635385075,-2.9767593329100355,-2.6884706971416197,-2.197673860001159
cgSYNC00263,-0.5891843717537733,-0.38082784221250543,-0.48543450029425506,-0.4403670477342681,-0.33506158204861874,-0.1973950472296549,-0.38247921275363883,0.001976964931393412,-0.5107060520107134,0.10372963992459595,0.3388896260851823,-0.5411247108425279,-1.5272447846730377,-0.6036063766651134,-0.8673516631610476,-0.466471312868448,-0.17827404108159317,-0.6319394178193846,-0.7229833090889279,0.1756381487773368,-0.027798487078478422,-0.21229077822994197,0.48522863034677066,-0.3577778892962846,-0.3663097106296948,-0.5078627058658807,-0.21177204925545828,-1.5288114647088813
cgSYNC00264,-0.5273129432323228,-0.45018909085615494,-0.6858796981958988,-0.06042120542395469,0.6647508178574706,-0.4045625464569112,-0.835146519802755,-0.8460762472104655,-0.3210459121062215,-0.21172321955208565,-0.13742154973812606,0.52787389063514,-0.3284366342845275,0.15323499436233698,-0.17739091303978655,-0.40307719443679413,-0.769181789558262,-0.06887937913440911,-0.26355454924099464,-0.06487273049247538,-0.35376932496418123,-0.5511977364774109,-0.6604957468665763,-0.3908099753298849,-0.07966374619882377,-0.06380466946847138,-0.05539507688795509,-0.1970752123840401
cgSYNC00265,-0.3756983218785663,-0.44507009064721603,0.0359669259372684,-0.673742899523613,-0.5881405998738188,-0.2619898606114994,-0.5051783016947966,-0.1869969223561423,0.18049232360976097,-0.49404921974364563,0.2487919333788333,-0.38859577184894745,-0.11991538659358982,0.18013193740467232,-0.34401335899535046,0.17248465581039954,-0.06494615195643902,0.2362286265813652,-0.2085158956727626,0.7168122206343288,-0.6272036085460917,0.038592349082770594,-0.34628207594399896,-0.12815438262893,0.18313970023505996,-0.014855638844204506,-0.02155133778336095,0.08102498201959717
cgSYNC00266,-0.5976148992795774,-1.1311997707459607,-0.5628501542714374,-0.7331573187139017,-0.5244769040982776,-1.0451031285902488,-0.46525494318212357,-0.8709397477247784,-0.6901445331621324,-1.171129637149369,-0.5170529541117972,-1.0052218212177106,-0.823193170130482,-0.9319486566639922,-0.301478947058383,-1.4261544538496151,-0.375849151174609,-1.2390944612911623,-0.7928358590161424,-0.5316389818493749,-0.2702822071901709,-0.4828141216456838,-1.079872392903069,-0.5986392977450384,-0.9330662054881536,-0.5169549199585902,-0.5704390214924704,-1.0756919122671709
cgSYNC00267,-0.7624477334860055,-0.12723702358077785,-0.6654027458002357,-0.970200906057709,-0.6627982825586277,-0.6945323686512175,-0.5642175715034113,-0.672066080515478,-0.2923548757886921,-0.3556859753915422,-1.3256812529003252,-0.41886304827404425,-0.9988132023892891,-0.1932269970344173,-0.3268346827950437,-0.43108371279503876,-0.39481160880108934,-0.9693606136222894,-1.0686915467728906,-0.9446791415967306,-0.13443958255554012,-0.4379888260671517,-1.4719075677213935,-0.7647259054836625,-0.38628138182029326,-0.46757187190415067,-0.7750756421780134,-0.5633589496783622
cgSYNC00268,0.4582317745301906,1.0017894144753663,0.5571960613696693,-0.24714874200563558,0.21374649636098905,0.5179571756901145,0.49690813104145604,0.5520589823934365,0.3828164753357446,0.7887529968636435,0.3888202906482936,0.9148110246604672,0.3568753057425906,0.2904682954796955,0.9893409885951117,0.5162840112772903,0.5908838543291355,0.41888130328783746,0.9891357248412698,0.38866179899584874,0.39181444932088694,0.2832151897046479,0.5056645648868819,0.7484909066150023,0.4427013997956015,0.5071093749340494,0.572179538569,0.6554798241281449
cgSYNC00269,-1.3342951898348006,-2.3510219169148923,-1.7197175476077105,-2.533082237884534,-2.8002512426927555,-1.719196936335721,-1.7788935830303196,-1.8133912711515223,-1.2083538592618315,-1.5458982455224084,-1.6275413918192325,-3.989911358838623,-2.339819487449748,-1.9754201471510207,-2.3494306011821933,-1.8179884641167694,-1.556210046284777,-2.7297344960399887,-1.362523050438222,-2.0510264761545156,-1.85484387469544,-1.7031315889959604,-1.943859448634308,-2.059953523359702,-2.050613456510407,-2.5016536713619946,-1.8875131452986116,-1.7205131255990245
cgSYNC00270,-0.17588814649046575,0.023853526248732725,-0.7437522467388055,0.09037640576467151,-0.5300029307351259,-0.19972445313807055,0.15894310119170457,-0.36732510977374316,-0.15313815010851306,-0.9270922533752167,-0.37179110044531904,-0.23654071753647957,-0.21311823150381132,-0.4335226843528456,-0.12343077058362424,-0.058401322905681737,-0.09826377278602272,-0.33108556116069016,-0.25154802005386867,-0.43741458744484574,0.26397216525068223,-0.28294206009912537,-0.37239349787186515,-0.46284829614312395,-0.04046269455526675,-0.022696087374717466,0.05842667647054729,-0.31427473772160336
cgSYNC00271,1.6843286501421022,1.6990409839378091,2.6256093741712876,2.008283203960739,2.2842540691706295,2.212419389235959,2.7920785438019577,2.0378979106315707,2.1913813274435503,2.3408114810598932,2.088838998863496,1.7229168265116033,1.8999776725612658,3.3119596200947354,2.165622051482349,2.0232039888886413,2.5202373769080255,1.465871806116321,2.4370406542595613,1.779218883016246,3.5733366818388337,2.187136244824875,2.6053972254201994,3.7305196158252185,1.8801320044102372,1.6559400403740268,1.8195559964922507,3.1032297896328984
cgSYNC00272,2.785142106225322,1.9222921659828454,1.5372261069062434,1.914630641482671,2.2854960331413166,1.814738735129253,1.77940878309304,1.5791829730060425,1.8327282147592874,1.6356796505965636,1.7963108084367314,2.508206589688277,3.3740417866559875,1.8558511768525252,1.448442913307421,1.4541181143777382,2.806513838811733,1.4922623600223321,1.0350393206273654,2.0016806631303297,1.2491563985161132,1.1848007087477554,2.7634340029288564,1.1999605422084658,2.439042047793126,1.1992134079049679,1.2874100739950298,1.919943095843707
cgSYNC00273,-2.426898246115343,-1.8928041411590912,-2.167846063071777,-1.4878057905142164,-1.8893677121387493,-2.1478473006270287,-1.5148095354813726,-0.9132979972179828,-1.6750216845214485,-1.7675365669762413,-1.5422821407983311,-1.813720174364795,-1.6954640451047318,-1.11977770352163,-1.516920468572414,-1.5200025974965525,-4.15496499284414,-1.5025558770836533,-1.886271134159993,-1.4706630016475757,-1.9798341296110251,-1.9419199568587198,-1.7461091375676736,-1.1763541611252588,-1.1904219172326334,-1.956524344908138,-1.750229948651928,-1.5925659411618955
cgSYNC00274,-1.436472203643531,-2.0770617028406573,-0.688630945640223,-1.595779867931689,-2.530347741035119,-0.7778819560633172,-1.787523329715913,-1.3525581576841235,-0.9649073816979818,-0.7923793374853026,-1.0439588837629181,-0.49805393275304816,-1.4702401691198796,-1.4885892666329759,-0.8574604245969984,-1.159933498629736,-0.3970016961736906,-1.2092485310092407,-1.2745049995869193,-1.0269574030491768,-0.5835538626977522,-1.4051478288933663,-1.6007718537194309,-0.7099459778269374,-1.3411290086042242,-1.5943748755443599,-0.9473776585271897,-0.867535666293158
cgSYNC00275,-0.750658912857722,-0.5892532291180161,-0.22477188320834945,-0.985294866412029,-1.7115783275673004,-0.3189322358627466,-0.2588352305747672,-0.6829641721347647,-0.13940118424482087,-0.25520340850237966,-0.4931846441458454,-0.4747237321354523,-0.4470564708495437,-0.8106867950643594,-0.6693038493227297,-0.45665201338646444,-0.5452006040055337,-0.18537272938053861,-0.27668977517967075,-0.30006772176932356,0.012273838834405085,-0.5305597801975606,-0.8721082391543564,-0.4418804629257362,-0.5560083550060442,-1.1841351930374397,-0.5195339812949614,-0.8031899555502143
cgSYNC00276,-1.024427134947287,-1.057740328996734,-0.5923092650342425,-0.6852186200313868,-0.6018709206588881,-1.6322256149602268,-1.5712236069594623,-1.1811268315888752,-1.8517581137871244,-1.1073876479122833,-1.0294028054463107,-1.2183558761520208,-1.738340983281488,-1.6090842569787904,-1.0125264282257567,-1.5042245219804697,-1.6019573193322283,-1.3523994626278362,-0.7805480281271842,-1.4648922124837158,-1.3623682760705644,-1.237312572838942,-1.640236000390755,-0.702131152219249,-0.8518551029078198,-1.2087831776078022,-1.4383411617587567,-1.6347560256248441
cgSYNC00277,1.7217607223952518,0.4047630481943903,0.3805552310811712,0.45438575834064393,1.086907983562661,0.43252683072792664,0.396536645712195,1.6662807861044788,0.2988188144109706,0.7273257420689324,-0.12088359832666154,0.46833427234770225,0.8703514970977021,0.3898290849079336,0.7377566732900315,0.7157968422801148,0.474703739212529,0.6361873724464879,0.7774491561335584,0.6785568762967961,0.8650990997738125,0.377956404209765,0.4159775323216301,0.6283265223198274,0.7954222095053559,0.5980644957599973,0.9000157774020022,0.011133374262053889
cgSYNC00278,-2.03350783725481,-1.8007072393129802,-1.7477963597811261,-2.195160057664205,-2.16874632243028,-2.067759917291621,-2.5091179076932564,-1.9118256007203331,-1.5161635941109661,-1.486119838094044,-2.30837545903497,-3.2288117277756343,-2.4930718856472676,-1.8850877660527923,-3.547048613527032,-2.089119205664266,-1.4434060119113377,-2.829580240155809,-1.823350793291584,-1.8424308120239772,-2.653113111580842,-2.7411717004415115,-2.0532238819348363,-2.6501483914890844,-1.9401234229128186,-3.0282240056010243,-1.8851715413993304,-1.8639848434896575
cgSYNC00279,-1.13978188601807,-0.9983473639011293,-0.7785665905229128,-1.2046864097861838,-0.8450008891867148,-1.8600556867492681,-1.2662819109567447,-1.2697047094153466,-0.5375219875277252,-0.3727772286389169,-0.5814824753369418,-0.8194234368172609,-1.0913334643448753,-0.6264163388986079,-1.1944877440100239,-0.8414156548298621,-0.7440179249810912,-0.4400096539683755,-0.8402919559194924,-0.6749218566522596,-0.321726669788069,-1.4140273594631083,-0.5213880317014475,-1.112878562785323,-0.7659317486350763,-0.974573158016813,-0.9185493578733678,-0.9919884247076032
cgSYNC00280,0.2332635183852455,0.9838761489785166,-0.1333176450686753,0.6273033248144955,-0.04191949931907604,0.6237163620831169,0.4706917156578801,0.9137888336381305,0.6178755063419193,1.2330209115682431,0.3969560627053533,0.852475457119599,0.4535883069599041,0.31170622846640217,1.2242741736572218,0.7384298200111297,0.4327564234523,0.15334639558167298,0.8610585388946526,0.6582631557127214,0.4697380966928472,0.45292088489619103,0.5295747353581045,0.3980893246814725,1.0543850035705211,0.15486572576511176,-0.3103330889536794,0.31081224264206836
cgSYNC00281,2.485022080304434,3.584316673595999,3.629178630750087,1.9220798733481814,3.237094670613855,1.9187606256074499,3.100456158611804,5.16561353657195,3.2644434299842877,3.078676075889964,4.066719831690007,2.081928093746372,3.369608831691186,2.1029080216324476,4.239825642347068,3.3510410599217617,2.9986115936889925,4.423810589941536,2.9655148555855675,2.7234832922293517,3.779468123045705,3.025113084156605,2.9836719125642768,2.994956091276997,2.52720360366976,2.2988780043087345,3.3739071635922695,2.527651255848283
cgSYNC00282,0.5211646355836208,0.22075546614054828,0.29004562066993245,1.0032154688728339,0.9888483636289894,0.6075172022729204,0.8947241605350359,0.965815945459744,0.6974825271972712,0.6031917084737755,1.00316690714851,0.6147336684099349,0.7697775466891962,0.5099191720374384,0.48454775108975023,1.222742198604117,1.0025984954840652,0.6505793161796469,0.5026760696325966,0.8038813891321532,0.9000223173316454,0.690977346563972,0.4557226589211065,0.7166235306606162,0.8743193221075396,0.2027625592454946,0.4448368473314816,0.5941894899141743
cgSYNC00283,-0.6547977329420955,-0.7549325946638242,-0.6630455418186667,-0.8088004936554284,-0.7373928076458489,-0.704011543248503,-0.595608871613832,-0.4502878595523483,-0.6045010777133993,-0.42186199311927713,-0.5768448641615378,-1.2403251966403188,-0.294875124223029,-0.4308591457484396,-0.42382898295782795,0.24277038861482914,-0.7104362633703486,-1.1403652538644478,-0.9284675644632827,-0.43949855957865136,-0.49386204378675946,-0.7326509764933506,-0.535884109036035,-1.119455535495307,-0.538436283516343,-0.0832219427635666,-0.7616710933932997,-0.7328538697644464
cgSYNC00284,1.1507242397548818,1.271832256502769,1.7306791466441422,1.3900081390864645,1.4218617725347464,0.6650539859945521,1.1529492704884652,0.8602669870650106,0.4132921922974176,1.2329467568225096,0.9825989982269684,1.8677302051369875,1.0303018227124956,1.1317332968565794,1.0429587007001744,0.7006791837485888,1.114308912241626,0.8464466126897277,1.798396217978334,0.8617824657096457,1.135638329256731,1.3516384495905187,0.5166388449826074,1.3235318101979043,1.6408708630932947,1.7083292654588678,0.33170861828576115,1.4760710693062384
cgSYNC00285,1.115465015919609,1.4302533232604069,1.0026014593362385,3.077568073235707,1.3690146214682417,0.7736115665169683,1.365204805520887,1.051548272538315,1.785563771899175,1.0516425481694605,0.8192541676639886,0.9755979473249122,0.8179366182805063,1.0354914097087866,1.6116163816120788,1.4146851443281236,1.0594768831322625,1.2393694968911955,1.744142105543825,1.4017136103081063,1.3412286137925613,1.2749190247689748,1.165027525965469,1.0728988105838235,1.101192458996324,2.2999202038620092,1.67666217575062,2.62827595936493
cgSYNC00286,0.5162420566560669,0.27394558264735985,0.047097493790245124,0.4552989352381868,0.31851128548193125,0.2616389880454488,0.7745084934960247,0.6711135359436682,0.20136818133935522,0.010780515964819217,0.40673689053296513,1.029740793620623,0.22466656875833385,0.47893884295486927,0.20418007763132795,0.752695781343568,0.6724139424199284,0.6983935576084336,0.5175446183492801,0.4197952199797481,0.048059818481370226,0.10603101612654138,0.8512754927691919,0.6743711182427805,0.27843039043924145,-0.10205400610821698,-0.07515933330299954,0.3672839474376046
cgSYNC00287,-2.643588700405784,-1.4376994701944241,-1.8728939392355242,-2.3460314436701877,-2.3210319502805454,-2.0615170649260355,-2.9640741582500394,-1.1574647567634453,-2.8503064146827257,-2.4001524113236536,-1.55111988957972,-2.180572389372182,-2.0521455158168056,-2.1702804579813666,-2.2767410117530154,-2.3862665846051643,-2.332377359487757,-1.7007821131923304,-2.173904741711069,-2.0728508105002996,-2.3920598477290973,-2.099393907466142,-2.1684836901281934,-1.878331888363753,-2.3879545463697025,-4.255425439146501,-2.741338133145499,-1.6501472209865737
cgSYNC00288,-0.921760236881662,-0.8146375631111066,-1.0405360529853511,-0.7548175603651845,-1.2105834622359266,-0.8915107104824624,-0.5508090941286314,-0.49615334451799137,-0.6801212161172459,-1.009767760738952,-0.754329823392273,-0.6575884031840021,-1.054654547846244,-0.3145658197982169,-0.8132176079388106,-0.7844456336938136,-0.8314432329142492,-0.44259188109859077,-0.6572793160040474,-0.6020886447447963,0.06052726506674703,-0.5509764559859078,-0.706536968529593,-0.8644723378812132,-0.6738307018895683,-0.34923756356687086,-0.49550491408546576,-0.736515201744731
cgSYNC00289,0.42907204061041604,0.1629918997041006,0.4363899707872895,0.0009004851002565835,0.40977660683165595,0.6862784121000426,0.052257322537250184,0.09412376795363024,0.26671420941404217,0.17194475567734496,0.49405681032902593,0.6311508617872926,0.414423959427704,0.5389610842866461,0.3251633075596265,0.09132705865217533,0.07197922966453285,0.10879866740319522,0.7227123395367977,0.5879051386796106,0.1517673644281952,0.45153319175848694,0.693318473687234,0.47699828768451746,-0.010308177704942972,0.12954537101723004,0.5093187706578706,0.018265548975427974
cgSYNC00290,-0.41489712281737184,0.06918554668791625,-1.0146454997126397,-0.3295074557981752,-0.5696007734851556,-0.8847956483917768,-0.5593528844919369,-0.6897776112078843,-0.11403137479895939,0.008459001262180861,-0.4967151357579609,-0.4032713360198498,-0.9795910335268138,-0.5890745912103265,-0.9464769144578979,-0.7639341475964625,-0.38798275464855647,-0.8264667178325108,0.007520163754115531,-0.15465566821617788,-0.5172466101095206,-0.37654855169007023,-0.07477260482070376,-1.134119307703866,-0.43178801560201935,-0.4585319071538359,-0.7344183207205272,-0.40341095374241465
cgSYNC00291,-0.049584111798585136,-0.0894086480393441,0.14814625403627527,0.8170911909798224,0.1460084772674641,0.17031457367653052,0.7753950493361337,-0.11636886089490851,-0.5250150013483667,-0.039701505132792865,0.2979959417926865,0.015581994655949373,0.49189334024837844,0.5999941923095324,0.7123803643681359,0.023117281895881785,0.4966441419241498,0.108761282164322,0.04008411823726867,0.5216072201119948,0.17961677039445376,0.41522075864451374,0.321068629120276,0.18565606821531333,0.9535740075729237,0.7682753670950168,0.7893574882048916,0.34234651101993835
cgSYNC00292,0.23278569641445793,0.9857522749560143,0.49415115906567525,0.5019883341407054,0.29893798140853,0.9730427728192633,0.8202570940164005,0.20422752925647883,1.0678544036726458,0.4051398839250036,-0.025036307757949426,0.5935812284105084,1.1205361822263598,-0.3032341858652725,0.8796583137571826,0.5683322161566089,0.5433979641861263,0.41605305484643373,0.8262262535840172,0.39342211608004324,1.0027279146531602,0.9937936025971729,0.5678831518203538,0.8578797827635326,0.6509202457971333,0.5325780960007926,0.6894923167442514,0.9604680666894665
cgSYNC00293,0.42803232108122635,0.5025133997944827,0.9170947741446983,0.2752326881056084,1.108217237645395,1.0677565323341747,0.498642111564468,0.2864350776614241,0.7249426338248455,1.1031944039185615,0.8095555124122907,0.21087151897105202,0.9729176005596522,0.7447792509219711,0.26693262867367323,0.8332626639645649,0.8247461503970622,0.8620568368870669,0.2820017729403873,0.6742193768936547,1.1830958312594544,0.727990781807454,0.40755995745722257,0.6891977366984541,0.6037170044531848,0.4196475050029163,0.8042436816272597,0.2860525847068175
cgSYNC00294,0.3710504722373511,0.48828955764987647,-0.48064804887624407,0.39631844697732044,-0.015587249242632743,-0.13728566354452088,0.2100946207393685,0.45172554136216736,0.23372458656775907,0.3690262168826071,-0.24612848413011665,0.34185754913898114,0.06977751562144192,-0.1657957749877797,0.582842363832326,0.285525871589445,0.5006291118127849,0.4262358655819552,-0.32968452988901886,0.9551014874180168,0.20580240161482696,0.2308382575019933,1.0762711296476422,0.31372960531529215,0.0096316607182492,-0.009671264858459053,-0.2530797620408539,0.2532178050457808
cgSYNC00295,1.0439158100854418,1.719479148502806,1.614780713094452,1.715896114621163,1.2972629379846061,0.3507394898083478,0.6134495955483705,1.6106735390798466,0.8722049851807274,1.1666734639684564,1.5762400610807854,0.6190137861466312,0.7990882268599546,0.7523011683694568,0.8861722745186522,1.3064570700467073,0.947225900389255,1.2252201221450518,1.1692142508424486,1.0628543217886066,0.5137847104056935,1.2106698422322004,0.8139167529129164,1.6328322474512231,0.9117167200988389,0.9268922478984128,1.2877231191968164,1.0756210848034053
cgSYNC00296,1.9212080562286893,1.3834308078744886,1.5817634941314662,2.4282760194292017,1.5615535468256023,1.9947674470198078,0.9233866239774535,1.5751701761926913,1.5247435720323927,1.5914467668195085,1.5776538586972335,1.8473844486627264,2.0105382900180033,1.3103344008027782,1.5586450900210216,2.364848912129721,1.621623685007645,2.2647077951358514,1.3569063303997793,1.615118823190397,2.276607646749107,2.1857185042619096,1.7099114176751387,1.4202869496840518,1.4425934467590145,1.9699940170549566,1.5311545361085035,1.2216672693003656
cgSYNC00297,0.26158846786086015,0.7964795914406704,0.5597219101105187,-0.19587843664299812,0.3360971614263919,0.31509542758010745,0.3101165849798354,0.4518936714387088,0.42991347327275575,0.38591873723574455,0.0767474337254191,0.10616101355618417,0.5371589963540342,0.10916666688235738,-0.28786103187019246,0.037107630883687355,0.5354855705191514,0.15416560782094327,0.8457296259386817,0.8230979384119727,-0.07815581204770537,0.4851417983123671,0.5639060459042979,0.1604464715341704,0.3513927737778115,0.05835292801020514,0.025032938705428803,0.4409495777925709
cgSYNC00298,2.3320671725550786,3.276360383542808,2.6767819541834474,3.604717796775035,3.835239009454447,2.5947858869714997,2.1950410278096766,3.016111623662148,3.2587540196399645,1.5743755545157097,2.2825063687178604,4.518957962664398,2.123949208690333,2.8843597022631657,2.137321167815554,2.8825110213075353,1.8231352834477452,4.700076151315237,2.217555321731738,2.405994080210799,1.7887992526171628,3.610167668817582,2.329984663499174,2.277221776181533,2.443777752141262,1.7051766705602616,2.323754937968983,1.901892818089047
cgSYNC00299,-4.865930187172317,-2.9356486747756896,-2.69316363949432,-2.595182324200586,-4.541002801102153,-2.4485279417118977,-2.2214076860914425,-3.4176898531713142,-2.0369517211057904,-3.388809525611261,-3.33540439536139,-3.336245843343237,-2.8767326066029795,-1.922181472739183,-4.195116558996181,-2.3356053126164635,-2.165120070895653,-5.147240786291823,-4.290467752057927,-3.189248846729829,-2.4711987341533086,-2.7697118267758354,-2.4910983748411613,-3.9868126156558814,-5.0161066333562445,-2.446257546434046,-3.0985022559714777,-2.9185543112822288
cgSYNC00300,-0.7306389078721173,-1.399681787189458,-1.460074187337039,-1.2560906664456797,-1.7649497245773877,-1.153228098977101,-1.0603169587158485,-1.5066662913362951,-1.1181218304140577,-2.0740644761940965,-1.5084058926347546,-1.006276327523177,-1.2625324849095738,-1.1688374956442749,-1.5365603026042747,-1.8978144514127722,-2.0980919533196936,-1.26038733787313,-1.3866390335858416,-1.4253977388614731,-1.6036128300911743,-0.5746041790328051,-1.3235518510130437,-1.2747672289723664,-1.7756336645097652,-0.81860494285568,-1.1042304283771358,-1.6319628901674286
cgSYNC00301,-1.05390860679485,-0.8812190257426646,-1.7907681936943136,-0.8153083174889779,-1.5118280863849474,-0.838218569779356,-1.0162924242873954,-2.3485257332943834,-1.0741789476151815,-1.682833975042261,-1.0306530927164705,-1.5523507193910115,-2.14935485510493,-1.0683524932494286,-1.9125033897069976,-1.056284933204244,-1.1798964928422786,-1.1705696756058142,-0.9131866297821941,-1.1116325189516016,-0.6886522379289538,-1.4223296451609968,-1.773859934091977,-0.3276280289387015,-1.155780753422116,-1.7017794011178249,-1.4047423628120839,-1.7759197545157102
cgSYNC00302,-1.0851313849238773,-1.1716900334969271,-1.7457160062649073,-2.5958305547006693,-2.203831807594707,-1.620602016857147,-2.5718453244744186,-1.2032488334323248,-0.8813214801538048,-1.4191469627607622,-1.595439526453919,-2.131046164769851,-1.142072392097134,-2.4340050959064046,-1.8134982811463927,-1.4594907863567113,-1.353923078012823,-2.2165550815403887,-1.7048468402435222,-1.5057787837255825,-1.6621145621061115,-1.444584135292773,-1.553988017583512,-0.86800475735052,-1.860715853337922,-1.7387418388458684,-1.1716494508935802,-2.217827810426778
cgSYNC00303,-1.8799165339357127,-0.9468751996123334,-1.4472506164254266,-3.039214728031579,-1.3444122589925218,-1.8860273330428017,-2.007238609396676,-1.3083962496899757,-1.1617643528729198,-1.6605827540529117,-1.9217140950773457,-2.586729257977401,-1.407098900661056,-2.153780976087949,-2.790724048267159,-2.066786284024315,-1.7805996898813696,-1.9734221859024454,-2.145454210060671,-1.926244794346657,-1.8901765616329378,-1.623522967982253,-2.172060957705798,-1.5353530740663919,-2.669347530982969,-1.387799314570325,-2.8639257733369083,-1.749613650365034
cgSYNC00304,-1.1697798297433923,-1.4075429160671888,-1.3762559518149924,-1.7177424028208932,-2.140735798505208,-1.3626657278815397,-1.938821333450388,-1.1617414025261874,-1.271758293786145,-1.4422316920362228,-1.5548755447087368,-1.3448116273737305,-1.2276806827277866,-2.0531167060929714,-2.007531944165361,-1.502172879385121,-1.4198430282925614,-1.7503421657635603,-1.6860737653207944,-2.000589960848219,-1.1753138219765622,-3.016754034014827,-1.4790590089509146,-1.9870133628586246,-1.5556619216685927,-0.5333377774323655,-2.52933672829786,-1.9711574879943488
cgSYNC00305,-1.4973674189220325,-1.9652372710793846,-1.696756992977916,-0.7367023579021037,-2.3800934649330516,-1.952602744958473,-1.7226912919658117,-2.046355933024003,-1.4332060716774555,-1.8709031329108263,-1.1064836561543623,-0.5407079143639825,-2.0890941743236544,-1.261038534069004,-1.6870725624240883,-1.4960797040328118,-1.0434738712206089,-3.0391581760127115,-2.4728097826697466,-1.6100687070752349,-1.1545313822464225,-2.505752990192636,-1.639913436200163,-1.9637643540322798,-1.9461174060473083,-1.134430322658752,-2.1805969881073706,-2.351858054872993
cgSYNC00306,1.3929845059520045,1.7152464470552526,0.8677552069703345,0.860000439286069,0.7548953540109846,0.7961609661920996,0.9309207983062842,1.5150003739629232,1.7246712107904374,1.6602676486701669,0.8107884093445635,1.2285897016446505,0.9378015911455355,1.4078198304154392,1.151864409568081,0.5361084238443748,1.7757840667766502,1.8933080674808724,2.1469579653340984,1.0928121254532455,0.9292159944303726,0.9158272616361423,0.9877114349531797,1.2807452726206157,1.855443066693874,0.8366140821394228,0.3940202333828153,1.3029618044937803
cgSYNC00307,-2.5288406791505063,-2.6974820642989363,-1.495394467748934,-3.933678220047131,-2.809197373952486,-3.4075038606926418,-4.207639689541846,-3.4470582357781874,-2.9732545915160737,-7.636624620543649,-2.7193890788924695,-1.9461197094287392,-2.5329093753382277,-2.881565289088802,-4.329531260113264,-2.5820968007659384,-3.0652502608941488,-3.9386544563621815,-7.636624620543649,-2.726897908069892,-2.239441248444776,-4.165962449594097,-7.636624620543649,-4.024471970344581,-4.713889122828699,-7.636624620543649,-2.669360451379561,-3.716322080993235
cgSYNC00308,0.22905562668270588,0.3997384332631229,0.6890482684923929,0.341606985597167,0.7710913470189703,0.5721638076034093,0.6162817897913202,0.8736181496647216,0.16223410904371094,0.02101333268678756,0.5975920387485952,0.5537154618549405,0.8346565912726831,-0.2509096498145877,0.4436087185267556,1.0092228022064462,0.6513647298827907,0.30127968438710606,0.9733563392006698,1.284573751706421,0.345741639433877,1.342462416319343,0.6818978628467578,0.4122856771919951,0.5501139921844854,0.3861750667994354,0.48201568737521605,0.6815115702905954
cgSYNC00309,-0.3414433918493626,-0.823691109558557,-0.5726073001165597,-0.11382895174203378,-1.0766159377559927,-0.5828365277664216,-0.6205720178495718,-0.6138321786917003,-0.7481836492691556,-0.11260379777166198,-0.5072455732310513,-0.6932520203667871,-0.9000592047666913,-0.19327761572060329,-0.37073179106516174,-0.8430766770779239,-0.8382628998475743,-0.15048211415920235,-0.7009149885936491,-0.7660243853803245,-0.022275995753769623,-0.15153373174424312,-0.8385241519047114,0.40028833166778516,-0.7182538343240041,-0.4657934969845683,-0.20620840483555913,-0.8632617613704596
cgSYNC00310,-1.4353768354935301,-1.253755099566464,-1.435366254729344,-1.3308376613569635,-1.0202202105774385,-1.342572408139331,-1.2962553875840435,-1.8202682984025602,-1.2839429857105555,-1.1921823173068102,-1.6628603222783118,-1.1256035795395307,-2.204553801565688,-1.567545217591609,-1.1838210222086072,-1.4493822897101107,-1.0738967581775682,-1.0465119747316054,-1.787178519510456,-1.8636566513502728,-1.5827539783166482,-1.285748690673688,-1.234161266518026,-1.9597975962390866,-0.7703128010553552,-1.5540279270038755,-1.5313775676510146,-1.0420502946720163
cgSYNC00311,-2.4967803994736015,-3.4439070985798295,-2.415756003602295,-3.0623318145968823,-4.8606720024380605,-4.634007148192409,-3.0645099344928624,-2.1430934924665337,-2.7853598977279423,-3.7091147956360566,-4.333435476806217,-2.6830102252444172,-2.8869223255132432,-3.4047085500491057,-4.093517816554848,-4.089277826433612,-3.9047395996648255,-2.8524313347020827,-4.5541461628772675,-2.902097478414864,-2.1248907907499484,-2.9323228397733856,-3.575169156447178,-3.0287827048065146,-2.611010659000683,-2.039282455430185,-3.8087683382003776,-1.7848365215075968
cgSYNC00312,-2.020846537658892,-2.0699205739387243,-1.7800808408674815,-1.3137964029035887,-1.46933432092398,-1.8178927015383568,-1.1690176199057076,-1.5411965188277172,-1.9253856411575974,-1.16923456823347,-1.4982498017055335,-2.325595741395495,-1.298618271015169,-1.864102062776827,-2.18232444060108,-1.5511215711127522,-1.448672238455017,-0.9819469404129043,-1.469658746336004,-1.9596195141031323,-1.8757915805208953,-0.8585507558437973,-1.807252034701558,-1.95424748910601,-1.239622878096995,-1.518600085042077,-1.4330821298665226,-2.2439833592331153
cgSYNC00313,0.2992693858815533,0.23539739351285183,-0.16084960221854688,0.5459806301231473,0.09450390503497492,0.4433175737968646,0.14438912306264845,0.4103207377063514,0.11463091355011065,-0.28712791061101045,0.6897646224362177,0.17186233387032948,-0.4212575000453415,0.013498523423459393,0.4344327817246237,0.4282013140308328,0.4537310822018761,0.23478084755640458,0.7971501499989877,0.6027168791211598,0.3790191938606057,0.15668264564188178,0.1227850252084399,0.4288293189092686,0.5567876641825449,0.3572841078393148,0.06898484294451566,0.2027924839016637
cgSYNC00314,0.55596240976,0.7502373038519595,0.16533781744411935,0.26679455811293307,0.2672614294511617,0.46858138550204265,0.6987305807782302,-0.06644803205418398,0.9616702992452307,0.43536193348062674,0.7441968011867788,0.5761281626198034,0.31785032937878344,0.7788154557067025,0.6096301020206597,0.6744062533230623,0.8811622580383555,0.4096938619951255,1.3081381051172805,0.5443633322653351,0.8149193204412519,0.3951158151160137,0.07315553811688767,0.43397483365876843,0.4801683387767673,0.6811894028255728,0.6025348456536856,0.31610299120659124
cgSYNC00315,0.2963735744186726,-0.6022438669054411,-0.7848688024632346,0.04699668223777372,-1.1914636697588101,-1.1736359453708292,-0.39935230706044106,-0.1438619037978616,-0.22363738288162954,-0.5648998578636758,-0.9644504893719815,-0.36054591821555493,-0.6016470281291488,-0.2514062980367237,-0.6151175159373239,-0.47868062924199134,-0.9901962615323193,-0.6539461373743539,-0.8724814220346078,-0.05455667903980452,-1.1853582112978513,-0.7496818381088008,-0.6689183102213754,-0.38190510840336367,-1.0978935569899713,-0.7730731994459792,-0.5089596693489001,-0.9706396752762306
cgSYNC00316,1.0220150608558354,1.433888302149513,0.894550240530352,0.3033934002197107,0.8098870248731418,0.9679337794451899,1.2350329887338203,0.9322667254150445,1.1168616746384012,1.157102924784204,0.39909717347767754,1.5734734948063493,2.264267682742487,0.6513586242324053,1.4994522544718918,1.401487959828852,1.355395810423609,1.4846070659656339,2.242633148664581,0.9177686616140891,1.522495224662424,0.7962110799545455,1.113253865696165,1.7011734995699368,1.2157449283603388,0.8819134394129767,1.916828730258084,1.160313022588607
cgSYNC00317,-2.9905446484491267,-3.234475743682127,-4.034137221959713,-4.939130886959045,-7.636624620543649,-3.932918831924202,-7.413893524810849,-2.9100163352449675,-4.658417113339231,-2.0655773446574037,-3.0110126804916115,-2.733539994059826,-3.848014916838873,-3.413972527185268,-2.2516435772015,-2.9129263266355467,-3.5126464480495105,-3.8165497105952935,-3.839174247783935,-2.881829901857495,-4.385758201323133,-3.032624699128915,-3.2426987098762714,-2.448831396144408,-3.8225337894571187,-3.281022698220825,-4.679199687286403,-2.6888555562694636
cgSYNC00318,-1.6087448809260836,-1.3592673463539668,-1.0798079834916134,-1.165754126937682,-1.694671720734152,-1.1649648323552952,-1.631768562982255,-1.8075134959154227,-1.153941399585376,-1.8457262207396499,-1.5251801893416763,-1.3424940407881945,-2.3101589598178798,-0.80512696240356,-1.5834862396707337,-1.7401211933431544,-1.3916571512551517,-1.9881614445676559,-1.604785262594589,-1.5654812869445869,-1.7341876704048556,-1.2899775456743188,-1.3797417476153189,-2.024498179657669,-1.9790810466420465,-1.0810762964506484,-1.6996531658659189,-1.5449198540328055
cgSYNC00319,0.8923404368733013,0.6430566527028188,-0.11207723531742948,0.4622036231923847,0.8218850783684515,0.6749480741490324,0.6201888277490769,0.06897817942653747,0.49832231828866536,0.11374340905878248,0.7351214546703655,0.5172301617780262,0.6702488643197644,0.7487594804787134,0.4644694939964051,1.100666587969824,0.8131189249832962,0.5718784729280675,0.5980431200423428,0.09880911666889251,0.40528911170612963,1.222030223723229,-0.41117556029017316,0.34641631000604284,0.6438377261185809,0.2433490364597259,0.5863199372368397,0.2719239527682422
cgSYNC00320,0.5841048474623146,0.5743975558676694,0.5797861367343483,0.23950689907699124,0.4788657746991137,1.0528032559508735,1.01066523209431,0.6765148271083395,1.232724642964903,0.6647224148583333,0.1925260932627326,0.6307480812082181,0.8875645942502272,0.4516483918398612,0.983670374304166,0.8578167458467832,0.9783719148651595,0.5750712036245262,0.510795822621327,1.2881886909892872,1.1319823574797527,1.1280309711095537,0.5197055219923669,0.7351028183387385,0.6866455213081554,0.797312336584727,0.7386081409656051,0.757357847760159
cgSYNC00321,-0.4699699126492641,-1.2193873489594376,-0.5442901116512688,-0.7764258988667387,-0.5375162564422956,-1.060233000819841,-0.7233251431289157,-0.8850623700640375,-1.6923907051457951,-1.3950688244760583,-0.9132436843956735,-0.5244530621547031,-0.3649096238186194,-0.7935598658931008,-0.7684165974470101,-1.3830319933990236,-1.103083301079035,-0.6425237702157388,-0.15736396828448784,-1.1602263268967725,-0.5871272608543027,-1.333868358008415,-0.8808528280581871,-1.1322222527306633,-0.2861751435814957,-1.13458968264956,-0.44875329828195665,-1.1101148269909342
cgSYNC00322,-0.7881353545198745,-0.8670304630045534,-0.6887603308046489,-0.6727982779174352,-0.3113419901018804,-0.5873832434692592,-0.13141147121420485,-0.8769169195614894,-0.24764020216629792,-0.7407727686369251,-0.3426517446688943,-0.14987479428843228,0.07619842347997612,-0.6718239719890974,-1.0485427883842484,-0.4037455159324781,-0.3714642768605757,-0.3694173024218131,-0.05203259961167184,0.04673366928263335,-0.3929584929784614,-0.582248005350815,-0.49899970686646755,-0.36325904724453506,-0.31001170574772435,-0.43707459025440903,-0.38962538765590327,-0.5363232519216593
cgSYNC00323,-1.3765894253491129,-1.175050958552278,-0.9252098709010464,-1.6618820380636028,-1.6391341284873837,-0.4463223393185538,-0.7930733260146201,-1.3128598702014664,-1.589918988806888,-1.0582958963733926,-0.31738723817357245,-0.8968644641322582,-0.6661960837965724,-1.2949152034839353,-1.5242968544996471,-1.8542194951171185,-0.9053049241374221,-1.1932449110417005,-1.5610765779486153,-1.1773278851294617,-1.7059544071409547,-1.1442785545913408,-2.3114007933841347,-1.6428616735729562,-0.9455441096769284,-1.8088375739840943,-1.8237665233240552,-1.325522006260117
cgSYNC00324,3.1721972042916224,2.098676153781823,1.7438509488127452,2.3808867210204565,3.254740091964319,2.0579778096424026,4.026827602186824,2.9506786955043154,2.63360232849317,3.333435230105018,3.8716482328416015,2.047208119362821,4.650315176458832,5.813894398307594,2.121363618727945,1.8841868363627858,4.368976632106631,2.6015566461670097,7.359217740546038,1.9579909101475126,3.0720387590939344,2.526849118621075,2.380414873756494,2.7706822693023567,1.8383129788092027,3.4205879459913566,3.284769699465012,2.4596297207908915
cgSYNC00325,2.91257203443495,1.646381518651772,1.409977199868117,1.4541131646303818,2.6188393968467882,1.8517319826118361,1.9331547981289574,3.4147788783358175,1.5620582839115986,1.5624324200136053,1.7815759605253423,2.584140720530389,1.2454745925525825,1.8258939338635363,1.6341386492317687,1.6753095035437782,2.0346684891954414,1.555734210805235,2.445821596380491,1.6206288303652578,1.8758958574245648,1.371569022983795,1.2142166702742616,2.059004733423701,1.3123141469575317,1.1067288424863921,2.1301342902113745,2.009810829684667
cgSYNC00326,-1.4009088527501283,-0.886993049177076,-1.550729002468044,-1.1937025675594306,-0.786105966502949,-1.4360347940318337,-1.0655155973496495,-1.1972839893784002,-1.7995937502838824,-0.40352104828110436,-1.2437408767117706,-1.1398989174151792,-0.4381917025885109,-0.595433165045625,-1.6639740736056072,-1.2499671849332459,-1.1187168757226342,-1.2237250870684029,-1.9201482889798627,-1.2280309273857992,-1.316261287535097,-1.1338420818677029,-1.2755070436681102,-1.0176396000122248,-1.1241918125655246,-1.0088837939300062,-1.0986329202008467,-1.2657378543196836
cgSYNC00327,-0.545949520275398,-0.40444655357826353,-0.5990456898293637,-0.7533054240817116,-0.9198884829850469,-0.8387455792842051,-0.8773250331895803,-1.0367189015411995,-1.03385719733852,-0.6962384688793886,-0.44596791659717683,-0.7284204745208689,-0.6358904389564882,-0.9419970830817888,-0.6896829730746862,-1.325806104719742,-0.7966136458377323,-0.7439181548059461,-0.48126976280656353,-1.5792583049751747,-0.9141635343769611,-1.2495227533522235,-0.5592620277665412,-0.28787103032460587,-0.5930829143860415,-0.9075948913938529,-0.380461330786268,-0.028481434309046504
cgSYNC00328,3.077229373343547,1.2912323100175322,1.7497220520803898,1.6913569946795561,2.6501245515460656,2.862672089520063,2.3762527291486846,2.544947863638972,2.342593322182705,2.3521421633615476,2.0368978296211293,2.208621044013429,2.067738808877448,2.617587290117952,2.10803116027277,1.9853227418126649,2.6213435511456393,1.6139438862753708,2.474205963880795,1.7209458172417313,2.0065600029111903,3.567935891403628,1.7789464505435602,2.2410427065789973,3.1581735969479934,1.9449856074412588,2.7012372910996776,2.6663989591571373
cgSYNC00329,-0.4907683876692808,0.2778169715890539,-0.5452876992371036,0.6340500803266208,0.2802535184617896,-0.10889730129548768,0.4053193797375546,0.08303538755745411,0.3182797779279178,-0.02168149889147043,0.47956669704015426,0.1019166691372815,0.48583511704638405,0.6193290137404346,0.12907150618867508,0.18745620810561886,0.04169981881038662,-0.21601373332049986,-0.046914658678262534,-0.00017194997287990632,-0.007444517506431765,0.5948969167241469,-0.027804363828095886,0.20543322141297973,0.08323991193666706,0.2873424340074074,0.34138859187767906,0.3098537602746556
cgSYNC00330,-1.7780958211146987,-2.292689025781058,-2.543039770340426,-2.3844171853298866,-3.384755296104577,-2.7297630626647127,-1.8468977274244527,-1.3980896498304463,-1.8042879360483863,-1.790288155736619,-1.96017054709106,-1.4733885653604935,-2.145527670422467,-2.259210556304872,-2.322334756463849,-2.612394662834986,-2.69438296627104,-1.337887581119968,-1.7682240946326764,-2.540032688743445,-2.547481567330985,-0.9359659168016092,-2.409794868243844,-3.529973169224249,-2.627061156477781,-1.7265631269646964,-2.969016507939174,-3.062006827438313
cgSYNC00331,0.2531778719084833,-0.23473529983117175,-0.1884177375431788,0.01211649550567714,0.08551853070512574,-0.7171203547570946,-0.5022829517121135,0.031158086987821534,-0.32743850044302614,-0.5436242154515002,0.14585682018938606,-0.571709806455195,-0.18634614927765764,-0.1555053635563984,-0.33133535863917446,-0.22912002164657555,-0.21572170340212696,-0.28387871178895563,-0.25480799983608937,-0.04983007474733969,-0.5692451468290394,-0.08743344500212204,-0.3162963175975326,-0.21491695332623204,-0.40824384715020223,-0.5464034037498947,-0.16466269428301847,-0.4890283917884367
cgSYNC00332,4.705753388225656,2.3633958828423487,2.739535965932361,3.3262162293063593,2.245725711741484,1.505002213609212,3.890622472461246,2.925349817368158,2.613554890556666,2.685594570056946,2.1187386596981774,2.3952041573668077,4.493962901275564,2.0700767372788382,2.77434870077957,3.3137555795035167,1.951384872889081,2.3550039302330785,3.2428914130232696,3.3663859683766773,3.5068567535467348,2.202896849933716,2.8658449250760256,1.8033979766335082,2.8244431948033446,2.22772683078853,2.428271261998666,1.7184406900770568
cgSYNC00333,0.33265483730680184,0.4460775210110863,1.1362280437123513,0.1876677683046306,0.17824414586239765,0.5546302098042127,0.4621465644684696,0.4545083055862792,0.4844822962706281,1.0058071125577046,0.4183700880844491,1.1909880228882754,0.7145806754547708,0.6175728861806815,0.38159240083569573,0.9781363770765122,0.8526352690465558,0.7612257267872717,1.1307598347612005,1.2377683040566485,0.7275578309114021,0.8794663882150929,0.719943693550176,0.6013406782503286,0.3374424848517431,0.7905931235190322,0.9510592253123269,0.17463614308218978
cgSYNC00334,-0.3245800445029426,-0.3026755900777365,-0.9837470763519354,-0.7806082436332804,-0.59072752983618,-0.11126504913891634,-0.6712907668606476,-1.0519137746457163,-0.19531479949914599,-0.42008245804161665,-0.4045947779478409,-0.08674486561141335,-0.44872968940426133,-0.5661676174052096,-0.25928604867427174,-0.39240273389384756,-0.46020008031696913,-0.30633362279833143,0.25574504661186565,0.057395957891815695,-0.38352300859039185,-0.3558923726546031,0.0024874308812390025,0.1453755889589692,-0.4949620237834774,-0.393411914034493,-0.6295452302041337,-0.16817403161027214
cgSYNC00335,2.0910288001825497,3.843870081992394,1.9629149920039224,2.7983060556141903,2.1160162579726034,2.1700004965151836,2.8349973173176264,3.964399594253954,3.438931613780206,4.1895446306566315,2.02951348187445,2.7620935405480562,4.241698112536639,3.309195360660159,2.3012683423505327,3.401338257392444,7.307142334938531,2.3160036610307753,2.2494141098263816,2.09031986244347,7.636624620543648,2.637127625350842,2.5762964368244567,2.342954759147012,3.028944846274452,4.055788789147538,3.405822829180568,3.4302320094058527
cgSYNC00336,-1.2933701638782906,-2.161194945236622,-1.9006171017928857,-1.3922530687238432,-1.5032128195190546,-1.7331172450106997,-1.6553967353855692,-1.3730942639075066,-1.2898210712517462,-2.0117966290770783,-1.8542564017353966,-1.7462716288481572,-1.7228690342275315,-1.148133650828714,-1.697855024814761,-1.4855046489337194,-1.3778895784309797,-1.548044191960501,-2.0193782533430293,-0.7516032723120775,-0.8379532974461077,-1.2525144225943532,-2.009031925566617,-2.008853505364634,-1.8132797012274584,-1.8921250662803297,-1.6122810628955357,-1.6455080010751968
cgSYNC00337,-1.8198508619491027,-4.576909577697967,-1.9940433173277146,-3.5922641711370553,-2.021776446652744,-3.9093914883144723,-3.55277708102074,-3.1858070616596903,-2.1864387496241102,-1.977235087837709,-2.4357346733647853,-3.0999165431677587,-2.4917505480871815,-3.516833707250992,-7.636624620543649,-3.1153116057464243,-2.879065780120864,-5.095525162306317,-2.4258744106079617,-1.8775949538445633,-3.2998006501348742,-3.364981351769641,-3.2645022825285483,-2.4158622211605603,-3.080667021372106,-3.3898883175048167,-2.7879237816824984,-7.636624620543649
cgSYNC00338,-6.549330040775045,-2.5619110291886824,-2.4341861718247872,-5.148796376423287,-3.181948859550382,-3.4588609375301176,-2.9093696600387324,-4.310253730760169,-3.323485583672349,-1.965422149086711,-3.6642923903389732,-3.500617365484034,-3.215503280132458,-4.091538832138552,-3.1027512906179053,-2.262888519014363,-2.476111105057886,-1.7442056207741379,-2.559996472438111,-2.3726674788497966,-6.220489383419195,-1.9387226389854393,-2.8785414729140575,-2.7671815983575985,-2.312386952967436,-4.1919410601471485,-4.600979276417689,-4.012087995527438
cgSYNC00339,1.6876598589864535,1.2129662485537853,1.3873577008686946,1.0924669981754274,0.8518308645222726,1.7264640059236809,0.7206153170292534,0.44566531060544107,0.6348368994270159,0.2994947379804678,0.6800539719198027,1.2586786495885294,1.0199836671666087,0.8281267448268324,0.7692436637524399,0.6927236512946854,0.7795262818865305,0.6996615175304122,0.8652482549699412,0.075315931751194,0.4962776858772155,0.5888415726842737,1.1582532188850931,0.948061392317696,1.47412873522741,0.9946502066666839,1.2981388896414654,1.164685147143067
cgSYNC00340,-0.8227341397793817,-0.38328912688236805,-1.0067245243801495,-0.19474369438855332,-1.2009815181551946,-1.1166120642245614,-1.1774660119993514,-0.8430406993259048,-0.3669853129969111,-1.103398183973633,-1.3451127215943215,-0.7534077603332681,-1.1782148470866363,-0.6841781396920423,-0.5708979149786766,-1.3960948835677205,-1.2407552467114817,-0.5005366510690289,-0.8344809557831337,-0.4376395025758493,-0.6956234920697355,-0.6498464969943716,-0.5575972114459204,-1.08102010967287,-0.8398972504990363,-1.047174270653751,-0.7546013227729573,-0.9172518504029763
cgSYNC00341,2.6417612019544494,2.2476727536278522,3.463268063660473,2.633298155442376,5.421531704908898,1.9164581205496094,1.914959796318063,1.004000310182369,2.7746545153112367,1.960212084357399,1.8607494847350623,2.144648126277235,2.101678417540545,2.299995697983317,2.845362468037673,2.132255555548616,2.3795303361740707,3.118868014809057,2.060680883716496,2.778777874168903,2.2778804172326588,2.05069502411591,3.7318424637231926,1.9022714079732272,2.4200059580398983,2.2201584326817314,2.2989887291550843,2.5418477070969496
cgSYNC00342,3.7097738855427855,1.858171455586157,2.7292539749003,2.0020873725916166,2.063403992132932,2.156676731350739,1.5850469250080748,2.527159369807601,2.387840578124727,3.036511122490588,2.141794904388094,2.12828574871475,2.008046749079656,2.427872061276114,2.7771866546576427,2.5579296539538983,2.400319348927336,2.3146762558027847,3.9090592893224767,2.1966257573343597,2.4802630565884667,3.785280436680288,2.991192782415461,2.7981667548260725,2.45442009554042,5.283793583899295,2.4257669317921886,2.4324922228880372
cgSYNC00343,-0.46671671546721105,-0.3333761254654993,-1.4291967813900286,-0.0645667947467118,-0.9217729895940642,-0.6615523035563121,-0.6778604160021494,-0.9311225334120493,-0.711799117517979,-1.036243669275813,-1.3587179440128032,-0.8238809083013715,-1.5406521028022186,-1.170520034583767,-1.2903550574248743,-0.588720950315465,-1.0837795377998425,-1.1076914448922983,-0.7706743296510442,-0.5029276093693358,-0.419572810645543,-0.6512262200527074,-0.42249460791796595,-0.9604622992127791,-0.9113533523396482,-0.6905211541449998,-0.6366485160377588,-1.3339270090721767
cgSYNC00344,-2.383939568315898,-1.9769928458728678,-3.1430300705681264,-3.6067665942533957,-1.08828276868697,-1.4425012823124579,-1.4565822448382835,-2.727710658249589,-1.8284571025378775,-1.5692254556738363,-3.424154594438373,-2.1287375921030516,-1.2599121808940505,-1.7845667279969404,-1.8966848748878598,-2.813887892035745,-2.0328642404427497,-1.2984452085001232,-1.8306675639209704,-1.59349462120583,-1.91934335007765,-1.9488226879235488,-2.1497829553030736,-3.4394748974863063,-2.5457259800001824,-2.1401008992389254,-1.5657218144853953,-1.8008160853025241
cgSYNC00345,-0.9345089259611964,-0.8836247002485866,-0.9822528396337225,-0.7198621624879162,-0.5050841472091134,-0.37769977228175944,-0.7458034756017755,-0.7070991308032851,-1.10619992881533,-0.2508141917332151,-1.0364936669546045,-0.4297529283048151,-0.8134675795941934,-0.769950812542593,-0.4615329498965837,-0.7532422945549894,-1.1552881033929134,-0.5689949763606643,-0.540756230078726,-0.17899522714963734,-0.6766178164833605,-0.7219650355642819,-0.3407497894687094,-0.42059527182529666,-0.3029765621001881,-0.3343947425800303,0.23782487347674264,-0.6404824776590737
cgSYNC00346,0.695665319527357,0.17486298862610578,0.6471961377048048,0.9940440452794393,0.9504231364431331,0.227895064959106,0.7724741080753325,0.621013890268796,0.5133169753985577,1.0335927084310124,1.370360688823019,0.8222130707319469,0.40481866883127415,0.8763878420410486,0.4251724910028369,0.7071332741598804,1.1240337488834093,0.4867465530425562,1.0389508850656786,1.1545087165120502,0.3394107697520639,0.9641918550646149,0.7030384010613849,0.8746863492101445,0.7292702066482041,0.744548743972763,0.9561767552676705,0.4906980577659092
cgSYNC00347,1.1924491285510679,1.4018901379953665,1.220169866350573,0.5207122261400621,1.1022028899339937,1.2714468644093666,1.1968693997215025,1.5428426399268547,1.3070304731404558,1.4750345809634362,0.8374515084882539,1.0529141417037648,0.5315209928493727,1.231076744494942,1.8319481946997331,0.980169272632446,1.1533209172544157,1.4396643203227466,1.245790193653085,1.3166687385831242,1.314502179825986,0.9280547288573802,0.9492361053221938,1.1061745159719985,1.5480720779727075,1.63671098528472,1.494168007992571,1.0839480466148932
cgSYNC00348,-4.1009929928311,-2.7436496417202285,-3.0102669287158887,-3.1831956250250792,-2.153163978099751,-2.775313916346866,-3.0404504668615804,-2.5194502222581288,-2.7412820478258553,-3.1276048357926065,-2.774087811545905,-2.421316438631272,-2.128341736713334,-2.2441313292444245,-2.0216577304579313,-2.10621482746833,-4.462238869723269,-2.603815288932835,-1.6644735446242858,-2.540078183226845,-1.854181367324879,-1.981244186626364,-3.6311952048248193,-2.7985259817299144,-2.239811763216379,-2.9034124532547088,-2.4197753706407186,-4.4477079327820865
cgSYNC00349,3.28756549519257,2.77279868978011,3.2549834815657426,3.9130624847940236,2.8699944665325097,2.9713079663667483,3.1045510126710374,3.6402212224431523,2.5444602225746107,2.2573460954157074,4.141305927307302,3.3715548197261516,3.420371391319882,2.231100993219593,3.7199574937433693,2.0686285178635218,2.255619281560558,2.626157836108404,2.688090893934786,3.414094541033022,1.7907667662605629,2.283961483849277,3.4646655550657908,1.9244594527614631,3.070844781528992,2.9361669966808197,2.2513933257475482,2.588312626451475
cgSYNC00350,2.005074559046182,1.7190144721864637,1.3674078727606647,2.979617313932459,1.7556932714600002,1.988402220144374,2.62957438384062,1.5919812245902416,2.880978066364841,1.7435520781081104,1.652091514883985,1.8207038069461265,2.6289582243548,2.2125692807252753,2.18512963938197,2.5320383300424654,1.4952428798895274,2.5073117325191174,2.3912343701148138,1.6919022325113586,2.6886880201109733,2.3938172247449483,3.1924098318937304,1.5354901913442838,2.510344823713564,2.4874096340092535,2.2047424962695157,2.383444789848332
cgSYNC00351,2.369203825840512,1.273666197340852,2.22256741359117,1.8799031911268458,2.3650855954224186,1.8293511869689554,1.323904934605092,1.5219407437453571,1.4437762918002293,1.9582604013020615,1.496494583469562,1.6794001275482056,2.021497879690643,1.6400672316522054,2.497241618469122,2.293827639860532,1.2920087262839883,3.1405708577653675,3.5440757951222994,1.5824930038013871,2.8061427161735426,2.0766610422824012,2.551833591369608,2.7279325427368915,3.3512223827076353,1.5224919412450275,1.8823587248494544,3.05386516900088
cgSYNC00352,-0.013306114798107161,-0.48583510734852403,-0.6614669028630599,-0.13836684532766017,-0.868768486101788,0.09475429607328516,-0.09205583233136853,-0.5283708332457213,-0.41172916197597814,-0.4369143295502547,-0.05283381924369685,-0.3477583204834727,0.058960534674088225,0.14230165491239827,-0.1403940141996523,-0.32541995241038596,-0.20989874529367772,-0.7153044488815964,0.031245641379067136,0.35756445590656755,-0.5046729636965198,0.33840399334397936,-0.4246205158212526,-0.12351272064633755,-0.147671536076067,-0.45477799465244695,0.043211159537467646,0.25943810672370315
cgSYNC00353,-0.8617578180450799,0.1823261413635169,-0.6700918333595548,-0.9171792788388599,-0.3778241636196484,-0.3304187189701759,-0.7205079003410766,-0.8561280022918024,-0.3911513562675797,0.2235908029509588,-0.43213133799605447,-0.6960105022222303,0.27444487224915814,-0.42461702181636496,0.09914971546453522,0.30810066961826627,-0.11664572217184076,-0.6303657053823052,-0.3360397447254996,0.4739948493064484,-0.3064908118187277,-0.15179849565716153,-0.18379061308636777,-0.5520688689928627,-0.31571046834886074,-0.43602770965056403,-0.5800961242579497,-0.8822057208339915
cgSYNC00354,-0.40124330729639,0.25376289499957644,-0.18679794612560385,0.20996126291431,0.3244564479964543,0.6322783982256908,-0.44645304974482586,0.1371618350187082,0.3521654161847259,0.09805270734081928,-0.1803637223171638,-0.31418454627857817,0.47796045123922976,0.21825709977941177,0.19704552778395543,0.1540271826350773,0.5401991925891573,0.4225097486286935,-0.04613084423118927,0.2403844328306114,0.4421641466506729,0.11472398908731309,0.5136579558930432,-0.22180538639089545,0.3258368274262786,0.32427194911765617,-0.08810796643684111,0.3502452161115078
cgSYNC00355,1.4675890039089288,1.7238995830825152,1.0374536792657179,0.9160568184394338,1.8158409450612596,2.8303087013942503,1.8360681246174402,1.7426116002915817,2.070636552829604,2.6827071061598473,2.727715063743993,1.1738736359215203,1.6637672166515667,1.0539699853815494,1.8245091859310112,1.4626122585458776,1.6622181155896216,1.4295281229999488,1.7014073119445803,1.1511673147865633,1.7007509998638815,1.2163821242743105,1.3678436999067687,1.8658554711472946,0.9282573646174712,1.3503975859122035,1.6243112900615244,1.742242201223092
