probe,SYN-OED-001,SYN-OED-002,SYN-OED-003,SYN-OED-004,SYN-OED-005,SYN-OED-006,SYN-OED-007,SYN-OED-008,SYN-OED-009,SYN-OED-010,SYN-OED-011,SYN-OED-012,SYN-OED-013,SYN-OED-014,SYN-OED-015,SYN-OED-016,SYN-OED-017,SYN-OED-018,SYN-OED-019,SYN-OED-020,SYN-OED-021,SYN-OED-022,SYN-OED-023,SYN-OED-024,SYN-OED-025,SYN-OED-026,SYN-OED-027,SYN-OED-028
cgSYN000001,-1.346130689701406,-0.6460080699833092,0.05706104519329067,-0.7644139921141319,-0.2637766350451681,-0.772563715542713,-0.9423953303901196,-0.699183087498901,-1.1328117943951923,-0.8823218486940735,-1.2004059296569154,-0.6129156450818346,0.08033762023515982,-1.0473892567098735,-0.1885955591761313,-0.2267149421374074,-0.18372022575200517,-0.49297089851623926,-0.35098657789252236,-0.12642203031222737,-1.1036782744620828,0.23483717813282926,-0.4031030618267963,-0.43702220407498404,0.19396659515354497,0.12927366563884804,-0.6680469605527175,0.24206794244447777
cgSYN000002,0.37445507280630086,-0.15832054940287005,0.3834446546206452,-0.23322955812876753,-0.33582485280296315,-0.5020848882135978,0.12600261062570098,-0.12882037937906818,0.1347189907470096,-0.6830263444469038,-0.5063402209750918,0.18120470365046462,0.5028163737926432,-0.4780445762394664,-0.003836936839328441,-0.23538331420372613,-0.17271776604168732,-0.4864066221156708,-0.26556011420245046,-0.1523384662239786,0.45146521631604253,-0.010249310202035327,-0.2621951495451135,-0.4268025790632517,-0.11700482845156805,0.5337717100706431,1.120592062943741,0.24439917208957582
cgSYN000003,-2.2747956606415602,-2.777428770727285,-2.5949096505588676,-2.5837326613519145,-2.836242066272521,-3.4562556772538535,-4.276953538165252,-2.703999324974058,-2.8271574111151536,-2.9624585866909423,-2.1020463988865536,-2.6688279086910023,-2.77770282833524,-2.8407848780813865,-1.8575788815138081,-2.4643294501619453,-3.3373074722671894,-3.2156125168189362,-3.1105317396013534,-3.4284835597784866,-4.789036243440331,-3.705231209967182,-2.7384925914549276,-2.226805005989711,-3.2380686377668466,-1.2812522249465566,-1.9760349130416184,-2.728903148336066
cgSYN000004,-0.46417001789615053,-0.11995706974892327,-0.02446169452001956,-1.2426481497636004,-1.063697720600142,-0.4078640389774305,-0.45299886631561237,-0.6852320880248202,-0.07104541427031506,-0.502653689057488,-0.3700130941983587,-0.2855620877572187,-0.43173672922016776,-0.3970242993236696,-0.7050557363872973,-0.660544880705312,-0.480913364023443,-0.5029587668043015,-0.9394821434528629,-0.06539502876600664,-0.7277154129404361,-0.7955153524432652,0.14397061847641196,-0.359953376812682,-0.4707006827130348,0.5255736802084707,0.6307455728827632,0.0017650792986856872
cgSYN000005,-2.685101455953323,-2.75773781693146,-2.5144724328184673,-3.6958341084381283,-2.634017642668738,-1.4176924896839138,-1.7184862929930966,-1.7570453918246882,-3.490079994942523,-2.583392956040637,-1.5857707689426592,-4.152376520216572,-2.475826255476452,-2.5802940101175422,-1.6472987365518592,-1.7777700664681866,-1.762534226543531,-2.2554124637272785,-2.2962881319517305,-1.8727792465470336,-2.8421243234579423,-1.9916191236934733,-1.9776276617178912,-2.6759739836912995,-1.8308337837282156,-1.2269703409522945,-2.651613364184356,-1.816499852239014
cgSYN000006,-2.4961564636032927,-2.8312788233040713,-2.317035889577317,-2.8993472420211037,-3.117473636976421,-2.6149057308070764,-2.981118484581386,-3.0506551759805522,-2.187483404514231,-2.862506252366322,-2.258817307237909,-2.2525619670294272,-3.5100602592621923,-1.6973241506616348,-2.4545314852954894,-2.279279194198592,-2.5531068642796377,-2.980601237872245,-2.304557182759738,-4.838864669325804,-3.207293986000685,-3.611035283083559,-1.7318691953900769,-1.8945238392322956,-4.3426964937437695,-1.6018407358122586,-2.448398626319324,-1.1740804919574377
cgSYN000007,-0.747220262580746,-0.24573185461059316,-0.73658991264829,-0.5890927540183557,0.1439612551120153,-0.562185784712139,-0.5241990341506036,-0.25047676491506504,-1.1489532294512734,-0.5080147018417979,-0.5748478711488907,-0.5044575573357721,-0.4172592972434017,0.14297599339196168,-0.745238352187639,-0.488378891700339,-0.5178101656564718,-0.79169662590822,-0.3680510793581649,-0.06786201567316884,-0.7362313310631625,-0.9805243454187266,-0.4888830665850514,-0.28766192116023026,-0.09264902199673378,0.1491122985738589,1.0343908786312257,-0.38723830178758895
cgSYN000008,-2.488793474613884,-2.8247073316459583,-1.7145083731215247,-2.1774180375315284,-1.1880241635082591,-2.6129662746644433,-1.9430528258297444,-2.506270077309424,-2.3637926292587426,-1.5515452852344827,-2.238055752792185,-2.3799422738164373,-2.7343231153762884,-3.4665437788707836,-1.7337481271736808,-2.354697977522077,-2.3775133274199884,-1.4076846966746492,-2.1634385854212366,-2.4482393173659376,-2.4010111660322306,-1.9202665039102065,-3.2329553683521075,-3.157432084744009,-2.337731071738421,-1.449969535007503,-1.7596363249372382,-0.9971307930940019
cgSYN000009,0.6414990550984335,1.1820266044869523,1.1419267574108083,1.469360160134102,0.9306284981384619,0.8672134843676023,0.9219344887437844,0.32237210304141006,1.564110062752215,0.5033179635377827,0.7730650801326345,0.6640834660923519,0.9078709458225315,1.2772953895220727,1.3229079425048784,0.9178456634169065,1.1413346559579463,0.7641284137772308,1.253034356055149,1.636770541100728,0.8056744962479897,1.4071803616500422,1.536615937304062,0.9757565547957694,0.7862760827356418,2.2722229374840808,1.3809239202666947,1.8576227512842693
cgSYN000010,-2.067066617275608,-3.4003865980282137,-4.696045149928876,-5.426701758966336,-2.8370956623809063,-6.6293566200796095,-6.235689956422024,-3.06102458691764,-4.592651925622979,-1.737038133927917,-6.6293566200796095,-3.3725011329719035,-6.6293566200796095,-3.236093643387494,-2.8618463019017253,-6.6293566200796095,-4.127885026537941,-3.118825483840419,-2.3652056370876338,-2.8212237024941884,-6.6293566200796095,-6.6293566200796095,-4.812407754406702,-3.6613044598014595,-3.307978984022922,-1.9086111989464234,-2.009024000850118,-0.9484903487866869
cgSYN000011,-2.995196834991222,-6.6293566200796095,-3.3183720135929957,-2.7812379338126787,-3.5063474781444692,-2.999463042203372,-4.02010910660329,-5.881235404706698,-4.0305158553455085,-3.958414318633702,-6.6293566200796095,-1.834413240088167,-2.2902402340777317,-3.836553700415534,-4.18880965690659,-6.6293566200796095,-2.8620124571456365,-2.763320211875643,-2.467096640145184,-2.417889149028529,-4.101022075482201,-5.086318457314179,-4.519845101462021,-3.2456622917322004,-2.7461745036241965,-2.179762727559599,-4.046964157505681,-2.031292872532754
cgSYN000012,0.13891038676889367,-0.15182757764082178,-0.0931872928598904,-0.5288600687529769,0.14827286052187824,0.2457855993716569,-0.06646800569255404,-0.39201064588543844,-0.6219212130995168,-0.008888281096197301,-0.8346117908368156,-0.187553071148668,-0.5747800594535614,0.16378481973424616,-0.3170448074379683,-0.23355043932567607,-0.18311228832358378,-0.1198527390553825,-0.2818057866748619,-0.3985083101792432,-0.06748470777801878,0.2617721942013583,-0.5863220290614085,-0.489196606377957,-0.4140609128453038,-0.10251849336523029,0.6725863441645782,0.5516794245319601
cgSYN000013,-0.8136637407660586,-0.8601038557327283,-0.24937652204063843,-0.23387451106027005,-0.477169852477205,-0.2457942534471071,-0.2581514303055493,-0.8585263165820354,-0.3429373058241032,-0.49502412343976093,-0.27938877353783426,-0.12635023268980006,-0.03933447892563993,-0.8654992828385334,-0.1207218849219363,-0.800492254680163,-0.85300393284985,-0.6625054814298887,-0.5991960043245096,-0.11096608912785874,-0.7925402926020839,-0.23895026953537318,-0.5768977717560374,-0.5941882106092709,-0.01378161657100601,0.48395316721444753,0.036018508354445,0.6974351318069535
cgSYN000014,0.7978322377466209,0.46446985501125654,0.5975637061657548,0.5660388194767848,0.46153133696063714,0.37998204065757846,0.9705347528865174,0.3618406105838887,0.022673263728936934,-0.28364187055562595,0.5475469973894157,-0.23261402697726388,-0.19042854781107402,0.15526062817350453,0.9158556268337914,0.1453720927753159,0.2537752376275091,0.19438946988615255,-0.0036574876358714693,-0.31616852709936233,0.4954927002347271,0.7959038315660514,0.4674035206535569,0.5963251317480194,0.4244279936889039,0.8044764910206277,0.9023319964548778,0.866445997598506
cgSYN000015,0.6019615193036977,0.1401545329568144,0.8708851055190061,0.39007629189201204,-0.11228799596804206,0.2357757986618482,0.3307173266835282,0.19416008310998617,-0.43125177867208997,0.4358494082850842,0.3128474317663547,0.7012652971331752,0.035331883902451816,0.5657764653236939,0.12620350528926957,0.960299693074544,-0.030930725796228943,0.7665545943806596,0.30703407498105967,0.6713943305599914,0.513732048723439,0.1899204103725766,0.5940278533109835,0.6351555672052227,0.30940813682964763,1.0404609555788775,0.7635360849163775,1.3166576886337484
cgSYN000016,-0.7820173294205063,-2.844774117102588,-1.4855690426440207,-2.18671823110474,-2.7457879917076107,-1.6660799384743905,-2.486462023077687,-2.4001272956279815,-2.046833973406019,-2.543942049526855,-2.8808745392287283,-2.500543829556982,-3.8828055696078225,-1.9744970180128756,-1.6118742561695734,-2.3635621223308467,-2.412989253218363,-1.3182833644381529,-2.5926428799405596,-2.1395289345952433,-1.7233305419744174,-2.077865298983483,-1.616003314452006,-1.783880503310953,-2.513273723156401,-1.485128598580265,-1.0991561005072061,-0.7931105366974178
cgSYN000017,0.6430099395415553,0.27659629268186675,0.9373817784278117,0.09614637373501521,0.7004451519449443,0.34693544365440004,-0.06595705973022623,0.6109915722022792,-0.17231942474786344,0.2917171519718308,0.14359478806037596,0.2388307561354632,0.41661880899317144,0.11122150970234404,0.32152444434342825,0.25165092899534497,0.615493188522576,-0.3131218606086484,0.12264387358987916,-0.07009574704700991,-0.18171871497066341,0.07268572588812522,0.5539507817078385,0.6803979396509273,-0.44776227994286355,0.8975431009674072,1.2110939503576927,0.5081991843708106
cgSYN000018,-1.71005185129205,-2.483626538195865,-1.3450464718230206,-1.4503879466834864,-1.272971289095927,-1.408252646396832,-1.1775528598143157,-1.128006188654175,-2.281065415087519,-1.3021385506746475,-0.7528589219040185,-1.8699017124232615,-1.9419518159295763,-2.549394350162467,-1.164086625329114,-1.442976495380103,-1.5570550170014412,-1.8970508849001733,-1.2545586509712623,-1.4120729629168756,-2.1271115967136796,-1.3566664748372728,-1.6722442445371202,-1.5994730682633094,-1.7985071427939667,-1.1930226886166562,-1.035365991082883,-0.10977642470783266
cgSYN000019,0.523402616088384,0.61613839501725,0.28504460354731487,0.8496652464091632,0.3445850567582239,0.5009567035796701,0.25398769125394427,0.6596820155554086,0.6880790225977224,0.8547584081767461,0.8213289673544193,1.3500055227291026,1.1822928688717849,0.5931297489905526,0.26448450687699837,0.49002926648367484,0.7651118144965497,1.1667615551820305,0.04034266326509785,0.7258254090319928,0.6780870920253228,0.07897255750841331,0.12521885874288988,1.228084741363235,0.6245413658228847,0.9455923042008171,1.313952154020671,0.9352946088777957
cgSYN000020,0.43533299394442976,-0.38478509907583713,-0.18013314182419768,-0.6842954376276476,-0.042586336505692775,-0.07725745812998576,-0.5619554189044826,0.08107344185298972,-0.7399247324873356,-0.4500171942521291,-0.7984709517525738,-0.8982624791857406,0.10363541370096126,0.11739122295064208,-0.02690548217901323,1.0360989470970154,-0.07902302542518927,-0.6328457606887985,-0.22877122631129895,-0.5611079715195945,-0.3633638163912774,-0.48114212452484234,-0.2650817742547766,0.08180165026329367,-0.4242443798002662,-0.18225889402855358,0.4174657353830061,0.613583130158421
cgSYN000021,-1.5401588783844995,-1.13818117142898,-1.583706266228898,-1.4591568173368965,-1.6558866950999636,-1.3800928935141192,-2.0996650460139996,-1.3670815067609936,-1.3429324906541913,-1.764777988276637,-1.3684983203267247,-2.5066593365994216,-1.6084765921724598,-2.1630300690843858,-2.6862696347167283,-1.7999538522343816,-1.4461853083133582,-1.24215103878066,-0.7030225201006675,-1.7323351050487996,-1.9428023590443184,-1.185849572795595,-2.036491299369422,-1.774893562097851,-1.1336878060218731,-0.27703292777303956,-1.2377521350811311,-0.930479588388069
cgSYN000022,-4.650783982452968,-3.80461361276962,-3.9127981444697575,-1.862918789405361,-2.7205962316571974,-3.611094467703173,-2.8856427039855785,-3.1172921402749565,-4.057823238130896,-2.4113095052134375,-2.059735266196369,-3.0392328020771924,-3.067389705083033,-2.7383021741152587,-3.7496130326675634,-3.944737475369926,-2.7488669337451266,-2.7825069719780804,-2.195782104540807,-2.5324728345743415,-3.16368091876261,-3.403800944810053,-3.2877824103144198,-2.7328945181565443,-3.1631366449352627,-1.606187093336084,-1.3148365986282362,-2.141333101384027
cgSYN000023,-0.7912318804764724,-0.5685099593578803,-0.7853562701078167,0.2506067913528721,-0.4363367040219495,-0.35962332475734826,-0.8188668412185407,-1.0988797718007572,0.017910305870710217,-0.28865113738503184,-0.8256695272479718,-0.46769527854579385,-0.3207142159613019,0.11124535562900699,-1.094999700392865,-0.1667647732968544,-0.49395138107681774,-0.5875637848111998,-0.7545519950033681,-0.309204047247127,-0.9388547106018127,-0.2669142134955384,-0.3074581202805721,-0.07236392140805703,-0.6796431310732362,-0.3270002944413626,-0.7830491049557055,-0.37365625961270016
cgSYN000024,-2.4398084880854976,-3.403535315652051,-1.5894115873453016,-1.4772430369811251,-1.8570910029448051,-1.9584813381376283,-2.1394194203809924,-1.9247692712259623,-1.7866371498790241,-2.2870529857149835,-2.0695702571107417,-2.7732336463346434,-2.2323210083623306,-1.9939485577142,-2.716010371110033,-1.720895658687476,-2.6728718362482726,-2.5826351010387625,-2.2277358704895143,-1.739053369654056,-2.2725109972316058,-2.09071754519438,-1.3743304551703068,-1.8641458571138374,-1.9396418266306334,-3.664618990760482,-3.0358205228319703,-3.0217812365524104
cgSYN000025,-0.24042138322773215,0.04083837658579996,-0.09796620449333852,0.2317411788602904,0.24779897043525104,-0.14250307028563824,0.12019242612261472,-0.44455056607108345,0.22650373905608528,-0.47873535060241795,-0.3962333145014851,-0.18454350467191197,-0.4332291477953764,-0.47972171646300976,-0.7498361647006863,-0.08427155134753643,0.07512829472755798,-0.10199464229332092,-0.31810319545851623,-0.10846269689634148,0.10103410607847188,-0.8310941292716816,-0.3736447369245557,-0.24612798251803938,-0.4983877938209754,-0.6302888337022222,-0.071037465194132,-0.4055573272279055
cgSYN000026,-0.46380744706307164,-0.020881092176321083,0.2761645775653624,-0.35975396384122876,-0.023762006955316658,-0.08676619298966227,-0.2342594174001106,-0.07255458821465662,0.5551552294677725,0.5165006355384424,0.39444356322564234,0.37037368411743626,-0.21584436430982748,0.802468725122588,0.15173690405101206,-0.06892564604014614,0.32885239836451596,0.1293183849102322,0.6242025099720346,-0.054650930203752536,0.2130386118358686,0.5675372778656742,-0.2522590797470434,-0.123943782867164,0.4708830475462918,-0.31299102720033894,-0.7286663980528998,0.25325728822462495
cgSYN000027,0.5830311366935175,0.20281260841009663,0.9938126478311373,0.5439505216521248,0.8778737644150382,1.011391186297522,0.7689324379435231,0.04205925818191647,0.9037825201201293,0.23771455603650912,0.6458922680917916,0.325162186729907,0.21717458046738664,0.38686360210102044,0.4395760150689179,0.42992208951407146,1.0947032358317197,0.5584590559014402,-0.40928548688557137,-0.051489770924159656,1.3778340828989504,0.9128886383610211,0.1882318703147888,0.35400163687996034,0.5416940857352268,0.5305951352712432,0.8783999874411574,-0.22593173697277041
cgSYN000028,0.9837332062298096,1.1479783523876907,0.6348993566720492,0.7680716222081948,0.9104033580155156,0.5880366285219609,1.0695277495239115,0.9198978535047436,0.8517778729186355,0.5534170642293184,1.3727882936127174,0.7369122889780505,0.6683629720463292,1.1689614079344326,1.5083831067342066,0.783677833035854,1.0071303749310967,0.19638190231311872,1.1445836174589554,1.019810280855195,0.9175365921071862,0.15891057076238987,1.0736231061139365,1.0309227424690999,0.020364749485660527,1.015688200010621,0.8724367581348563,0.12409562104114873
cgSYN000029,1.508607991497311,1.9394154937573476,1.6966375706561658,1.9122261167264871,2.0446301789710377,1.3803490273644556,1.5637256289730588,1.4597473112311061,1.1709327264469485,1.9252082957457783,2.639278651110618,1.8647122013916235,1.320860158721639,2.737085703644144,0.9844789737915466,1.4040011353525812,1.3414609698489992,1.9328140819639785,2.1287563466593507,2.9397637155435783,1.851872402318696,1.394256784467627,1.6629233860603505,1.7371402948917498,1.6660135141451946,1.9699012148973418,2.084379788894909,1.7700406875896384
cgSYN000030,-3.6120510885556554,-1.6369149118948405,-2.0873274008505818,-1.541281633224431,-2.448258603799412,-1.5818264069471646,-1.832613795437364,-2.563995134711923,-2.2096631154640436,-1.2964911613969219,-3.127480144385933,-3.6215769313512762,-1.997962035726458,-1.832679510900368,-2.6867077551218954,-2.0396934762284715,-2.7100951133795905,-2.250258259483531,-1.5521211803551767,-1.8368266854543729,-1.4576767486145226,-1.8466220021921198,-1.3327165215269352,-2.4766181180136804,-2.727460975853904,-2.2517846967428836,-2.7756359706103355,-1.458017240981628
cgSYN000031,0.3932297522187796,0.47336070353563736,0.08221057472431526,0.10920481055718524,0.5674312554599167,0.623337105444162,0.6749018425585689,-0.1523623903096424,-0.07639586113004748,-0.11929253851336653,0.11295327915980369,0.016281246843428857,0.3556056057572372,0.17882691717599633,0.5208446852556088,0.23673049438361876,0.7448364824555314,-0.03336422581672551,0.7313852731805793,0.43423740349009154,0.2755852148468935,0.35786063193637463,0.36839685528364996,0.1664337307159372,-0.23987801644860307,0.5807509815923538,0.19641214437764917,0.39855575517797026
cgSYN000032,-1.3887905839197374,-1.5842004071762414,-1.1431794398054969,-1.263534436358235,-1.5276957616234286,-1.056333227571285,-1.4648315606173812,-0.8815401178856161,-1.3620371034580179,-0.818025252808857,-1.7627283433023773,-2.301774394573623,-1.8211852470107766,-1.0789715048895079,-1.6536043457128202,-1.325312493784712,-1.5517775574061814,-0.9836076965994892,-1.7468792061374947,-1.5632953169268016,-1.380761521277784,-1.0758549591983826,-1.47124186658649,-1.8113245812057204,-1.7174637457474202,-1.0066466638210856,-2.0016905613625475,-2.997551951731018
cgSYN000033,0.3024506898189075,0.7621206647744735,0.6473959523164898,0.6034881466647759,0.5522023601409344,1.051778823781198,0.785744303011577,0.5642807578435439,1.1556555491030838,1.4794491976073085,1.5221288696478148,0.5815730770581174,0.8269333032518856,0.9775104331165729,0.732266444564268,0.4627894794127714,0.7437098409097055,0.5250804186353809,0.296179357150124,0.9083992404950804,0.6375281906490472,0.9063665497040044,1.0463417966746096,0.7284157782748963,0.6916775415083175,0.6392338010816163,0.8582381979348807,0.8353725242417123
cgSYN000034,-0.5954371375107669,0.1407775041724664,-0.5194440086922514,0.20179057312329843,-0.2881137138392205,0.27419134849381394,0.5274414555217131,0.24091576267730033,0.033205842555346976,0.8144441781440981,-0.1586661131742906,-0.5960055037601936,0.059920949102357894,0.5304335066006397,0.18973438796091674,-0.4173015295490313,-0.15218641124344123,-0.07827067601605181,0.09924171526187046,0.4358271956757192,0.027376146273524634,-0.008709128462948126,0.1780204013233827,0.49194834080685673,0.10186115362794872,0.016839535281333848,0.2712366803599455,1.0344344364946192
cgSYN000035,1.5433952021180388,1.9798484521566406,1.784808474475575,1.0579052056970573,1.5279787356305667,1.0605342584925677,1.5356606066859495,1.4381403836591238,1.0588507941071592,1.208300620936162,1.2215358715551892,2.9983190981026344,1.845850018090445,1.9314856191333967,0.6593573897853412,2.2849094655167055,1.4384763298564338,1.7182241760974133,1.9920529786436985,2.3744344997592135,1.4405324183605948,1.7061573447396878,2.430527581021719,2.2012506477514546,2.4751501196890717,0.8333987890860318,2.0770792496397847,1.3315108732086645
cgSYN000036,-0.6653099867597054,-0.8370497795867935,-0.5636688188200529,-0.7279357710892065,-0.8580626935483608,-0.1098832047615439,-0.8837186389570454,-0.3547277992094339,-1.4432333142582754,-0.4838060975293444,-0.0395912975299517,-0.4489905106498734,-0.5953206533223202,-0.36739658252257257,-1.0987565980702991,-0.8821080030188007,-1.0788052190213435,-0.7098484757818633,-0.9880459237689415,-0.24408068091101826,-0.43814228497625796,-0.9367989329870454,-0.19168872436518405,-1.0171014695293545,-0.44273467381344417,0.15103589081465002,0.14728488028886355,0.04923364269865385
cgSYN000037,-1.3702981433007668,-2.3004771074801864,-2.968470000080536,-1.9909499390046204,-1.6504217235244103,-1.329881154335676,-1.8180678521491045,-2.812094896487106,-2.466602716087296,-2.3114253830147318,-2.470186031964073,-0.6172609929069001,-1.7963938237804589,-2.6909723709049898,-3.2917734771619,-1.707618542900384,-1.4129837434204315,-1.8773412054169167,-2.97173886677378,-2.4678746022484206,-1.1333630058467266,-1.8434430176440884,-2.129672585258809,-2.5408355849706563,-1.695935307815372,-2.3910700284333863,-1.7808089891365873,-1.551550997787893
cgSYN000038,-0.42603191594925266,-1.4277621694478622,-1.3954215867838937,-0.7545144204008961,-1.0643160850257134,-1.3162215845513243,-0.8779393496050062,-1.7906585382087779,-0.9749323473207552,-0.8265874506815284,-1.0450819813321188,-0.47341434845688746,-0.5314068895045373,-1.0040758518412267,-1.133599561455577,-1.163296041560159,-0.4424934667351671,-1.5427536783746094,-0.8835941125040897,-0.04307783168344995,-0.5186360610021884,-0.9556642416128758,-1.0799510115573696,-0.5732030008960631,-0.9686511253516621,-0.40172027560909657,-0.9258809398343593,-1.061285009230443
cgSYN000039,0.5375802298135185,0.5412989956581695,0.5469609020842339,0.7814051135603431,0.7076126312940719,0.9742024300562269,0.22978117157341615,0.22802865340927905,0.5718169851159544,0.38197222562401417,1.0914094448585097,0.22171548333330882,0.09123534418014503,0.7099481619901784,-0.20795446045227264,0.43478482761639836,0.9598751765806531,1.5275797146636854,1.0185234558448375,0.38339577707780864,0.437959132145448,0.5132233808621817,0.5783083527994939,0.144209908440219,-0.030908060748097432,0.014332251301351986,0.4095009649378186,1.1539942763978304
cgSYN000040,-0.30468485796475064,-0.8178530526793489,-0.5747888053929049,0.23871270176802176,-0.1456400372724268,0.04958845232358891,-0.548614870647626,-0.8756343266401572,-0.19646552504023868,-0.02950997132437401,-1.3251630948035586,0.19185515333162073,-0.4352957795083933,-0.3166997284841363,-0.8585940053870935,0.03468357594627045,-0.5397202486462993,-0.10514249260168235,-0.3250934106788056,0.21282375776547624,-0.3222775214739728,0.19198498830323116,-0.3237094474413105,0.12866389839690354,0.0174565673250012,-0.6842440665405913,-0.0659507916824115,-0.4518044094333968
cgSYN000041,-0.9671392479610028,-1.0633984624610113,-1.3257657415903419,-1.118515215948655,-1.042261072086976,-1.4913198365079032,-0.9392939983165712,-1.2522702151687197,-1.0080724109633818,-1.3612158812232944,-0.3435498859705838,-1.1884333744202078,-0.6295089600572054,-0.5492005978151083,-0.7289833166262517,-1.4401421217747163,-1.3311026459965352,-0.21816252982869544,-0.4882800711485308,-1.2481592036792988,-0.798575503081008,-0.32004394211887266,-0.2091337415599647,-0.3918840945729649,-0.5324313114556051,0.04423181808728237,-0.5993681387158617,-0.2582590201689364
cgSYN000042,-1.2077209583219692,-1.1688959103102237,-1.147968625362453,-1.724076724707013,-1.0666387188180315,-1.9597360819462373,-1.9549078299929465,-1.6378066529886919,-1.4636491581350517,-2.422222902678768,-2.1005224197054346,-1.3993753103239235,-0.9246007266857362,-1.2733458763098466,-1.7543613942749077,-1.9309471287693358,-1.2163798584019594,-1.0463277340361166,-1.4902246059711535,-1.398871421483619,-1.0487981562127315,-1.610782591951866,-1.6979611587483268,-0.631738324448156,-1.9428722590047194,-1.1469509284958999,-0.8433707119101507,-1.5780539246166738
cgSYN000043,0.571795349900971,0.33020006316235373,0.31347689118880945,0.01755750604555596,0.1542255377287964,0.7436414561894482,-0.2240040735919369,-0.18269985221893809,-0.058281022575998515,0.5014363664144682,0.3658664727808816,-0.04401694698010166,0.15273475741856118,0.5258955991071076,0.2006783607397798,0.30963722405811295,-0.2500063343211487,0.48274027717941814,0.7925900036451042,-0.040810133452996306,-0.2446722315214593,0.5777357951191109,-0.516560874830293,-0.1174798011682987,0.06514151919046311,-0.02670585110584867,-0.446716328796165,-0.1684063112104952
cgSYN000044,-2.8455180757591005,-1.465350600839659,-1.6802848733158762,-2.154135759058161,-2.101634702380409,-1.986657914068619,-1.702588400414865,-2.642425855621862,-1.9485391687296587,-1.5038416179242229,-2.517652971280751,-2.0471331262187826,-1.9893400199760873,-2.4950215176797625,-2.6880850320151017,-2.402721851185182,-1.9014980281970264,-1.6658390055071668,-1.8126811954004876,-1.7416320106660543,-3.5824189918520495,-2.1491997722466913,-1.5216098034954897,-2.0106282298314593,-1.1811461831582515,-1.291489132486139,-1.3699094496703859,-2.2839909402095513
cgSYN000045,-0.18109880560284228,0.17465345140272043,-0.12000127292668158,0.3966050181988572,0.3887858826554938,-0.38599352825018485,-0.8281671893693479,-0.6396480394342321,0.3581489711456248,-0.1954382554366815,-0.6237680931959159,-0.11244848340494608,0.7365275827389473,0.23679291567814983,-0.34211967550992417,-0.32208719307656053,-0.09266300410481797,-0.01803934322374917,-0.23999672861802793,0.10308277122246545,0.3165263742304361,0.06708519222289952,-0.12069682132005127,-0.44313052576245016,0.4556477267127327,-0.12296505849291016,-0.283081618115482,0.1515955155902484
cgSYN000046,-0.7438255949625443,-0.3618955942269482,-1.2218155016525614,-0.7197662194330453,-0.5491285298185462,-1.0211427497603276,-1.1449534274610087,-0.728849919008245,-0.8031283862462935,-0.40211448496616414,-1.1003391640611186,-1.4145019562264078,-0.9473101404937451,-0.6077745563391858,-1.2645036147638473,-1.3662653204235748,-0.679023616272849,-0.5087183390929616,-0.9824614953712465,-0.9264662420938222,-1.3711251782144125,-0.5146046414045493,-1.0380652484698463,-0.6809941715111291,-0.6438359712516362,0.06139309103393165,0.06282830948306703,0.1960166102998903
cgSYN000047,-1.1123696530119156,-1.3727278800362464,-1.4472610088424638,-1.4183822011464922,-0.8644313720971947,-1.7407238990228733,-1.4354902941021692,-0.8809249301762373,-1.9945206896923466,-2.4947860640400563,-1.3933630219307498,-1.0947216567419877,-0.9307402900966132,-1.1928107625463171,-1.2399752279757386,-1.9782465408757641,-1.6584702216593001,-2.4638166836147506,-2.0041716763914543,-1.7550880340622694,-2.2229185679247085,-1.4268590845506728,-1.4148420581666716,-1.4033648626712698,-1.8227874023454125,-1.141736906782105,-0.9968062270905772,-1.841311314796387
cgSYN000048,1.6817486133822077,1.6591178642808395,1.4872726183446825,1.1544348092296977,1.1571702012511076,1.265858053495765,1.5068630041757236,1.4704488433213163,0.9911649696473288,1.4523651786134752,1.1480087342311052,2.245024639139035,1.0234596248700514,1.1391234562219053,2.1362332674707347,2.0254221143794364,2.2251028581797327,1.9605882181729546,1.4134712267149403,1.4146847094566493,1.9769097324889575,1.4237758601438681,0.9167822311956917,1.2613518606840044,1.1641067933345728,2.362691062437901,2.188920962876099,1.3520596201340132
cgSYN000049,-1.5603086854167147,-0.7457744214285639,-1.7122362395235895,-1.4808301715569911,-2.1063928858104473,-1.168602319356205,-2.0745972978161107,-1.4938573801761486,-1.9113254100926995,-1.402975718224436,-1.6951911934937327,-1.0638423342452115,-1.7528003417839157,-1.3571361667004493,-1.6528617390498397,-1.473464897189338,-1.2276616598670131,-2.6474806368594956,-1.0797515779633655,-2.025365683943059,-1.630305412204664,-1.2505307681195796,-1.276179710207376,-1.327727861675469,-1.411259090022154,-1.55078882080695,-0.9396187614396021,-0.8103652421664402
cgSYN000050,2.505610867186149,2.17838138421246,0.8051486646174323,1.1071354296889688,1.731551463154577,1.299021610706874,1.812802814459768,1.9688363279620607,2.039368143906207,2.054525187244816,1.6326330696228306,1.8023197901535657,1.3450335711049355,1.3491934247830861,1.4822764297658095,1.7213700010960042,1.2227698004752117,1.5801603523846581,1.806434569248101,1.1756310065475966,1.282053761576652,1.4763863386582639,1.602707210293373,1.4924963017132717,0.798376237632049,1.4701025132164818,1.356090331690176,1.5564508974757254
cgSYN000051,-2.387168491632139,-2.0622777370793917,-1.6841690060849173,-2.0415634992066227,-2.0239253265757435,-1.0916191998937432,-2.258373934738204,-2.2153638456882274,-1.1679587213062936,-1.8456400189476778,-2.261850256976531,-2.1701695701159793,-2.2337998304787083,-2.6409139730602575,-0.8741976048130639,-1.7903169109980106,-1.2333984761159003,-1.8230912597388211,-1.0447295281954274,-1.8811141909120046,-2.270376665340013,-1.607243890475252,-2.599563967263449,-2.605332735719205,-1.7232552156033,-1.9841017087932291,-2.0645052800195773,-3.434930981374764
cgSYN000052,-0.30148084866304653,-0.5248020528990301,-1.3500314720880149,-0.09211078808420432,-1.102762190172468,-0.7336194098131513,-0.8149536942207091,-0.8555003132511761,-0.8633006406590452,-0.49052463916895866,-0.4498886295900346,0.2407725941647195,-0.16714876345105634,-0.061584594020121515,-0.4256045791059622,-0.7653828948966787,-0.4905757519317341,-0.6265895446844567,-0.14334550093555817,-0.435088938543011,-1.0605588642338817,-0.2606071928367559,-0.8015740783118074,-0.9109822817836547,-0.7835036842024921,-0.8453000881647397,-0.7223072612213717,-0.8381249434195202
cgSYN000053,0.16604069694888074,-0.4821768693649825,0.37780133817814365,0.7317878447208552,0.7118691669698061,0.09416001894380376,0.35506267863461355,0.12551574129953713,0.8110963304225058,0.7761168825674465,1.1642835803533744,0.435897828904549,0.3084490902668406,1.6235537235678148,0.371544216945036,0.415199978738764,-0.018843262593947568,-0.07758285374738559,0.5843225907263275,0.5398718139767983,-0.021257638040419753,-0.04033144036136984,0.18255017126219725,0.031953942318164175,-0.04752033830348465,0.653278365200895,0.0748286736326437,0.026230554894347377
cgSYN000054,2.51860095629339,1.1550086901486503,1.5724688751461717,2.1109203336435565,2.0638022396128464,1.8852834640431366,2.6821135964268366,1.6598735996518452,2.3100216010178127,1.3958813047887912,1.7263256461246126,1.3518231257113296,1.8623680432015735,3.442617101402005,1.7774073926761682,1.8881650166547823,1.2504325851542981,1.8689478787696248,1.2446299149996431,2.218876397693845,1.957809752035656,1.2150943945519614,1.7195958673513048,3.02763839003832,1.6118378480034767,2.1182024796366274,1.6027192785786815,0.9857657073206608
cgSYN000055,-0.8286272585971178,-0.38525727487179956,-0.5418445422036323,-1.479601033568457,-1.2377799166501986,-0.9355159476401154,-0.6174878716358765,-0.46072338123327744,-0.3963781548677795,-0.5202629150949581,0.11503754219203849,-1.0139513135398046,-0.5786290220887029,-0.269732120685749,0.22467185715960222,-0.5219779218701489,-0.08846957360096797,-0.4221420840062895,-0.45493191254202847,-0.9087798155279339,-0.16390213940169665,-0.33769536916394005,0.033441561707277793,-0.5677061964136372,-0.3126907482932183,-0.2973508038908691,-0.8832620139251912,-1.0149637270471759
cgSYN000056,1.682369555589835,1.7871428219404235,1.7965450495871842,1.2937859711105832,2.254863479612052,1.3524198409461692,0.9847115267731384,1.7028049864963515,2.3760763136679888,1.5898273279479291,1.0640738769193625,1.6912876441004836,1.4007452728430119,1.1355368121103306,2.417953263501178,2.3914196511843446,1.78353352622922,2.271590086343556,2.024373633238007,1.4909212870771011,1.9306571461909068,1.0703123320113561,1.1365805906233926,1.978366903602587,1.5263072321759945,2.0361119227552553,1.2549264760881524,1.5228973278947382
cgSYN000057,-1.0402908864338227,-1.1566069554444918,-0.5163993050900536,-0.7844848324315253,-1.6256124000362722,-1.6592845915744816,-0.6962960627170648,-1.5431681351356556,-1.3033521426124093,-1.3183437261734012,-1.2124796719060267,-0.8554145955014697,-1.0870761856136677,-0.8416799756193803,-0.9104887657107891,-0.8168259068044947,-1.29252859816779,-1.2118269867169593,-0.26778282890382243,-0.8673697180173362,-0.9037953237922857,-1.0907251766866948,-1.1715820503583776,-0.7187658995321257,-1.3987162376896936,-0.7521669741636372,-0.9026643594228464,-0.9476715738138611
cgSYN000058,0.16540690031770142,0.5598387953716535,0.7373387127669787,0.3349556961998359,0.3836600829758175,0.017980800777088767,0.33123067367707537,0.7230101384703648,0.6267704062162253,0.38453688125642216,0.8754311542342401,0.8294525089089329,0.38560866726742693,0.49923572312206715,0.7526587439845251,1.103049268271006,0.5444190119659115,0.8098403405548402,0.7907919231013779,0.8383725561785405,1.7956282501155818,0.2564359613200506,0.7823213207283849,0.38209567219786494,1.4539052834492858,0.28255472702844237,0.473432281575538,0.6103127037069751
cgSYN000059,-0.07860621138060353,-0.435744682533995,0.025852618195852307,-0.4905726834736222,-0.05286550353477998,-0.254759235483147,0.34707805491439964,-0.09202631411457261,-0.913549756392723,-0.15145580282983306,0.23890994196776125,-0.16196508599261775,-0.3692026945860643,-0.27264197971353454,-0.9734992603650643,-0.2756873728153346,0.33790629490928553,-0.25500018770772476,-0.40364335059175765,-0.3899815004504013,0.3559595532254471,0.13737939972089788,-0.5395258194980386,0.0450927334015801,0.4213407941916723,-0.2830485360845321,0.18052906852258208,-0.162902174139419
cgSYN000060,-2.7532321709480447,-2.05302376838277,-1.424463835684886,-2.622783627752827,-1.5914965985142584,-1.6146949386297418,-1.5494656962476374,-1.776310346759418,-2.3376910546539125,-1.8736914772819713,-1.7840864075971483,-1.8900695225734208,-1.2825234374110785,-1.881426319818182,-1.4172816318310153,-1.563934488622366,-3.042629286473257,-1.3768690073937158,-2.0785805749208786,-2.424492413773582,-2.4593993534392546,-2.0250361130243566,-2.6600765211160935,-1.1445846222033544,-2.0786671069885765,-1.579566226318083,-2.2234265857534585,-1.7344880143943964
cgSYN000061,-0.7049855463559956,-0.5123280830530754,-0.33303833898363605,-1.140689919709029,-0.16696171086651032,-0.10035459869591518,-0.35046429507195237,-0.42072479544565367,-0.11530879157219985,-0.5840816306092843,-0.6642318173797882,0.21507514892130203,-0.22250090098023798,-0.3616989411083071,-0.610517314027303,-0.7148632033666248,-0.5743542213129942,-0.2561306656064559,-0.44556370239606025,-0.3465712348347408,-0.7207347194410813,-0.26630163155447456,-0.4887761782000814,-0.42242932307303366,-0.35409902852489583,-0.8168013034527365,-0.9815110779350971,-0.6818188141914109
cgSYN000062,0.5530393387867619,0.48754354618952794,1.0025678350973752,1.2088787621359776,0.7794209906548007,0.515369601978911,2.0291909903835195,-0.0025260084062565494,1.285509471752988,0.09178050476166238,0.4907764483085291,1.2186928479771726,0.026107533780763404,0.7298361459342307,0.7445649101107499,0.6183455108483585,0.8704997659726667,0.35762064094816437,1.030814863105928,0.7417266071553522,1.1012835548234152,1.1973949423606443,0.6572550940500974,0.6662465827037964,1.111149514397854,0.5409050232550165,-0.08425868389874805,0.12383591808634795
cgSYN000063,0.8518815154492007,0.890358285451721,1.2073655838926536,1.032347204600995,0.778529921446789,0.8932144203658573,1.3686694061840452,0.6427634066553586,1.1608909987588363,1.5131945444431298,0.26029019665409053,0.4286870816408986,1.3307726899958392,0.40639518540799313,0.9499402458432071,0.7428985677294778,1.3016610960586619,0.7413990616774229,1.6428446437601276,1.4738039320885168,1.236716363843439,0.6974362675861777,0.9960235581598644,0.598514491456713,1.7418796458810504,0.8201326885365958,0.599808023096387,1.3546804602219522
cgSYN000064,0.32273002358595687,1.5108680234328873,0.9636850795792458,0.14289302387418873,1.055094660905022,0.06519302921070043,1.640895658844416,0.7898485652928809,1.4476655707114783,0.7738838003743044,0.9575309513127626,0.45294832566980747,0.6263586263766953,0.6270567619066355,0.6662015277005665,0.4521629532649343,0.21837087711748915,0.4596769781578074,1.0981254469934518,1.0752049290479597,0.48445742211025955,1.13138269196216,0.6568369675403102,0.870524078471801,1.114520972017316,0.8101167806198376,0.29730532620126104,0.7840761714974025
cgSYN000065,0.28589746996509124,-0.20853631763815536,0.436072417920584,0.6714957700792997,0.8684929257428626,-0.11078261966914825,0.3699690638006436,-0.04216633301803725,0.060816697750943505,-0.22397743159865385,0.7032321938859666,0.5582207283299592,0.3848996660910287,1.0415180621736282,1.3038542257637058,0.4045746306657783,0.7584411273197434,0.3362672643285339,1.1853430146557375,0.10935297291201623,0.4474002282770704,0.4944448966011305,-0.25301676479334967,0.16093014463866542,0.4554892666862393,0.12483799709356551,-0.039194993819870794,0.9139507792587588
cgSYN000066,0.3380012050410368,0.5585506299077103,-0.22408415402044263,0.4774591986089707,-0.1480778501625271,-0.9191738374390411,-0.172012711583607,0.3363416171172288,-0.16280892504875905,0.1226511059055988,-0.056250691268248554,-0.6447655769219751,0.16725468261177875,0.5559353188632864,0.34597133351247067,0.007194788501264028,0.7433666563545176,0.4742569547260067,0.7250103224933285,0.007086981743076544,-0.38897735095354574,0.7039198275700806,0.0621984981532998,-0.2798065646314661,-0.0825312449164822,-0.0019547243363258427,0.5650083239106617,-0.1893197485114625
cgSYN000067,-0.8318628323694672,-0.2683835814711802,-0.1779567363092564,-0.9746682926633058,-0.4180964919085517,0.01008942482522376,-0.38257733112032927,-0.4140233675206174,0.002860159590915532,-1.0267762251903025,-0.20871012809555844,-0.14431135051565777,0.12687408407141476,-0.02680857483656892,-1.1197183224416318,-0.0031259250746049137,-0.2621381964702136,-0.027214812888178695,-0.3970389665019889,-0.7907555798204414,-0.3731517270591027,0.00783678593784757,-0.188086484663142,0.07835140300500479,0.28677271730322007,-0.6665681763006878,0.2761884589517459,-0.6553372120131638
cgSYN000068,-0.4067199696749394,0.10258472814958292,0.37270809696033236,0.2747374714937267,0.27586757135993434,0.22724402787905473,0.26852566864442107,0.574749400577071,0.1258086387748788,0.28231270112696505,0.061986700360349624,0.9143767073797493,-0.38637802126029924,-0.16913471226678256,0.47026350227654945,-0.0469904032734496,0.6262176852279915,0.1666144565484805,0.07354611161608553,0.14057188429971082,0.5505560063050152,0.2700079348640961,-0.47017231840820867,0.1428840745217401,0.2649686234500413,-0.021802269764497145,0.043152770260222365,0.02218202034631632
cgSYN000069,2.5721689596674446,1.5439595273777524,1.727926929347231,2.567833694780603,1.9768548163012696,2.4581774459560766,1.296732770002563,2.553312725799771,1.8589315853865682,2.086819656455865,1.9279009254003954,1.7898973726143506,2.251627773268141,0.7976537435786263,1.9071059735400393,2.286364304310699,1.1806606700478277,1.0994722785015854,2.2440368987732273,1.7620913933384175,1.7426204606092508,1.805447192606069,1.8447116507183339,1.7469615140816201,1.8731969275216067,1.7889004708835408,2.2342460977207184,1.4796303081103788
cgSYN000070,0.9345508066846171,0.9481773124424051,0.24978660082458234,0.6154427268401094,1.4257198645273736,1.1406212505966464,0.7173147966932872,0.6097741497259224,0.259211086805965,0.18860516639448355,0.936808298088785,0.908082744594816,1.295706024375538,0.48586492307328166,1.018870004111484,0.9785119970158191,1.0282722115307843,1.0265567555082953,0.8223757232016364,0.37486660151597384,0.7881598824784382,0.4958482902072712,1.0549703505582537,0.8591327308215561,1.3163328449541245,0.7750968187523143,1.486118582308104,1.5154890885086993
cgSYN000071,-0.7150633762759399,-0.2254247496715966,-0.009892685066466698,-0.8298798187417,-0.2898889802711311,0.2567573451135047,-0.3761316401603255,-0.0002773445321412162,0.02623811497685918,-0.6249423745180744,0.09847427493026144,-0.9737287730160001,-0.5540816304880316,-0.3457371249045758,-0.1875176539048569,-0.12323143504841384,-0.4893769280571539,-0.7104005001565239,-0.3808514175012846,-1.0561565158998818,0.4839808326208168,-0.01576302148665657,-0.13435935578150454,-0.47922545763034063,0.0637094895357293,-0.3480031512325792,-0.3701594137307382,-0.7208536510656651
cgSYN000072,1.2276555442986405,0.5249746969006316,0.1778519899293336,-0.1854110107312252,0.1408262821404124,0.29909314221169936,0.7644868146153345,0.7672742830335711,1.0110115715989139,0.8002025113041407,0.8612678694124002,1.0411620631162657,0.2945310449767314,0.8428496188237427,0.91735346697726,0.9677768286531766,1.2302032177469662,1.4052967106104755,1.1293525527767276,0.8903735160066628,0.7889900483451525,1.236796233936551,0.9653687794567917,0.5331938777113938,1.6275160392285666,0.7262041851264874,1.256392956674472,0.576892716303574
cgSYN000073,-2.4998578170671197,-2.442733817460992,-2.5982749597111243,-1.786890948443776,-2.6426877137975833,-1.5517820488006009,-2.828364510640428,-1.5702630145525347,-2.800056519090729,-2.7886229606212454,-2.379363687281548,-2.4984159685101552,-1.7326402086848134,-2.6446001568072446,-2.565408776076825,-2.0443456982320143,-2.0302718207459356,-1.9421536004506759,-2.641207550748159,-1.639248105122554,-1.941639152158825,-1.8588107380574581,-2.3294431567540665,-3.0689072425950816,-2.7098793274626063,-1.5341973851656567,-3.181910776067132,-2.492752478092797
cgSYN000074,-2.078751501070726,-1.8598361663440492,-0.9733502811463671,-1.340132800261213,-1.1828690408050337,-0.9336273078624953,-1.6162827849127022,-1.094489897169302,-2.0897367192122247,-1.3228477606834474,-1.4430714138604483,-1.4868446087091658,-1.1035115682719272,-1.0411613649856397,-1.7878606893603168,-2.3188346608183465,-2.1082157987454435,-2.2398252971114894,-0.8714308047269776,-2.192332449246111,-1.2969698915964747,-1.1570053573013024,-1.2158442346805087,-1.3705697103783934,-1.171798929113548,-1.2449449270798503,-1.4400968404372483,-1.213285761918057
cgSYN000075,1.3283766484526411,0.9310353559841402,0.9305535026109826,0.2640946860824591,0.6349110340372965,0.8947364508988024,0.6011529779601921,0.8217833023056835,0.5937568829129749,0.6186190424635223,0.15207881157464945,0.24986119088172198,0.1310792751348969,0.4906826633846325,0.6355654694828343,0.17396565377583764,0.8618708839623451,0.8479410982095046,0.4073411983224222,0.25818825173755844,1.5525997104562812,1.0810410342267103,1.2807686703487209,1.3346493010296574,0.10203504380328395,0.37691460714228653,1.0035370566737791,0.583123267834933
cgSYN000076,-1.3229511946686159,-1.3890775833028324,-1.329592546077069,-1.0565927928389187,-2.2959187007908595,-1.9315720921646427,-1.70782095004043,-1.0846980585716357,-0.8624457213559621,-2.0136232441164776,-1.6686054639793564,-1.5375666065219447,-1.4919046479773292,-1.490411572090578,-2.392549810462545,-1.2677425300805627,-1.2446510040979257,-1.6738855431929534,-1.3806191726550447,-1.523627253597076,-1.473340102493108,-0.45480920974960587,-1.084965999589979,-1.0036392355050456,-1.497255474270851,-1.3453423055912612,-1.667518765614733,-0.9422651550225781
cgSYN000077,-0.4621423156723346,-0.4805470560782932,-0.43277791120614306,-0.5967111869330315,-0.8059487774568378,-0.21923595665432394,-0.9652736258249768,-0.5922210521262296,-1.0309605476123378,-0.9681823206299617,-1.0644473527767386,-0.6107349964638867,-0.4602570714619494,-0.3216442265591987,-1.3508609059801824,-1.2977651464309907,-0.8751211020570852,-0.6657585160300109,-0.182091429083816,-0.5338435734994827,-0.5512166400089756,-0.9644735342657167,-0.8705193136720164,-0.7722598544507512,-1.0836418939613557,-1.1092747478999891,-0.5426991063351476,-0.831598140530834
cgSYN000078,-0.1615814503162299,-0.3765489492320695,-0.06710573768108988,0.4486129216652587,0.2753420088755804,0.17098234866196607,-0.14286229350578486,0.7651484702637827,0.10339331141911341,-0.6890719638141748,0.02150133237879384,-0.38116094133012274,-0.16557742254654112,-0.12252104630838981,-0.39967079585630083,-0.1798549136477167,-0.7113708552275552,-0.15247354725996837,0.08356785331015448,0.4263330004547085,0.6600833899799179,-0.6661618203801446,0.2785914622248498,0.7153182655422411,0.4448810857325959,-0.07394490933274768,0.09015452002559658,0.1984153485510544
cgSYN000079,2.669276841267127,1.4624152054228428,3.0821696267807055,1.899859421822451,1.6082061102521594,1.405737923159261,1.4782640573695887,1.2658149141573296,1.7976002050787525,1.7570223931201883,2.2741422030762437,1.0997616208365264,2.141563751752311,1.9165675557383384,1.8914856729978253,1.7457030184733533,2.5514126548585914,1.5533611217390773,1.862351074915582,2.1117968184339646,1.5867706995639839,1.8281027342668843,1.7490239080529235,2.101243260591835,1.698220898955525,2.0682780617178103,1.622901548132753,3.098104397451737
cgSYN000080,-3.603079815751246,-2.30671509491564,-3.5328579409211227,-2.3399938398118914,-1.860558225175779,-2.707659417698624,-3.1709854085499574,-2.5002089073814955,-6.6293566200796095,-1.4527959268257282,-2.791978257616654,-1.6830564535915256,-2.286725959252142,-4.823780716092961,-2.267111277219495,-3.466434729093538,-2.3623757010343147,-1.8695499132534017,-1.5795446522100265,-3.49385582565843,-1.924212878306828,-2.879109473572209,-2.2320461912020635,-3.8260861312379246,-2.173789658413795,-3.4363956508469213,-2.2020913847386465,-2.376550239993479
cgSYN000081,-1.9921969885111377,-1.6441262292856558,-1.7472171623602886,-2.2708881217075754,-1.5740674933641623,-1.9599143117819735,-1.9182896448039264,-1.707766452290966,-1.6292478550745009,-1.2851548484702908,-2.251538809189662,-2.2450301095919705,-0.6214334309940145,-2.0807873610170833,-3.128642673581815,-2.266520458123555,-1.9120801754894534,-1.5375287013100245,-1.4158173128588003,-1.1479420173122077,-2.030699364733979,-1.9348425233873396,-2.1249331961298865,-1.3268481461004529,-2.8889107133708425,-2.039893793739622,-1.6753809459669242,-1.0648566318993027
cgSYN000082,-1.1083835162298263,-1.4191548385049455,-1.6339656288775843,-1.071542338761731,-1.4567343747958017,-1.574442576655788,-2.5581098529975606,-2.018520850870993,-1.5077079313842539,-1.2976553541816134,-1.252250638273547,-1.5312462727708216,-0.6726776631515285,-1.7631441277097204,-1.426520210379721,-1.0629390874812625,-1.540704025169881,-1.296803637685608,-0.8042305730347373,-1.7353677265044873,-1.48042681136914,-1.2522669794891494,-1.1803713033463699,-0.4890481883951876,-1.9852393127960681,-0.9650880569051428,-1.5211317947735707,-1.3714894578957004
cgSYN000083,-1.7443629481049876,-0.6770423895900304,-1.2605902088974614,-1.4565788453848463,-1.0830417781552477,-1.2024269459441028,-0.5343338152239018,-1.414225919363083,-0.8146258990472945,-1.2250689094233569,-1.2964901946464895,-1.504106539647617,-0.8437397945623658,-0.9537726968368568,-0.7938413407803424,-1.076593839761991,-0.6783518957105374,-1.5351038543008042,-1.1973089645745454,-1.6207433513503007,-2.0726181572071507,-1.3826254482494755,-1.4879182503104171,-0.9440783183862324,-1.3647728558951646,-1.0199798846561698,-1.4621964355515322,-1.4216621899070365
cgSYN000084,-1.0284598535307383,-2.0858349647327037,-2.1045412962141574,-1.4751610547369283,-1.1084657192382688,-2.0607348984237115,-1.81071274903122,-1.8129409038062307,-1.4860806310885255,-1.10336229116559,-2.066534675120514,-1.0687888216728652,-5.20966759413523,-1.693591154620029,-1.5813016821518666,-2.715405421952267,-1.067658623288636,-2.0749677765608627,-1.7802075219078535,-2.060559331452622,-2.432906751448314,-1.5366433267180841,-1.6211176308702346,-1.8380309127653622,-2.0265274687338195,-1.199679005963387,-2.5197600942759726,-1.6742156904903631
cgSYN000085,-2.2529835205849658,-2.3750054344309337,-2.361881124383853,-2.6216885619632007,-2.977120158953672,-2.683949329438452,-2.1431410716559043,-1.0176462673539675,-3.3479488860039215,-1.9120987771244538,-4.127862457774941,-1.7029262702234922,-2.002922127627159,-1.6486760499244502,-2.0969842174304065,-1.9514163903825268,-1.1282678039098222,-1.9675972236049353,-1.9356634061465814,-2.173632640400087,-1.632336200039594,-2.9351471370766453,-2.116811419103454,-3.288491048864507,-3.6965657544012407,-1.2045992193513912,-2.461617133524658,-1.6134419253736334
cgSYN000086,0.8300614787045109,0.4246433127951855,1.1973437657534747,1.1243938642889335,0.43355629967299697,0.7128620454537979,1.0376910012834375,-0.05839324622255285,0.09339574152561728,0.6149305128856611,1.2621376805107483,0.3387458275288593,0.6156817207817834,0.9911527456225502,0.7679629803570595,0.9593823920485338,0.47103846950590933,1.162281895491064,0.9707923839302711,0.9053564400336964,0.9495969471981656,0.49737019645835345,0.7461861917060928,0.22647009138057053,1.595411841718244,0.31113249288913986,0.5367422149494665,0.6229176900908806
cgSYN000087,-1.1638503127559108,-0.43915911042969596,-1.1291314325905304,-0.9471459333193881,-1.4559981583904036,-0.7408008823886705,-0.9823196531287924,-1.2873039390734184,-1.1583889413518178,-1.4646979985464308,-0.8917342427241416,-1.0229710853427425,-1.3367321325108072,-0.8998318283101463,-1.5662333083906603,-0.4328582164518037,-0.9747146630808657,-0.5014710588680141,-0.9140342127585456,-0.9597163449925726,-0.8565422543738204,-1.265576082931141,-0.6055323045167258,-1.0150839802091571,-1.1821300157175243,-0.7888581518842155,-0.9823699511335187,-0.44183230673935675
cgSYN000088,-1.3438712357239744,-2.083551426905538,-0.4135899370388886,-0.8582450558745554,-0.7384769476611631,-0.7971268923975435,-1.9909294047724675,-1.5422001419864833,-1.079279807468546,-0.6360079449447947,-1.4385439333142118,-1.7122363402240468,-1.0083444400608268,-1.8309048863274573,-0.838710446578216,-1.1387311375481182,-1.0384438121291302,-1.4642186081530253,-1.3434187593924418,-1.8773665598831188,-0.8644476378074338,-1.5986637532719634,-1.1102416970126152,-1.3757018132015861,-1.4117955688225785,-1.3546399212204479,-1.7087622805484786,-1.501562182393266
cgSYN000089,-1.3782962478007574,-1.6387320174387765,-2.3560130223165126,-2.2049886456450993,-2.471383650886295,-2.0532693518600547,-1.9982944671515828,-2.4625242753407792,-1.159717533532402,-2.981283287786187,-1.420169521069824,-3.4347256256077117,-1.7867527020988117,-1.861720811833997,-2.727387120651239,-2.8749958087230705,-1.9448525273078254,-1.5194897982484572,-1.495089726755009,-1.894243817293355,-1.403076882225276,-2.3638961641182723,-2.31216013768864,-2.827375063971722,-2.2032979001632143,-1.2423140217140456,-1.795783247511652,-2.0757110384462507
cgSYN000090,1.3668196352373774,0.8766314507156276,0.6757923878564023,0.19431147871009638,0.2760311589266501,1.493442456539778,0.9346445584689413,0.9123414005706763,0.6265285837749316,0.9306287274352234,1.2246496467311958,0.5852736445639495,0.5403471837977372,0.5589153428271977,0.47139880511570537,0.8441823745516033,0.5775886009745891,0.4884940397364985,0.3659396075657831,0.40023731842141386,0.19816654795547445,0.8199587053337921,0.8341298524097696,0.5335096224537841,0.30166814458908037,0.19076957312741505,0.45070859261265556,0.27066310827536083
cgSYN000091,0.13875084103075105,-0.42166417244546384,-0.9448729742970758,-0.43177938564969015,-0.7047912342062139,-0.45027077998436166,-0.08023257046147213,-0.20631711621162185,-1.0034832008596073,-0.24433561786579566,-0.6095373936806501,-0.7153803774920626,-0.39711855443043875,-0.6113987562971155,-0.723973385202471,-0.5915989189083113,-0.4839724507385899,-0.765025593462047,-0.558777558595032,-0.5767700842206407,0.1862171068065247,-0.6736250012766305,-0.25968176919240143,-0.6482476085683034,-0.34355042910598144,-0.33310371821813306,-0.7259507577078024,-0.7995938161388966
cgSYN000092,-1.649521607193854,-2.4204723173280827,-2.503780385313265,-1.6957102141279845,-4.210353288549201,-2.363531449122135,-1.649173879392814,-2.9285417553565645,-2.3632272926132627,-2.1328668026060145,-1.7986961854689216,-2.557697460361596,-1.9291526667698267,-2.6581966820366723,-6.6293566200796095,-1.9290820352220017,-1.7347715926009362,-3.2346081492173497,-2.2577668306037975,-2.166628077228098,-2.499986869572226,-3.3199849778138653,-2.2978630253867447,-1.8968900134668945,-1.7115596421618482,-3.338167591538968,-1.8414231114286486,-6.6293566200796095
cgSYN000093,0.048499852788349104,0.19796981747842293,0.1334424827330916,0.6863420470354614,0.6627780746090004,0.2340481883588853,0.4479490572990981,0.007214406481619968,-0.07081412236118846,0.22750557085508352,0.04781981071510123,0.31887178995584564,0.5202893042382655,0.2645196134007834,-0.23473771188478024,-0.358165643988726,0.3112440259002906,0.6960651510645173,0.03603048081391348,0.9789178022985877,0.3141867374750161,0.29853856098739023,0.27541696463235493,0.22013720452723065,0.4617422238027929,0.20830559178065364,-0.2783852363389421,0.745793042727473
cgSYN000094,-1.015210579958667,-0.9794743757135851,-1.0139900014245007,-1.0760379659062604,-1.0247979648032524,-0.4325526738764633,-0.2833669553060662,-1.281725879808459,-1.114674886116972,-1.5054825264208556,-1.5537286871282865,-0.813896121279122,-0.9158790905333278,-0.786057169474201,-1.2282883639880646,-1.1759540092700649,-0.8866319893782888,-0.5377228226734988,-1.394514563361674,-1.105329088553676,-0.7826308636718726,-0.7135874870102281,-0.7067695248221736,-1.279199336257866,-1.3680097148942754,-2.154746362719787,-1.7467543809192458,-0.9493505982616609
cgSYN000095,-0.2722680324950225,0.2581536078071898,0.24678099293428002,-0.2122002227094879,-0.6340131348693419,-0.13380860769133884,0.40219471311026805,-0.2948702324977227,-0.1848105841491202,-0.6392145840597012,0.06069123529263063,-0.23043509664005113,-0.4640426711138314,0.3095598870715525,-0.4903111540793313,0.08678494090067297,0.5115193033751565,-0.1777693479098922,-0.29463536055316913,-0.02145703224392759,-0.6452597676186947,-0.4219469068186806,-0.33134092575279883,0.3278469591710759,0.02746211918791616,0.35310678879329244,-0.3738954172714757,-0.11854999078813643
cgSYN000096,-2.660424354806422,-1.562295998049396,-0.9343475762212029,-1.2292370115778168,-1.1181983904163117,-2.3567237394676535,-1.6815736325005133,-1.1384508994739404,-1.9425169195332417,-1.45399175337794,-0.5541380247766892,-1.479426983600057,-1.9772134112981175,-0.32197975186610067,-1.4755200274996656,-1.3361469481479498,-1.932945219670787,-2.136340522406143,-2.082063451254174,-1.8118515380112759,-1.2679900699872606,-1.68927850503811,-1.726055896182661,-1.2427136268963939,-1.770609004007088,-1.8862010478918998,-1.7055468373408802,-2.061067565558513
cgSYN000097,1.073076873630391,0.3103548641847949,0.8833611081593709,0.7658856326425805,1.2676679865018818,1.29455663682881,2.0277273098941535,0.5377397265361606,2.4649926470782533,1.5705191601712192,0.7566124475396442,1.7653168551305105,1.1213651394677966,0.6653713916248445,0.6073969781624831,0.6130019761065997,1.0507579618711902,0.7141248529747984,1.3051753242569653,0.869449616497032,0.7283169612586515,1.7213486457830829,0.08602585644756568,0.5281408516423777,1.4596949789821532,1.1564045562204197,0.9159419432056473,0.4209230018834394
cgSYN000098,1.6352883041709136,1.6580967032388998,2.011213874030515,1.4313103124811661,0.845178407527922,1.0853109904008584,0.8679965929453161,1.7128699091037545,1.0928711038921466,1.0110198811478794,0.7473650237678949,1.096600663271254,0.7564123449964018,1.5087260584366764,1.0561943234550282,1.472451113299014,1.1277364348072194,1.2688558944516553,1.2145078782874403,2.0169963295080064,0.9835814066890352,1.598672635012085,1.5563132366871797,1.3953498578204084,1.7576865940174455,1.0727538731369506,0.9046308248520549,1.019544138005986
cgSYN000099,0.9126950169375766,0.7578223238939618,0.9217300715365404,0.9266217215461411,1.1030945111831703,1.5197694047082648,0.6703011664208958,0.9752105440672302,1.2355737472034365,1.2563371011661921,0.7668134209073445,1.2828285329213422,1.2393827645041013,1.0033430464461215,0.8205862665708001,0.8136383979101995,0.5701148121009219,0.5139872731573645,1.0246853816338422,0.6678104346069936,0.6724000225803689,0.5839514521281184,1.2988196183300902,1.555587009661724,1.1168119280658466,0.7330365265937228,0.6701618610924022,0.7955441858379912
cgSYN000100,0.7716237099393012,1.4870579378372109,1.1037432579538564,0.9562251343149832,1.339884438105253,1.306861084411904,1.3804868135759727,1.6783497007710104,1.5478699916285634,1.733099134510338,1.0710938325805142,1.6796406377364363,1.497292363039579,1.3467591258516356,1.1989417074203728,1.6456084920245948,1.0040511585414347,1.1960078398495242,1.3390369411842562,1.4525881896586006,1.7833479811995514,0.7582234577530975,1.5742385882695349,1.7703622301264748,1.1410661935968747,1.541567303719397,3.653982707770228,1.4152061585751898
cgSYN000101,-0.5778408258757601,0.1428163613185478,0.5154093695988528,0.1618550185663571,-0.13552955202677844,0.5259246307267856,-0.05096407278070354,0.18127591620572323,0.048291022737958114,-0.10961371505756243,0.669758956585032,-0.009253466074142364,0.19571508644329913,0.21233722404998676,0.3201016641085161,0.13072595085510494,-0.6911495354531026,0.5690163061742773,0.2697671180285097,0.3086567180336885,0.26690327490064825,0.8414408465504288,0.05142075634893494,0.09780073494164425,-0.044487638363143685,0.10038262089258806,0.23628066382514673,0.13470022226942266
cgSYN000102,-0.25537745291360603,-0.8251803680370581,-0.9916540733365524,-1.210403317771276,-0.9120399851299729,-0.7219549431693989,-1.0706837210366802,-1.7423746630248458,-0.7626800443086693,-1.1251480592109584,-0.7880656922566568,-1.1145872005624964,-1.2653016321306538,-0.8708009980703687,-0.9058295265526402,-1.223513950681321,-0.4549938211561876,-1.753310683377878,-1.7271046283355347,-1.704059589448385,-1.202508970969131,-1.004748042364514,-0.9241826658491525,-0.41189144828344143,-1.1096408027443516,-0.7793408755218549,-0.9748814510551093,-0.9853573377516118
cgSYN000103,1.6723204100245144,2.8281776768097306,2.556180596444393,1.3974249531204421,1.7827234496102256,2.0400950302846805,1.1649238297889004,1.3838106142353457,2.052911569050549,0.9717010277684883,2.256355282879686,1.5366361677836229,1.792182738584185,1.9236191450164712,2.6173474602059423,1.4243852307917273,2.4749797515942182,1.5633199272253155,2.07400439571901,1.7269737072824223,1.961464531341362,0.9510097841444227,1.572504324399367,1.271203351644511,1.9214041738402412,2.3585995562653923,1.7896264159885782,0.9405037108416462
cgSYN000104,-0.32935406538772727,-0.2573399003162308,-0.1273856086745111,-0.2086653331972764,-0.7023187079275078,-0.06897266876674757,-0.49065169114357343,-0.25901509958088964,-0.5450723499688329,-0.5645411518856094,-0.8389554900482925,-0.4136609069859664,-0.49787362506038324,0.016127207006782673,0.2860695746628458,-0.8575904475193695,-0.43088490000982493,-1.6627494516222585,-0.2725008930126437,-0.3173953232876764,0.1384840017319393,-0.3894951721949812,-0.23155852858932213,-0.2474841846307173,-0.977550649474941,-0.10312151036188207,-0.11229527258837481,-0.7280662264492128
cgSYN000105,1.1808205806265355,0.9595220988359194,1.29717768530013,1.9699575099938167,1.7189751041866421,1.029120394845101,1.441967475496888,1.9639314650002946,1.970828430307252,2.048941932508376,1.090288210867883,0.886079790704389,1.4238466651489619,1.1922964014173942,1.2004544503564567,2.379642775323777,0.8440799560951224,1.681051707319265,1.472739248960996,1.290277958110583,1.7013449652059762,2.2113333387069694,0.927595335136465,1.1495541996874514,2.103453725132363,1.2371292297973757,1.8278517439694195,1.7891431490140728
cgSYN000106,-0.655537918171729,-0.3857644786368048,-1.2688859656145062,-0.5517263046681674,-0.030757424445850622,-1.2170853074806522,-0.37670897419424915,-0.11639940674117816,-0.3451416212666117,-0.39355859442858726,-0.9866192219529287,-0.8052436172369131,-0.6260883836240912,-1.1366968713441599,-1.2956751949504421,-1.2659251880878317,-0.7644269939145589,-0.5803213783634639,-0.3347741648722404,-0.8351654404571695,-0.48526143479032546,-0.12549425634108002,-0.751729819838767,-0.06169458181890682,-0.3966806624832088,-1.1322740220128766,-0.7901838639360568,-0.954748579944535
cgSYN000107,-1.72449480332361,-1.9027093826975727,-1.1905565734272239,-4.080907580107384,-2.285507087855302,-2.3845372214571063,-1.6503349276905168,-2.3470198599115144,-2.5876226312642587,-1.199346517593926,-1.3531662288777682,-1.9774358010576027,-2.093804545098012,-4.314533700731731,-2.5052613619297053,-2.5937834765707475,-1.8052010667031277,-1.9317272185294623,-2.7270357382701387,-2.7419350594068073,-3.8072133287199836,-2.2488816005966625,-2.2525867881521173,-0.7205990431412158,-2.5473358813967892,-1.760097455480067,-2.335659228388812,-2.2257003904330666
cgSYN000108,-0.6012634960365776,-0.44016761656575343,0.042332030350423315,-0.3446562368027215,0.25630368080495025,-0.4286853874152191,-0.63092420110114,-0.22334715034315908,-0.1985288866517362,-0.04556430670017834,0.061973523307511574,-0.08612019018719354,0.1312887673442025,-0.3576034771996739,-0.2926054969866275,-0.5499286315324056,0.5521934753500153,0.20331543501635052,-1.0721651052438521,-0.17328631466262204,-0.20211186645060952,-0.33823141983960303,-0.11827741557601999,-0.46097631654952853,0.014801095154634769,0.1288936274207708,-0.029294045726668303,-0.008814875042277896
cgSYN000109,-2.5045780446767743,-2.8512604866796023,-1.9515080967174334,-3.6943096517531053,-2.64096965368145,-1.8650748743517116,-2.8985510473808014,-2.2236416117602973,-2.4624660342783575,-3.001143706143925,-1.8226875511874978,-2.472956761736269,-2.067980061030526,-2.675377166615485,-2.573706195911239,-2.038813252554806,-3.774524028969037,-1.9499780526686974,-2.0741036645919397,-2.697295206939451,-3.6578522929661736,-6.126207282644567,-1.4724584668398493,-2.088668976365134,-3.44702740253695,-2.2809679361647923,-1.7194672825022148,-3.471663047691371
cgSYN000110,0.9179794395776967,0.8745024217385522,1.0164214590450216,1.0676788620217907,1.191792532636703,1.3985401101642472,2.1087732344558883,2.1515509545856,1.406006367568571,1.3034348072270192,0.7222396113656157,0.7713349835378746,1.8055399640663226,2.0597605091061086,1.0686043242511576,1.5514166076159004,1.523949746611321,1.0884894116091814,1.2150782858002565,0.7364694773524406,0.6753175937490659,0.7030872349540881,1.340728156989393,1.526560337548812,1.6573534121728548,0.6389369162858596,1.1928206538750048,1.2790276465160977
cgSYN000111,0.17623785650086202,0.5946754530714101,-0.3190846464200203,0.361248696523397,-0.23816850518588492,0.3629909326699505,0.3374227332865827,0.5204023079692841,0.10795614147182496,0.6278133651168206,0.5178396246078268,0.6678959656215965,0.5233276551100758,0.4625662895508922,0.3795513815071319,0.05647488630042186,-0.042725456943047926,-0.12743578794720262,0.47520218852666773,-0.3602462710717584,-0.29455837515453887,0.6167271380961175,-0.59832929855846,-0.1971750956227905,0.4462574362116263,0.10279380418392596,1.0635331591780361,0.4583280464347842
cgSYN000112,-1.5204056191986044,-2.059018065896905,-2.303160567264277,-0.8398001244320603,-1.6861820366535372,-0.7158009805682192,-1.1884181347124765,-1.2038177064364382,-1.6631186127900046,-1.1341870602418076,-1.5238097740665524,-1.668473823265788,-1.2332765972854627,-0.7006124989338208,-1.1879696547358571,-0.7568862646630624,-1.724302732529481,-0.8636948399823641,-1.2731609430094182,-1.9553438408188593,-1.4364798911682408,-1.0631318804620857,-1.1228208838057305,-1.164182827470793,-1.3082632997217505,-1.9848290389573178,-2.1346103317789242,-1.359112728346934
cgSYN000113,-1.1426025876512391,-1.8417909524863765,-1.8233099885395694,-1.845490938455509,-1.6298897215769115,-1.5659867425703344,-1.7153709564776956,-1.7338946981022363,-0.9487824071040435,-1.811447499549668,-0.8616494532770818,-1.3473770964219822,-1.6548147308280459,-1.8004808697907095,-1.1826776796940157,-1.8648820550435106,-1.5843432001047164,-1.3604857688279988,-2.589411049645231,-1.4384432488357524,-2.658039713547637,-1.3850087826179192,-2.7353841021052454,-2.9124225376642325,-2.032765695380495,-1.5893321469345103,-1.08432492850786,-2.368101601440077
cgSYN000114,-1.424473504762214,-1.408382785766802,-1.291401401290809,-0.8817063013332251,-1.0061943728371756,-1.0780283442966794,-1.558084445841272,-1.819826658654289,-1.4558513801333797,-0.8321997055877902,-1.0671136224483089,-1.1191687742255019,-1.3383915174097087,-1.039249489973637,-1.02705941634213,-1.5659285354589798,-1.39649880909597,-0.8944294794436723,-0.8667328226431406,-0.9670689528717948,-1.7482315885098192,-1.1504543786703747,-1.5066413482431222,-0.8767862117135837,-1.2035824873886944,-0.8411485106628451,-0.6741324554348099,-0.7938154713893614
cgSYN000115,-1.520618995138306,-1.466539275290264,-1.9055122226982832,-2.1517848024017736,-1.8559714708415405,-1.623538884571046,-2.0095692497785267,-2.359215050966221,-2.682161350057273,-2.3361357609800653,-2.003189177594645,-2.6808213919067114,-2.283415290111462,-2.0954876034389063,-2.574674806388248,-5.849476807631645,-1.504291548820682,-2.489931942375518,-3.355094224462995,-2.64843286656851,-1.5657821307971231,-2.3478920790830125,-2.264628607381866,-2.6732986173122475,-2.1835671286725846,-2.682471632399972,-1.6248862100597008,-2.188997243402928
cgSYN000116,-1.9603776955615824,-3.0432904047124296,-2.6664995110898073,-1.822982574895908,-3.278976493233846,-1.540946348697479,-1.7131243302602521,-2.131411175972602,-2.360518757765618,-1.6807281259495224,-1.951069493700491,-2.4365632691019554,-1.4464285109463333,-2.789175005538141,-2.287788961912144,-1.6762317714608306,-2.072613985652976,-2.1050921193526313,-2.4592474415873635,-2.008399345929802,-2.0973375495193634,-2.0253597414565436,-4.573652291605804,-1.6071809727084487,-1.8509519081184012,-1.8998376899362095,-2.9394951733943597,-3.3082362731875454
cgSYN000117,-2.0672906285483728,-1.6991918984004697,-3.0323782957174616,-2.114504207205852,-2.7518125465860366,-2.663107198997935,-3.0174408377155566,-2.465171382297395,-2.941439334989232,-3.5367147034160533,-1.8617401704089485,-1.899289031771514,-4.2472658432424195,-1.681077056737787,-2.14228421004769,-4.090667018490084,-2.3758735532184576,-2.1075566477890515,-1.9794134762329154,-2.300725112251454,-1.698405385028576,-2.4674510126000557,-1.7108459284093709,-3.152245083678972,-1.754786423823454,-3.140964544347352,-2.9825716866532663,-2.27034922114002
cgSYN000118,1.6554183426357236,1.267488077014481,2.127856481769836,1.4361689321694977,0.9213334276412224,1.9773967104855759,1.5692333672819903,1.4629907461806833,0.7589636773409267,2.075211213482659,1.8816886607893029,2.237842595859606,2.8837132072193823,2.0059280802208077,1.2451422502701692,2.263663387378202,2.0617750576894545,1.7328090726001042,1.2843554085267914,1.5335773578612415,1.4137221981877282,1.138552145884306,1.4312839864644071,1.5738541653539104,2.471489939838995,2.09292240349024,1.698412046119779,1.3381891496339555
cgSYN000119,0.4913031652067964,-0.0374931971329972,-0.10754577233572463,-0.016721122094432703,-0.38024879392366406,0.09225296567016626,0.46642922891294164,0.2616474887707539,-0.05815208845961168,0.027510252411422072,0.0704115308454892,0.31347507040737566,-0.10897054358907807,-0.16077853979262158,0.24749753987657955,-0.7400759713705335,-0.15332442525485548,-0.19699119060854928,0.4414103260477061,-0.4638345989506885,0.19934920667142417,-0.7051383081326948,-0.24020705296491945,0.20755708332798814,0.037814166640661936,-0.27328715690524413,-0.147800753392438,0.20656432013418033
cgSYN000120,2.4890657209874116,1.635473863359629,1.5982948497212037,1.592104795201983,1.094725974224477,3.079295228757508,1.7560454693504293,2.153822954221629,2.5268469120760506,1.7935113102211042,1.769917679234089,2.2150321568714024,2.5024617539405356,1.6910787050132428,3.2765017228538675,2.4452429302863403,2.3973742138623217,1.9114921140843217,2.081809188059014,0.8312868279696857,2.5988076814423064,1.9187606003227236,1.5210804516507743,1.3553158106397736,1.6844762871682009,0.9675412061324081,1.5862472835164274,1.3673398281733522
cgSYN000121,-1.2265432702234362,-1.2404252574134276,-2.1711865301702415,-2.8475259780136493,-1.160041206602312,-1.2305727470926229,-1.4719649120523377,-1.3690148508411562,-2.347177332835647,-1.471687339535676,-0.8251810802970423,-1.3168182221893736,-1.7837118501849716,-1.7083188571342338,-1.1849245901997272,-1.3260007752292304,-1.3777685600676959,-0.5752998141068899,-1.514617371156053,-2.177790321356744,-1.735995366671183,-1.6394905346053488,-1.115293259176793,-1.1176392462309652,-1.6324208216784142,-0.8672111049954746,-1.507591022619808,-2.021664112925291
cgSYN000122,-0.9597403150075651,-0.685046412082727,-0.40523598680563555,-0.8065263085503708,-0.16148443290108713,-0.4659235897297333,-0.2213130991427605,-1.0096978627238196,0.3630297925079642,-1.1001822161268588,-0.8221730338725425,-1.0213104716326842,-0.6557509567002413,-0.564900915390057,-0.17474518050430915,-1.1078167786023647,-0.14366740718417545,-0.6459497901594956,-0.7646203410315208,-0.492671068417425,-0.49412041956465347,-0.4075704211384965,-0.18066127925379658,-0.6274168630304302,-0.6238666564887537,-0.619606621788121,-0.584960209985619,-0.6953787385729032
cgSYN000123,-0.1492489469620335,-0.1810573736440353,-0.3265932095652101,-0.2764100021933823,-0.6253264223452446,-0.34786917436968356,0.06370195238183979,-0.18726247718094186,0.4586502804422271,-0.41042468372889984,-0.5482756036357719,-0.2828472958212939,-0.20386731323748244,0.41848098599491507,0.1784916314711521,0.33451581245288675,0.3543480920121522,0.01698883082933816,0.15119264651099928,0.3345160327213937,0.16996209952183125,-0.043863740348547856,0.34100437580219967,0.13706787418887265,0.2566504065570215,0.031042656065461336,-0.04071779094560042,0.25900658912801744
cgSYN000124,0.7280563515615692,0.19976382072828985,0.1833437395994917,0.045657914000718766,0.3779097097271325,0.4134771672216494,1.3157154185523172,0.8769593968155969,0.6425414084781054,0.7674764495918607,0.9678735765211695,-0.006866248126004866,0.6567416439742021,0.1726432110256186,0.4171574062057642,0.6357250526745944,0.5096620063118605,0.6748968763388622,0.21241940453902106,0.07567874035833635,1.0886102789796304,1.4250923953448356,0.10049606481750413,0.3754728891248736,-0.3863626674726379,-0.014323624645437284,0.3347343743875978,1.0343306536759702
cgSYN000125,-3.2205258444461173,-2.13458238957012,-1.870197377709366,-1.5864702521211176,-2.370890670983395,-3.471004809031115,-1.3753916293342154,-1.6730237529604748,-1.6561211859604075,-2.1890781905085124,-1.4278065329963772,-1.6832324418839066,-3.2120367823044553,-2.5168532863806043,-1.66472057830217,-2.773378700570734,-3.0721444584186903,-1.9025908751299327,-2.7174106788995975,-1.3484634397212574,-1.4358034414409497,-2.618723565212802,-1.87405241862164,-2.244037243804782,-2.58566450279523,-2.3617623178781475,-1.9302380397800587,-5.375224771320533
cgSYN000126,0.9445959932171077,1.279434870666284,1.100009430274319,0.7050504852164953,1.2275766233676753,0.4652121059717986,1.426603933678269,0.9977153045755034,0.9973012620978242,0.6824771051913808,0.5420377640123848,0.7300311917738076,0.5219953737920097,1.13100899934022,0.8182757974392831,0.4390047623655405,1.0506549525872966,0.9560429278034913,0.7600507254952985,0.9417988702802923,1.057254845063509,1.340423608125519,0.686048508543479,0.7387165048957739,1.1558108830985145,0.9505884512440863,1.3804954632028987,0.9395131877138965
cgSYN000127,-0.4403042212082834,0.37060163384796857,0.09032931781379316,0.43975037688859087,-0.10487302425363564,-0.1460968928954787,0.13995852600292927,-0.17997111901819607,0.029225990358138745,0.05451014268795812,0.10035615513970311,0.4346442742848604,0.26880081739869854,-0.33549465221619146,0.14292234483687266,-0.058688349937178697,-0.4891102184601147,-0.07833270132056576,0.63492202061407,-0.14755604687277898,0.02148511131504621,-0.7905901773850087,0.31285094763219395,-0.5499651039864932,-0.2446467721662166,-0.1648608526569821,0.04114592793076809,-0.242321197861937
cgSYN000128,0.9842185253124774,0.3389961564291357,0.9351250665286726,1.053130857100355,0.22700206804421474,0.8060352767141516,0.07434295529594856,0.7239640829459743,0.6147499513878342,0.26596617133809597,0.47448519251327703,0.2622450471017327,0.4936013894917296,0.5128771274543106,0.6280078319826887,1.1698347480420144,0.7064608631932326,0.07940874447319837,0.9706177309579993,0.5407509513016074,1.0803349411361094,0.3698184659744105,0.5795501131457903,0.16566061946360103,0.8733484207477,0.8369541519532404,0.44912637145393314,0.33160914591941726
cgSYN000129,1.6421748468939432,1.4272813270084377,1.2301481937329621,1.1187320272760821,1.3942654641009822,1.9159692921577005,1.0433964030765117,1.197045147025396,2.070478629290736,0.5885123284545469,1.429589031596665,1.1335571610592778,1.4789338752944334,1.0948434275459535,1.6757980148547083,1.3845672985781936,1.829849453343786,1.324025080448077,1.0513590692205912,1.1082840489245185,1.021939792459363,1.5483737359042289,1.2050090939270488,1.2101205390954153,0.9346578769078833,0.6892291895166166,1.918736201799491,1.1729970237694394
cgSYN000130,-1.3503919633518677,-1.355780855218982,-1.8711240691281585,-1.627728073695,-2.5176578487813197,-1.411320520902497,-1.286564023947727,-0.7837433215457082,-1.8430848869420384,-2.753207383603064,-1.6998904936853567,-1.420536693125348,-1.2460047594075103,-1.3797359767168187,-1.7026334448427067,-1.2694238740765522,-1.8520334185525198,-2.0147521416021994,-1.9555654682611354,-0.9264187705073851,-2.1569607064892105,-2.368462651364985,-2.186503417317496,-1.9849816381732321,-1.1360356601551,-2.33943061683111,-2.4772239199502826,-0.9670118796066269
cgSYN000131,-0.3294934257396363,-0.465388793600096,-0.21252952300554587,-0.2815692586007315,-0.05695863347621705,-0.31719822531593256,-0.5890704115279786,-0.1779753780714834,-0.34241223462714754,-0.633530575267478,-0.5037251215677693,-0.2682918338516041,-0.030024469737274184,-0.5222596170790058,-0.14947724884198985,-0.12331372168520537,-0.8279969325402232,-0.5129055678988929,-0.35599342051669625,0.17979117119209284,-0.24058538554807735,-0.4713881376845339,-0.02793768340318289,-0.4373299090223182,-0.5411218098784883,-0.5280271570767346,-0.38541500304789866,-0.4375801006951501
cgSYN000132,-0.7972270639368803,-1.5340532253808223,-1.151907276583385,-1.5869707117358942,-0.3946783630153343,-1.3743439630622711,-0.9845059001247046,-0.5595876553294863,-0.6722374244657272,-0.590440740129896,-0.7705269597135325,-1.0064432704150275,-0.5207000709862689,-0.7237273109783996,-0.4288500997884086,-1.79039436812012,-0.44174574940911976,-1.29763547200801,-0.969193648742462,-0.7438120153397763,-0.23418814387980422,-0.5939137805848427,-1.3891758824017166,-0.8035129845180004,-0.7982601120279184,-1.0841078819924381,-1.2390387237193128,-0.9564403017189195
cgSYN000133,0.3295659959767183,-0.15822425924534542,0.21919785152671714,-0.01264928671595906,-0.14906220167802015,0.11128925461488978,0.3319748838500254,0.1275834001060285,-0.16263755481017095,-0.11391456975087898,0.47453441471584146,0.19335627897343616,-0.3116736909606866,0.7622325490914976,0.0864824507594955,-0.07330030362030264,-0.27050818043808655,0.41095737552375583,0.23877499909628044,0.43259634079375947,0.683247013395413,0.46589153042526105,0.13587087613705232,-0.17826405569556245,-0.04249866690191632,-0.32499431137068246,0.17279410160776018,-0.4446928962364564
cgSYN000134,-2.9255984778500035,-1.604474662507278,-2.1946393683877568,-2.415840027921056,-3.625120597239967,-2.2575157944439415,-1.9099578114752505,-4.231103721780907,-2.3791334132542645,-1.9175784223955723,-3.0351843369609903,-1.8153075951597475,-1.8263922526756051,-2.546701370015759,-1.643890108934106,-3.6188301105165297,-1.924319943749715,-1.897026283878673,-1.917284256256025,-1.8214243695468895,-2.917388785385861,-2.5308800432759098,-1.5195818870784612,-4.414149910521678,-2.327347316438335,-1.926636026445891,-1.8162716160691077,-1.8312186341557444
cgSYN000135,1.2430329315634812,1.0899695041400723,1.668598084283516,0.7980728112979968,1.5792761702969877,1.6709075281468073,1.1695855223549432,2.252476032194028,0.8531565346216935,2.2723563258855197,1.434430499652196,1.6384609496691402,1.637755211412568,1.1380974257436813,2.4346063783808525,1.1944524207013414,1.7850487730341096,1.6354571307467545,1.7679493035449996,1.5651223059195183,1.3338480411969111,1.517750280394687,1.4538024670275727,1.438413618477218,1.2255700691846376,1.056781747691006,2.5887747710739455,2.209546745567144
cgSYN000136,-0.30003799048377977,-0.6649798493539951,-0.23588246416684172,0.5739907528305672,0.5113394042211095,0.31376866098143724,-0.3117837801682071,0.13200760144709828,-0.07548697401276182,0.0779814617428782,-0.26019819840798314,0.04802341507377671,-0.5210653905927842,0.5064106025090972,-0.321039768982189,0.012058771484977396,0.4778029134659791,-0.8438219518615132,-1.0359315595203118,0.09791700776412401,-0.43633987165132004,0.560348067858201,0.43193148234500955,-0.0928142796992858,-0.361032017746463,0.09549863669419138,0.5953999637836779,0.621831284415101
cgSYN000137,-1.722626258390732,-1.6644837445883112,-1.5189547176554523,-0.939163639660362,-1.4102117405988146,-1.1639224368844425,-1.7704418359420229,-1.1605817384793733,-1.5467731456342086,-1.1407375955710661,-1.790012884185636,-2.239032053584141,-1.8074827381886553,-1.6287758425244299,-0.8866837273774975,-1.5864411958155102,-1.5448517432695485,-1.8959324696296864,-2.076857261615134,-1.3862361575370459,-1.2672596662501963,-1.3298501612552778,-1.3795264601211221,-1.8695838687328048,-1.060371527600022,-0.6881759585467235,-0.9044465874602404,-1.4680814034344074
cgSYN000138,1.0292711849014429,0.25390657215579293,0.846715621668149,0.8889334751291104,0.7060814882194881,0.7089688015614354,0.41872268703746174,1.1888562919247272,0.8927150071280104,0.8149156399926742,1.2224212852966874,0.16477503157219256,1.0870432331225655,0.4214006324966506,1.2425571586823512,0.4174892961919835,0.8002782953600555,0.681319245628138,0.04362892629969897,0.8006800379838843,0.1916819385053956,0.6753110568605791,0.47107212116841424,1.248859126927839,0.8534972485470935,0.48057333112086886,0.848825139009215,0.790965439240946
cgSYN000139,-2.3141882855427256,-2.5456743696246713,-1.9723723416739936,-1.4984517294934108,-2.018712875918537,-1.34026959968254,-2.182628781557513,-2.1079302980968926,-1.4289531969378615,-1.515989515632889,-2.8059816014435497,-1.2335256246206947,-2.018606942877951,-1.8814250384117073,-2.2636585553353674,-1.5181934670672907,-2.6983443496171997,-2.230345293693302,-2.186882725205872,-1.9322350080814295,-1.7310412066337872,-1.888268179963681,-0.9358195913923519,-1.651625171915274,-1.1626339381655637,-1.4616438053131775,-1.9278930933911478,-2.194897228694153
cgSYN000140,2.0778033341660143,2.975070910735527,2.5070693073622414,1.3579283374022604,1.3281532051166471,1.5852374463269665,1.3439623383664858,1.3743745274148302,1.7945805346252295,1.0041186910085174,2.1323600102464324,1.4987726736280227,2.188868529530769,1.697344962669036,2.2804312794756414,1.7835101892936134,1.0253516760538004,1.110637168159175,1.516505030417731,1.396634312457829,1.3252118716812495,1.4180467855663388,1.180451015439568,1.9609398994403884,1.2650914100771937,2.9038564910120006,1.4458710705954874,1.2546939415577463
cgSYN000141,-1.1614467536800417,-1.134849190501183,-1.5125287635486875,-1.6770513745688846,-0.7264532393083736,-0.983285897420459,-1.1762604721369834,-0.7599275153979643,-1.0141257260352823,-1.417696662489139,-1.0623206901548532,-0.786839973353392,-1.211505857427029,-1.3819433171759183,-0.4560501088742453,-0.839746131507874,-0.9722783390117384,-1.278926150996216,-1.703325413980208,-0.5357877188560781,-0.4660302295243472,-0.7984142685302854,-0.5103023444567684,-0.3919068386291084,-1.1540615171308455,-0.4429172317995838,-1.3827498019966622,-0.5192204692061169
cgSYN000142,0.14923210058836495,-0.21131450631813728,-0.36533247299731686,-0.09693272714361159,0.21343687993169977,0.25307824095001635,-0.04379881119523803,0.4339786626938178,0.12505668050417695,0.5498481952082839,-0.3987820354518205,0.10025271599867265,-0.6356764330207189,0.06625223843108674,-0.034089417000826135,-0.10779327799121384,0.1365029123922705,0.2266641221099693,-0.10928396044763353,-0.7513302065676317,-0.20744654671468088,0.12525750200548372,-0.4923973780700592,-0.598985325284395,0.4764217115908114,-0.21004583926373277,-0.16019138166696956,0.5408913747732017
cgSYN000143,-1.5391122852675143,-2.590544277484262,-1.9690779607262752,-2.0045828481985297,-1.5323678018032076,-3.369749365272268,-2.870592070876434,-3.146986212732555,-1.659076346097682,-2.3423567414994952,-1.054683061324898,-3.1152857208656006,-2.120031461122815,-2.142251087532718,-2.8346628055974437,-1.5619754141291344,-2.153232003943914,-2.232540294516746,-2.6165639714006326,-1.9295263008616421,-1.7594759541789193,-2.1870594829444276,-3.874025154857479,-1.3567069016545708,-2.790172502566997,-2.041242185656296,-1.9904369447171122,-0.6899319115458165
cgSYN000144,-1.2974310559234463,-0.8498204728833946,-1.5049271881296813,-1.1517903460730874,-1.5005160517559928,-0.6899700244862912,-0.38487890526484625,-1.7733933595420044,-0.9581491573161073,-0.7842682398972074,-1.2222093134790668,-0.6227462696341058,-0.996755763049627,-1.1317139233072786,-0.4537970620877772,-2.019389396623799,-0.30789985565299444,-0.7907430306012178,-1.7208608048058711,-1.786136175326098,-0.9362241491048844,-0.9466721279756117,-0.45613009069684884,-0.9440523285648565,-0.4855889744762335,-1.3610524976396643,-0.8824697291129474,-1.1873697183565244
cgSYN000145,1.362116949513964,1.0442256507633605,1.1679952094207986,0.9830928061923553,1.6782940533141975,0.9789981809095075,0.9437861497372825,1.4661075123291643,0.8901230241907453,1.3966457031260002,1.3310841295279403,1.183443921162683,1.0805671122172702,1.5491479522502924,0.697843899569713,1.2576303918626417,1.159436396487479,1.3892472145034023,0.9778498894160903,0.2242035257779437,1.3394137177227452,0.44536426418487146,1.0730043228850683,1.5924250318875777,0.9592229131591864,1.9316427256428157,1.1177651836637705,1.6169735206649851
cgSYN000146,1.4865020755660108,0.6633504044645729,0.823574494455344,1.269850820134976,1.6145283338665393,1.6292380606142203,2.4365857686309247,1.6956597792638537,1.196837340398812,1.0054010373495275,1.1709266152954283,1.2018944623467538,1.181262010727518,1.0203320330007615,0.9093973450720487,1.6290318541977766,0.8760897954094559,1.7733519795039554,1.426893683658719,1.069138160488809,1.2087012579342313,1.1791225715284708,0.9267781523240971,1.9263532182542922,0.8499015912088673,1.5347148226803513,1.3342559743029043,1.6478660308443935
cgSYN000147,-2.5691992309478007,-1.7532119258035963,-1.4677235749839619,-2.8213190168572844,-3.025625460635205,-2.0982774160358977,-1.6851564969692916,-2.687649117863531,-2.3930828631334933,-1.6710112274178273,-2.069371664586677,-1.692296067964851,-2.221091129255335,-2.4289184763971936,-1.8633257495053261,-2.137372810499149,-2.3673158614684966,-3.075926208893524,-3.3729578468601575,-2.41990097712098,-2.949348174361278,-1.7267504323144443,-2.2660619922587757,-1.3941984909817418,-2.3957595964920926,-2.997336112734457,-2.5011549549879515,-1.7834177553998698
cgSYN000148,-1.143602659150934,-0.9142586195305995,-0.7904053281032611,-0.9308514444182459,-0.5206312221993645,-0.9567534091424549,-0.41077041484448235,-0.9741121786792011,-1.4578265443365575,-1.1171920853722888,-0.4821378229138198,-0.4652104539867576,-0.5749910697098625,-1.4857115383919544,-0.827761293302738,-0.7650104566395429,-1.9456718124877963,-0.6173303482663891,-1.961022643609159,-0.8080907486387706,-1.3952527296642399,-1.0985322922616343,-0.32024200760448823,-0.8715794585492674,-0.6479530957187887,-0.9027587296329167,-0.36216006960629116,-1.2593223529399906
cgSYN000149,-1.1033176757944276,-0.06473105520875651,-0.7375926214072348,-0.9834803161408296,-0.2404805669620377,-0.6110508592139577,-0.6219838978618081,-0.44546843611863796,-0.9421228312112138,-0.7293074972273083,-0.9785153723946305,-0.1933029146858191,-0.2577827332026736,-0.8454721648198892,-0.7464204451415547,-0.23697958231836963,0.23608074976304005,0.04203160367893106,-0.6730667987304955,-1.142146134030654,-0.7215878403974556,-0.37677787195197643,-0.3382978569438969,0.14302875023749845,-0.5788000259696914,-0.4635077894588917,-0.2511263425851216,-0.9156701126538559
cgSYN000150,-0.8482737048289664,-1.0422828704495697,-1.5684085240454162,-1.2805904304094624,-0.5356922827504343,-1.2163950843802527,-0.9731970812231563,-1.6135410134186396,-1.6308969179070063,-0.6875133514908286,-1.3192687193255352,-0.7953234891139667,-1.2080319217435664,-1.3319364084263787,-0.6851599243255085,-1.1202017723904572,-1.0375585794301616,-0.99909320795845,-1.5688316484811213,-1.5016450102079693,-1.2372835210324973,-0.5920168834821147,-1.2873229672160205,-0.6706746194774298,-0.7146783859801592,-1.0018593161615057,-0.7581294637938807,-1.3332098837445547
cgSYN000151,0.29497259474603266,0.48791595036270524,0.6971665235090524,0.38363635796547085,1.0324879806750566,0.48049019723191977,0.8759236125797711,0.3502902913677887,1.0101551774641253,0.3749770449944432,0.9599560777688952,0.375103210675966,0.12119182009550697,0.19715586355103826,0.647270772062054,0.7678459584871876,0.1971552925536069,0.43363227474993576,0.4837573368137251,0.37300431826477204,0.7408948950291585,0.003620626366345721,0.6278423764148562,0.40970171396368493,0.26671265235345865,0.13751457711543852,0.21724006110329921,1.0896497760806925
cgSYN000152,-2.178957578251116,-1.7956662845742954,-2.556430434287147,-2.3596998500591315,-2.87764577737877,-2.0257493923344483,-2.7876865418866803,-2.2956270778732493,-2.7496321439860516,-1.5726555693227016,-3.050948775684389,-1.981422751189713,-2.0863788520271083,-2.2790154626098613,-1.7156646940553146,-2.474209569501255,-1.4759504106716332,-1.8360415896098485,-3.046748177832294,-2.9003073592382953,-3.0858143744344506,-3.109030467094231,-2.898220550252969,-1.9108294265113173,-2.7404319175315424,-2.329858792885118,-1.6562129428443768,-1.682426610330072
cgSYN000153,0.837005085809357,-0.09556157318987803,0.4821720818587948,0.7937279349973365,1.0341541000147885,0.5605320916975128,0.06927112055135597,0.5751618443630628,0.5632549961997125,1.1470501165868319,0.6113538386781459,-0.05715958149000332,0.6800397419398014,0.2892009667017753,0.5303982062036705,0.3555778105947883,1.2888071235594356,0.8002018279495501,0.7515850449076488,0.9572384926497052,0.212646987434549,0.6857925958023623,1.3219038039735878,-0.357481704484085,0.3314806550200026,0.23619673377553063,0.6101117482121613,1.659110027200119
cgSYN000154,1.040820517086091,0.9166652638684087,1.2640767074027075,1.4691898095737415,0.5861058606609351,1.5047533579316814,0.635340923846425,1.4717133660770676,1.1244042610989016,0.601359219384044,0.6187598689239395,0.5075375723053794,0.8784522236466648,0.499254335404081,0.9832916378752073,0.6037709036078523,0.4762372462629365,1.3226222032120782,0.5264768082003297,0.40903864587224137,0.9111938446340437,0.43038271467756845,1.3219319997210661,0.530802511579587,0.6310571049206731,0.5359231417338426,0.8825713294179186,0.8110093418406441
cgSYN000155,-1.5203883179014483,-0.9819919204654205,-1.2053269985148125,-1.2392091819682445,-1.054514690240617,-1.656705808087134,-1.1373960623953323,-1.0553111067149883,-3.063635623838995,-1.4926634594731618,-0.6542466576405724,-0.7950411520502453,-1.0609586692620845,-0.9223349870828843,-1.2943316909211775,-0.9421900623215638,-1.2543057032581122,-1.3694920894182832,-1.8566841459326946,-0.7276797888775495,-1.3020261550541241,-0.628095123165983,-1.3530097411551985,-0.9532606826669174,-1.049010880513603,-0.7434463382582261,-0.6767176184226851,-2.4939365954622814
cgSYN000156,2.004461200429559,0.9831247636770842,0.48758917272034075,0.7994349999186569,0.1615696389861223,1.0533741140555497,0.3265900295840035,0.5584536298462163,0.5347068129927924,1.2764027793786838,-0.15121840722361077,0.9440816508677453,0.5613070428490639,0.8798877077635315,0.85594877141582,0.24610396394838766,0.6601088697818078,0.9920423654195671,0.9649552629802882,0.1513932555088584,1.7072413205867012,1.027086058131305,0.8583562745743066,0.25627235094054573,0.7802315012133298,1.3669125646991542,0.5157188504830015,0.9866235932132466
cgSYN000157,-2.3096087334545223,-1.4557263888810328,-1.8742903808865004,-1.6929689473753788,-2.8472572243976435,-1.9012370443148605,-2.224397134524825,-1.9688530937166586,-1.9398314992280792,-1.6835172349544703,-2.376779114601567,-1.8415525821865366,-2.3624034231608713,-2.9594943329833194,-1.6389417459177158,-2.646430180725271,-1.7340001745970528,-1.5108541604404955,-2.508555463240233,-1.9866567308147318,-1.993205588762994,-3.244895872959925,-1.4488716263669537,-2.5134610866368026,-2.6918396649237066,-1.9199391624691051,-3.0014201445857607,-2.283283658719026
cgSYN000158,0.3833989281920676,0.7382962410369411,-0.044106155832860205,0.7114760037552215,0.47543508715983873,0.5388496358835246,0.8690384130794031,-0.2571169206503766,0.6891915394780046,0.16208302440414304,0.7418557980923528,0.2532959073583991,0.5992797686021826,0.566360928799907,0.273944587332599,0.4060989788323525,0.8963471242349303,0.0016809321124929275,0.9475191604594301,0.909534770343277,0.2822943953420305,0.34478571013559156,0.42192497799635975,0.29812785322018076,0.691931821780163,0.40324384120047635,0.7798518993958221,0.004518048252214638
cgSYN000159,0.4548369048881465,0.896854944479584,1.606969017040919,1.004806909743831,1.9430621287144272,1.0368351366369286,0.2537164818421527,0.881452714065594,1.1100506098990799,0.6360231741413529,1.0257280007484952,0.7668083579912232,1.1660602601491719,1.700948722855581,1.6315506941599736,1.1489483361294794,1.1200850802241447,0.8900849451932018,1.4655678919729693,1.6949953598867202,1.0557239102537848,1.057534839697619,1.2768496775961278,1.185340225272279,0.8400324949122032,0.6341374662740441,1.7583309226143242,0.8710367145399515
cgSYN000160,-1.6823182939209755,-1.7719065721056102,-2.260937047618029,-1.533778690786126,-2.383668424894775,-2.0193810173346733,-2.0368467421783105,-4.6353794375615305,-1.6033683125013483,-1.769898453304824,-2.375856478808135,-2.0259878399891935,-1.8638553830000375,-2.775951262218942,-1.7311977001665841,-2.07742725520751,-1.9889795900521539,-2.1681063344461364,-3.237157384378484,-1.4665649058088446,-1.9819867092783257,-3.7705749491021923,-2.418057890016271,-2.38060648862622,-2.5549683127490503,-2.4688518786939175,-1.8727654788723331,-2.385625989257905
cgSYN000161,0.5688222614325212,0.5497692090965194,1.155829173643273,0.7053018703880788,1.3934923786306401,0.9691232117780595,0.6504944339455782,0.5154191348907979,0.8967210537940425,1.0026771474453051,1.5854062438485788,0.32890558962540695,1.0709587442195467,0.9059939660191942,0.7823192380635439,0.8351236291806441,1.149438304261562,0.7737381858915812,0.4565119464255651,1.3462530908376344,0.7503084987458251,1.8822525428014318,1.1383300388796342,0.5580131008792228,1.025728373701936,1.0631022863655872,1.2148796033152802,1.081162152469472
cgSYN000162,1.3713238455424908,1.0023142569969676,2.6273575283400676,1.3977407539833644,1.0543394491954345,2.2624844159427084,2.9209024195767213,1.8269346527331953,1.8723832640144378,2.7144282018447896,1.9304227653628336,2.262924807535597,1.162894169998091,1.9356027721698663,2.514705912906199,1.4439585315802042,1.673488618479445,2.1315872677316965,1.81278684734911,2.376385613940718,2.2425220738155214,0.809285238226224,1.2206369218589437,1.0419825310016528,1.4423337250616723,2.983970887924399,1.5084136789741822,2.1515917419472346
cgSYN000163,0.0918616219343036,-0.3195125004357626,0.24831168027471726,-0.06165234317710762,-0.38588999606176067,-0.5610849284470203,0.14177684953998873,-0.03837473158800845,-0.18728271059482604,0.11975280963832691,0.5030222974437757,-0.3997410604061842,0.8189576427317738,0.7166609663554401,0.5776758926004893,-0.22092901563720513,0.19755447699700335,0.13458680606900542,-0.1572375716215481,-0.16772201682110205,0.027370651327677475,0.17140086107857264,1.324235696001914,0.09681024986978838,0.1419227761466702,0.21755913723457168,-0.3198644811921453,-0.17253648891056225
cgSYN000164,-0.6870214739137388,-1.54565898160067,-0.9556774785656706,-1.4972921965260817,-0.7385044580286725,-1.0816984128625533,-0.09344926164676566,-1.4764746262662862,-1.0017552495454711,-0.01645426923822831,-0.14888264188798295,-0.7164384613883314,-0.9770143949603233,-1.2321419927899158,-0.6379600570495675,-1.0402278810820338,-1.305933322341711,-0.69322483711161,-0.7983323311196067,-2.0388356863386976,-0.7840938050752329,-1.4876022562119946,-0.8381088062595379,-0.5394731163402416,-1.49587937941897,-0.3076774874353716,-0.6156919878734142,-0.9065581394394718
cgSYN000165,1.110681271114074,1.0793800605883739,0.37904720512492723,0.6102341625884972,0.5712001717718252,0.46329844520572416,1.4302545757734295,0.1828414500182074,0.6394583900107561,0.46421920128575483,0.7221703601725337,1.5190209811336521,0.8247029559387203,1.02394952499867,1.0630646546429217,0.9679999677915737,0.48298246016659135,0.7640026308275807,0.20297305892769008,0.6986982402749559,1.300338319341656,0.47454718728474976,1.072100108818654,0.8668834648523703,0.6206061335419513,1.1191972057193984,0.8883247768391366,0.5548898810038599
cgSYN000166,1.2696648477210484,1.4155613488936525,1.4246020994909878,1.229970506299483,1.2262067998084463,0.8784708836881681,1.4190478775300386,1.374679939953754,0.6097742219406378,2.1365831091700165,1.4482812400431198,1.7412046160804122,0.6708415867080135,0.6376731008549891,1.6070028073627998,0.9412259959470287,1.1518871304935203,0.9345996493943066,1.1409353466112555,0.7999264313293072,1.4167903008488782,1.5126011617755446,0.9928062330646856,0.6753977139529092,1.170004507385137,1.0202585995230864,1.147162169765712,1.1762166388868969
cgSYN000167,-2.0346717213450227,-2.1582220067459983,-1.9058561666485008,-1.7056211121108615,-1.9846573835856716,-2.7087571748708283,-2.724501680247031,-2.864284721847063,-4.650308213824172,-2.8639335075800183,-3.074696006942615,-2.0383427690732367,-4.497945386767788,-2.7843127009709083,-3.108766708871947,-2.037830973834488,-2.24100494740861,-3.3756488753036216,-2.106008153362196,-1.9662995973609145,-3.732160620567742,-2.5489312751429782,-2.7370011828637932,-1.9420353977931548,-5.058891296625401,-4.8123372973952,-2.798494834366896,-1.5678971487046498
cgSYN000168,0.15667308532004856,-0.23679024714681104,-0.2598019236553752,-0.01566265695957982,-0.9707559951524963,-0.1860634571428562,-0.7405468127128948,0.003807221307059827,-0.6518200353738278,-0.6402154381964822,-0.6418811559168974,-0.1714560086821468,0.0364423248222956,-0.3008122374590326,0.19271924878199065,-0.6201743547393047,0.07095900223189675,-0.77783419977738,-0.8981174974513264,-0.5426763856110906,-0.15958451346785654,-0.9679705773913541,-0.4943707373559178,-0.02829454356407149,-0.41213228694020143,-0.7078187521700774,-0.14689930020512035,-0.408973479023368
cgSYN000169,1.4200915348649157,0.9590765604704795,1.5202145515135717,1.443235179907176,1.1515016065386867,2.1170043285156517,1.7622414809565856,2.14039124435479,1.5239858688960373,1.7816706273570913,2.145863309607907,1.6230454513299244,2.2616130668632923,1.7983817560986552,1.5340523499586216,1.946513004022486,1.5760681375415893,2.9751404177397016,2.4567193549560824,1.6379866534788874,1.720993659258964,2.26183574431366,1.4980041245268132,1.3010523475467872,2.04267598996953,1.5318414172871113,1.1731080407931105,2.2479582522725416
cgSYN000170,1.4049186302899295,1.808615125515497,2.4265284840506496,1.5498631798914226,1.3272304648716797,2.1907211050640667,1.3105645304276106,1.0919130569174864,1.8878579704400225,1.4868907197124681,2.022394132881259,0.6376703618112112,2.525388183256764,1.974036718830123,1.5378909948958892,1.6882777005113494,2.700309515957425,2.2439638558521207,2.3969703059694605,1.9257632211673663,1.7337599087205637,1.8369548707833896,1.3820460707206248,1.3865751749198905,3.1154475460565685,1.3749019766539097,1.600716932519921,1.8784463747107774
cgSYN000171,-1.609553099899529,-1.8874444548620264,-1.2978718935506908,-2.111875169951754,-1.2727491683297807,-1.8324725326540685,-1.9422098880895204,-1.8771043457048096,-1.413647084536202,-0.9628478559070137,-1.0517324635326737,-1.059385319687475,-1.3020050504871405,-1.4812930141964782,-1.3090095188558264,-2.002709419495053,-2.6418366931739197,-1.1683217459285107,-1.4523834680428456,-0.9911082634670026,-1.6937310506115482,-2.469421514332687,-1.5709829903335042,-0.8833406888432015,-1.0207618859799066,-1.606576133063772,-1.3945084741440543,-2.085070026066218
cgSYN000172,-1.7593898339974674,-0.6337991933041806,-1.4690002983124906,-1.5333582870565532,-1.2293671757024904,-1.7690377800104227,-1.3946108921274605,-1.5034968587752189,-1.2160300701659847,-1.0255996886728427,-1.9958159146761192,-1.348407972136627,-0.6605904251138671,-1.1744458250075294,-1.6607185045072366,-1.6226066677113087,-2.560043093314523,-1.760276666067203,-0.5556452716177003,-1.7860186456055451,-0.8329773435219099,-1.9829714498322326,-1.894380594149731,-1.9868193314410885,-0.7749058372092765,-1.8350186323092705,-1.557386638629923,-1.5545665442287735
cgSYN000173,1.2228092297939315,0.729785001452918,0.5893938436425172,2.233617205128435,1.9862342693495052,1.7586682569296614,1.7378383576381602,1.521828893198817,1.275843504767751,1.6500445824026497,1.6282866545747199,2.483316064202249,0.87519681395294,1.4489198681669206,2.1620058892102114,1.679597907898292,1.4289412707106661,2.390274778867837,1.543959339169155,1.02347248134472,1.3120407582588152,0.5897998761558484,1.3432498672094044,0.8183332830897885,1.5150521782632937,0.9925281953747577,0.6898801692582458,0.9128540606290652
cgSYN000174,0.242846147465899,0.11893915433220714,0.9627115908976527,0.231962928984318,0.3125859801250825,0.3575793319499422,1.11969268573913,1.3675647515286247,-0.10003715145284457,0.40379151865134366,0.8158681338157782,0.2778127803775033,0.21034479922908103,0.7209368486136271,0.27526146847304084,1.2547259446237031,0.6785645962072271,0.07098219505584812,0.27685660720958355,0.04360029777212595,0.6048498218491412,0.35990428555075565,1.1768064348799365,0.638996704827031,0.41603679747332867,0.699567026196009,0.6643687478700186,0.41706471413693524
cgSYN000175,1.2846297423325523,2.093149004763542,2.4856849259236133,1.6308436168332974,2.019550241635739,2.949539857118256,2.3447523667350887,1.1255566156814216,2.362214433833463,1.9460368991314698,1.4597093849439144,1.721081767024742,1.462620950829326,1.024528543674494,1.48761074628593,1.2303777216963259,2.6454160176675283,1.6694980004574977,3.120848205538013,1.6086966731143018,1.739671623551105,1.4886594217060727,1.3412937420532063,2.3121357152681274,1.970311605935308,2.6329343010691373,1.5732340556431565,1.6283559580763975
cgSYN000176,0.33373898217753617,0.35438948741391474,0.3276487074406906,-0.1908191628793884,0.4336429521112653,-0.058951539878341376,0.7719696236977546,0.4798029206449339,0.2036646153426764,0.12488619996460017,-0.6562025022291379,-0.7009159727137516,-0.3244864865238476,0.4569412196955488,0.4475551307916819,0.6145230876069622,-0.09588769843407823,-0.07634558033345985,0.25897852146612416,-1.0611977047749086,-0.022576129859386083,-0.028091331851299427,-0.6921442370120237,-0.16688194424328634,-0.3058520885534854,0.5404017685646997,-0.19397498859814222,0.04803684968240961
cgSYN000177,-1.6365448069493893,-1.8311787505492776,-1.8354422918997386,-1.6740685498133625,-1.9518963992766647,-1.8898261540658412,-1.2230795224877546,-2.9863484123920703,-0.9247945083447792,-1.928984391063259,-2.1232066145109916,-1.663545431377796,-2.345841029843085,-2.3473289565148105,-2.0911514249757857,-1.7272516307014831,-0.9656073952464581,-1.3068522880925124,-1.7643155904128536,-1.783774063678643,-2.2398164613483074,-1.5323189844012732,-1.612283382295381,-2.0283551852491812,-1.2049640346483128,-1.3249864870738175,-1.7668304159569417,-1.0214365431040022
cgSYN000178,-0.4564841258947702,-1.1768726176864799,-0.8857775918058511,-1.0992195470977915,-0.9580717026999098,-1.1829927061736907,-0.725016321600221,-0.7452282954782679,-0.6710344766571921,-0.5226775236414196,-1.166058315515525,-0.8064156519730161,-1.113408220199677,-1.3133642576006128,-0.9507810405859024,-1.182962540217974,-1.0905293146474173,-0.9078388408411221,-1.1695438518427292,-0.8358787980332414,-0.728413673123109,-0.9903151203166926,-0.7203306721857866,-0.22753182277731399,-0.35070706059020934,-0.647403246837411,-1.0219275354705837,-0.808091893875752
cgSYN000179,-0.27281273095179415,-0.49618400037043814,0.9239078631903299,-0.09183639636376391,0.5213815809688594,-0.28931882639319456,0.189479228856717,-0.13289551567232216,0.17776451217128533,-0.6111931792167501,-0.4903580764100024,0.039186828714136326,-0.033093484420817464,0.2039216652179515,-0.004944162144817664,-0.3799612524820672,-0.1348663631329768,-0.2474557250145101,-0.06290868457680546,-0.07723476657632233,0.4038014542180858,-0.3705696713553502,0.09061853742633605,0.39017149044612476,0.0864714036687781,-0.3153122789312091,-0.16313984133104353,-0.21060852733403573
cgSYN000180,0.8304561548450857,0.6400216663471846,0.7382995390678171,0.4989978405807698,0.3402216374623073,0.5843294610300888,0.7273057104850035,0.6154356962229025,0.5336429212146465,0.4784034620957548,0.6269581388463987,1.1352568965862684,0.7419083176888643,0.915319789665158,0.9399182668144617,0.557185968988493,0.12169955104933877,-0.4665249785558099,0.7191813576823642,0.7785355342398216,-0.11963224463158915,0.018277754890517056,0.63880376335496,1.380750908096457,0.6467380894280637,0.3404025926894902,-0.1739610068112407,0.7441084114302032
cgSYN000181,-2.5293788023645094,-2.2089416407101274,-2.728952887993558,-2.133008842724682,-2.6862338832927057,-1.4311287132931476,-2.7448665383869937,-2.7389077619060003,-2.426577947277619,-1.9664075593421413,-2.943380347422956,-2.3836232298354196,-2.1569869532524817,-2.2465178256326532,-2.6757609872121972,-1.4707610449784214,-2.3536640889121507,-1.6599903817782584,-2.3228923329898064,-2.544196401992318,-1.5487576550742805,-2.029709441228159,-2.2345046275997142,-2.9389402307491044,-1.5675312519223228,-1.575865755127505,-2.453553116412596,-2.8533061607766257
cgSYN000182,0.6398250480083488,0.21999281336802445,0.6989405349083774,0.530581218251476,0.6728848626873244,0.4699512774967818,0.9020737598386895,0.06872537475108886,0.8797697731779001,1.1698548193485712,-0.0014566299685489247,0.14192357902030112,0.14948301737773018,0.4934417131090769,1.3482313060552538,0.4111394633304579,0.29575014291569346,1.0178128635108261,0.6122525491071991,0.8323129636890573,1.0153824539280858,1.0884635375352745,0.46903707037884396,0.7613198664463421,0.03197869684025702,0.39880232870322735,-0.06435596282305442,0.5985573175456567
cgSYN000183,-2.067413026518556,-1.7022954453359904,-2.1205420509031847,-1.9835429339697317,-1.94553056227036,-1.9485165345828612,-1.2031501973321987,-2.1981445598513534,-0.9180037835084254,-2.2955964437473226,-1.7185863983456389,-1.3919593517737374,-2.3474555310831757,-1.5313137803728436,-2.493971615000532,-2.378067047290416,-1.7735685691626857,-1.3245327193342071,-1.7305955731784757,-1.5604855525853856,-1.8022984430448075,-2.607769958943816,-2.2855425957201225,-2.2266927791054982,-2.4698042686099506,-1.7518976747164077,-2.209821797309206,-1.1164895913262913
cgSYN000184,-2.382829762528175,-4.5813071661203715,-2.1201585620185717,-2.7430068733405455,-1.9238212923149385,-1.9225077037992355,-2.022967423634916,-3.5678222548442995,-2.255066599701803,-2.047882947086129,-2.222762794494008,-2.626824229973759,-2.704290852306883,-2.456463277523138,-1.7816942190461043,-2.0026630750707204,-1.6230511095773916,-1.826743768835531,-3.2960038075977094,-2.5735927765320383,-2.5536730331441304,-2.5994921785618432,-2.35043625485861,-2.977435253275431,-3.367893901050488,-3.1724675269863947,-2.4060519562373477,-2.245369056174887
cgSYN000185,0.13030941149231917,0.10680469231942809,-0.43247775805587874,-0.5637195487720724,-0.36775370104394123,0.23859678927654876,-0.2667828069978814,-0.1430900543856148,0.3394892575881301,0.17082022507937172,0.08667449805857792,0.24507546179123132,-0.2791312045622639,0.14666782278774287,-0.0683816682532655,-0.6667738350557576,0.5689309152793582,-0.037206923294701544,-0.20423108181288782,0.07433388928096551,-0.1464802177508752,0.09572440977321006,-0.2827409487950485,0.5274974158591557,-0.45762761827250065,-0.6240157589244217,0.0036097391458056695,-0.656330761233972
cgSYN000186,1.3111965281928333,1.445899485968076,1.8470098617318529,2.3646347746474166,0.7467284992101265,2.714182639677464,1.7838790675586769,1.727132038302544,2.4564805049010894,1.8537808515957037,0.8265571916027947,1.4933476338262046,2.5688364306855127,1.4159559864584323,0.9045427088386543,1.700344088393557,1.7390412140443439,2.5722129898870247,1.3848938341047494,1.375036337119637,2.9387896809103644,2.790283357295069,1.627195364855289,1.863490660031295,1.5058934631935779,1.934288996209443,1.0387401465420412,1.8215034777749701
cgSYN000187,-0.9615016960970769,-0.9422248182323618,-0.8053015853893003,-0.902653895088007,-2.3395184594987075,-1.7490939659150986,-1.0462358512560836,-0.527962614443049,-2.3200134871531994,-0.6711973077251517,-0.8362841452843068,-0.9750625056283051,-1.1369138470939606,-0.8448950111478245,-0.7692772778733912,-1.0912520342084446,-1.0132311322715848,-0.7952812001483919,-0.8127048469267341,-0.8378259496719679,-1.2804244455059353,-1.6619469132241935,-1.1404196250809726,-1.8109681773077604,-1.2151124896736525,-0.5282658995269396,-1.3431653571633038,-0.7578123479400877
cgSYN000188,-1.4251250237734212,-1.4717782637095482,-1.3367298023724665,-1.3501265036407093,-2.701472653862188,-1.576835092275086,-1.3145018708900105,-1.2664778353277828,-1.6639005372547717,-1.9950024241920636,-1.281768633674861,-1.8729776276566779,-1.1572344163499306,-0.5081613218133111,-2.07394217755582,-1.3506851938456164,-1.501233383358811,-1.074314909664285,-2.034485451726952,-1.382511473803872,-1.2061648675869845,-1.4638938061947615,-1.2708692277334577,-0.8168359252418449,-1.468103219387936,-0.8927435688842765,-1.5528198702864362,-1.4246061504383014
cgSYN000189,-0.48685118980618436,-0.9522603875251553,-0.31773337161479015,-0.4150013184005087,-0.4083809102970849,-0.5741006586617693,-1.1472232334118504,-0.6960192726382157,-0.6479378102457934,-0.6738542794138509,-0.3906688492838539,-0.6432236570923985,-0.8720199493268402,-1.3083318039201934,-0.588745501609303,-0.9433641576681314,-0.004713560871910196,-0.31492619410161876,-1.338558201687645,-0.15990879286869522,-0.12552044331059542,-1.0428138016044306,-0.2216839711588596,-0.8421278839326769,-0.7168752259884458,-0.20137816155553864,-0.39441625457886076,-1.0427428718013436
cgSYN000190,1.8308921529136082,1.644609219870281,1.0618417030281024,0.9987219955135473,1.6561374536451228,1.7128877532708766,1.5704882822386512,1.2489557008950671,1.4447842049032076,0.323535491075,1.7123309266525464,1.3623918340296308,1.6335683053154495,1.927501890271749,2.3094313592394333,1.285185229392268,1.220124227426729,1.639528228475173,1.2745755518654338,1.7177733283566334,0.616248070343234,0.9044247283912547,1.341482987113603,0.9276670011167538,1.6719994832243246,0.5754078471253187,1.183799719396941,1.5873687547801345
cgSYN000191,-0.44646070347549205,-1.3438130251847535,-0.12700047211002752,-0.4216073438788516,-0.6482354225691634,-1.081162626638828,-0.16006490793185488,-0.4654767774915017,-0.5214282411264903,-0.6540684308209671,-0.42861245007495224,-0.8429157690362095,-0.7663853367462948,-0.9935352878160882,-0.7746593337397352,-0.5514733368941682,-0.8735029498242202,-2.2648376256768064,-1.66174711782504,-0.5643018768669229,-0.5254112295698208,-0.9288854434114341,-0.4895261397460529,-0.8402469409190001,-0.14489307193119635,-0.41659279422551726,-0.5090692799044545,-0.8353226528624796
cgSYN000192,-1.3101268692750927,-0.3982324519223238,-0.48002400420682895,-0.14458119119618926,0.4840294246304468,0.21321011483040136,-0.28290552050691725,-0.2722346477439627,0.07455683159908645,0.440055143570706,-0.41630238081098697,0.07893698174337974,-0.09684807347233969,-0.24219880776406333,-0.06072015030661576,0.16770645688644853,-0.42904711218411856,-0.4510743450616946,0.05730655336815459,0.04470805140795291,-0.08386103397107203,0.02349001218891699,-0.20456040393169667,-0.09337244081588231,-0.20023088756539267,0.1256479384277458,-0.5304240538328494,0.33573818998664534
cgSYN000193,2.8956341424033183,1.20777170306363,1.319250238021872,2.1729635484354968,0.5742085603557033,1.726083007624737,1.4382307956500169,1.5099736826966985,0.9860824400547901,1.582246028084626,1.4705897317932561,1.473703310877808,0.722907277261371,2.0717805673335783,2.5381711275537224,1.0803186515700405,1.1715450584549594,2.036060054277913,1.5849151340350986,1.6159486574315873,1.5272932341840737,1.8755471838910769,1.7943629573826438,1.7891482744044718,1.9870090915028673,1.07424112333762,1.9877187267080059,1.574875722591032
cgSYN000194,-0.14709450086089282,0.44764661076171847,0.1662518904521567,-0.3175126614188026,0.031083549770357224,0.40409135169742677,0.1290970233193065,0.05462239178485189,-0.19113478074309279,0.6030505455503465,0.6938050680034469,0.3270019816009967,0.02628075882740484,0.848192345159025,-0.05861506396987257,-0.027646829925616453,0.27714438999110375,0.3485575785277748,0.5657911414952134,-0.42025030308091543,0.4602814159445296,0.35976193148706276,-0.13398328970272333,-0.2628573519379787,-0.4412329223794889,-0.05042505479677278,0.20050527440629323,-0.3709358377790076
cgSYN000195,0.8295288531594355,-0.34991754863341623,-0.31958585258873756,0.49977372433627315,0.6702688202944398,0.5250437243783157,0.6369711654136507,-0.0256667552980106,0.2971679621936474,0.6374483116759984,0.2763514422714719,0.23474949932079409,1.5107901944410371,0.05299721954504993,-0.08260532402227291,0.09882962527627506,0.1438189452765744,0.26946357720482417,0.5789821578943718,0.6091759784810513,0.2061768205404348,0.2922357121006776,0.006407539828061978,0.4290866256089747,0.22084213890351703,0.4733710488303272,-0.15657410813566688,0.6592190600410215
cgSYN000196,1.4904715299142497,1.571527406833797,1.7864389856567513,0.9192445887909468,1.3349253349209824,1.6716500395963834,1.5513044242992133,1.0983065689813805,1.1677694659862008,1.689039326488606,0.9972474260224982,1.150000936187538,1.0619905145670199,0.15422012492543025,1.1649060698708595,1.8235866764004764,0.7628709771218857,1.044890898311775,1.0676785631731138,1.5076522763056777,1.1707901644745582,0.9493709689728456,1.7334827898605536,0.6092568565988422,1.3330698162325565,0.8983410136866649,1.3977633022883698,0.6456419151897139
cgSYN000197,1.6115773479796522,1.6944802369008765,2.3813091942237277,2.1574158786872903,1.7288619136896346,1.726700657644453,1.5793007394200593,1.5641787223902377,0.5067704262596208,1.9225823699688183,1.758780869405632,0.9747262650558853,1.8263452707544756,1.545246548664815,2.1874576061706463,1.6699275401945068,2.564629374682465,2.54032497652378,1.0886278165512082,1.3270371329147226,1.8507176652152089,1.7117610718687466,1.0587117497519787,1.9022978446897814,1.8575745000700286,2.1006758538801242,1.6449115713854645,2.449894541353428
cgSYN000198,-0.654722394623691,-0.7800231140041117,-0.7886525788150229,-0.9108090805303386,-0.334301316429115,-0.6772257811013374,-0.2924799172810944,-0.5562233575286328,-1.0035229098328837,-0.5209117578853095,-0.5810697650702923,-0.29209094937733165,-0.649868509346104,-0.044256980303256845,-0.7658345751771718,-0.33214035701631783,-1.142576922809575,-0.5352346777205003,-0.6879223839617474,-0.6123698943288268,-0.49099545078162554,-0.06161175519373943,-0.9153073932985656,-0.6165068791363263,-0.6964137145108931,-1.6875671294666341,-0.6343428548951017,-0.7971246008151232
cgSYN000199,-1.6258814755714355,-2.0156934787869294,-2.889298549293209,-1.8219472095485854,-1.78261560659606,-2.143776395310623,-2.413003034334704,-1.5849807526940973,-1.7580312938621119,-1.4103834937405169,-2.941760662709287,-2.557227413226334,-1.9563209607216612,-1.1974078798234378,-2.2296267533268184,-2.1731521583008355,-2.0371572187040043,-1.503825843011648,-2.7489877226700496,-1.7281064534392443,-2.4012717568783577,-1.4649136410460346,-2.146079234085266,-2.409840191216753,-3.645352620767426,-3.055676081333193,-2.5615867237407293,-2.468919097244638
cgSYN000200,-2.239626154789987,-2.700148768352469,-1.7802062047296965,-3.0846377631229696,-2.0889539156296193,-2.1319023261465686,-2.0378569948017806,-1.8156798773790184,-1.7817641564807358,-1.731630143140807,-3.528624433677223,-3.4766814685451792,-1.735053064570379,-2.654451393258265,-2.330975669975877,-1.24428533847773,-1.3981173359296175,-2.2318698462824766,-2.3230866331002913,-2.037104910569608,-1.0865740037323244,-2.405199240802954,-1.5760814478983285,-3.364652037603957,-2.221626972624265,-2.255400200124758,-2.132931162174932,-2.4962007658399816
cgSYN000201,-0.6976753950744325,-0.7019813074020046,-0.6307317746145433,-0.8564063767419605,-0.6141818133438989,-0.7667296346095464,-0.663425400327281,-1.1277676711690952,-0.3636918853659766,-0.8997672592978078,-0.6295479147318408,-0.8244121159603923,-1.017590876237693,-0.6858882025460529,-0.6212280221569291,-1.5302289099906379,-0.38466132690591553,-1.152053034485855,-1.1420010567016645,-1.4767110121774778,-0.9703079837268375,-0.8160937015126912,-0.29782077849931793,-0.5512346453574016,-0.26350746237069606,-1.3537709440369434,-0.7740106011117008,0.09008247009392564
cgSYN000202,-0.07393919279077066,0.19006074870286002,0.013249272023662122,-0.2854973352508956,-0.6925142616724013,0.07256800738626268,0.13009351875839817,0.20233262960832044,-0.22730723783653367,-0.3573687950164601,-0.4110942215331438,-0.7020023972956574,-0.12636874875614149,-0.15592507036360892,0.32043553141901004,-0.307370707909178,-0.35877397322474486,0.04353696064187391,-0.05092651938051967,-0.08628780828855771,-0.15221932565068821,-0.6099929743047185,0.029003814417626058,-0.35463967944308994,-0.4833905666007122,-0.7183007746156121,-0.7104830772902955,-0.8451557411687668
cgSYN000203,1.349901277944301,1.2586077779233298,0.967942713172114,0.7809559978072904,0.9390832014588797,1.8109243645306152,1.18331152477291,1.3665672800128212,1.366111661467839,0.9021167184966442,0.6883202673953672,1.4232854134034736,1.7269581462240966,1.3076757921679547,1.5282271438495214,0.36032127253695434,0.8106287208072015,1.5112017609093988,1.1524312813635231,0.6743755992939975,1.275807776033648,1.2624301861114393,0.6224006646624146,1.457726534598752,0.7584074313568274,1.4595556485030208,0.5304668446202436,0.8496144163602963
cgSYN000204,-1.2941538036519578,-1.1930112195747324,-0.9636041092752685,-1.0396507015622478,-0.6998643044070403,-0.16659358848505304,-1.250558230025984,-1.734917380360729,-1.0419295545524156,-1.0147683067825937,-1.6973629378604955,-0.9018143967712315,-1.074175183815486,-1.5936309211138362,-0.9657316161887854,-2.391752462437255,-1.1932301943829806,-0.6747852145493697,-1.3395938392081377,-1.3289689921252135,-0.483257100586804,-0.710166387901055,-1.3135102982241675,-2.198660494668582,-1.106909524441831,-0.6988420978005325,-1.2424397155384157,-0.7654451793260536
cgSYN000205,0.11055325817606752,-0.0613599384787701,0.07591932723201592,-0.043965077130173155,-0.8104717833454858,0.10394001241745783,-0.19225060326388752,-0.10926122371092016,0.27233474528284374,-0.5129427481095777,0.25687715171338044,0.0580398358387224,0.19194604320709766,-0.4491705464605956,0.4533550782991838,0.47381022310745413,0.4621588236644641,0.16231766892510657,0.6201331235236003,0.8565978604612042,-0.5498600256772077,0.14665958662743278,-0.027390854699930453,-0.25072920929965853,-0.2369757697575708,-0.7985498829588461,-0.143375320913898,-0.13505910629679327
cgSYN000206,-2.5002585955163084,-1.659532850338537,-2.0209958026679167,-3.120402811113988,-1.9166025780980287,-4.859482022399994,-3.4677700080554406,-3.0743235654628824,-2.9558123308343345,-2.2013008407928667,-2.3116544449940126,-2.5641595452545314,-2.238475578731099,-6.6293566200796095,-2.2432259453190904,-3.15692760108228,-2.024141022929894,-2.680544975024959,-3.2695622667531286,-2.346992165420858,-3.3328490009233196,-2.678939845817589,-2.5515396331983373,-4.1425580885960125,-1.499844535728577,-2.546861206291738,-2.4603397789117243,-2.180820765615775
cgSYN000207,-1.218194438117154,-1.1199389370219641,-0.626220972312443,-0.5024181017637277,-0.5158211697334489,-1.597688876769805,-0.8680319084105567,-1.5175716401064219,-1.274252280485614,-1.0053323085871946,-0.7134062370993562,-1.7157912273680649,-1.5501240668539062,-0.7126239661475054,-1.015718174562441,-1.0943833505226133,-0.9310996743160104,-2.3481799072850893,-0.9623770242985079,-1.7070163944473271,-1.2434329937300588,-1.2648885503444875,-0.9415242222483609,-0.6615963284158882,-1.682550781360132,-0.9152676827525449,-1.0124891236947355,-0.6342183057286921
cgSYN000208,-1.042817387374584,-1.081732943396169,-1.405786055176079,-1.285910286506302,-1.6444345779415823,-1.3016079293984077,-0.9379294690600456,-1.411894986563138,-0.8384776008219302,-1.5214899121157972,-1.6899661537052972,-1.4395457789390156,-1.3602738828292698,-2.0259094461187344,-1.4139968940340077,-1.0885566376646454,-1.1680967174837353,-1.6762210517777245,-1.6830340505523769,-1.5494513427597945,-1.656633965933803,-1.1559421765927849,-0.9172151377643476,-1.0389919375029921,-1.2332956688203947,-1.331734739870526,-0.7581024588967047,-1.2782948375807217
cgSYN000209,-1.3082301870621438,-1.025546361789386,-1.626056939183744,-0.6638423747574006,-1.8301086413256415,-1.435435483396309,-1.7481747160739531,-0.5866400430620518,-1.1602633039975023,-0.7126989117488444,-0.9568199948967959,-1.3645874823619464,-0.9695959970323688,-1.3197194100764527,-1.0715749652080062,-0.5646822852051407,-0.5664188192886882,-1.0061364598866032,-0.5286899361471477,-0.49272480884324943,-0.7863167768033797,-0.7071360474079837,-1.1144504066276786,-2.5140423958030005,-1.0842430178609257,-0.49585174828962714,-1.2023119969156864,-1.2138328729278491
cgSYN000210,0.08131607364829035,1.4289519288190438,1.6492604954011816,0.8716483589988117,1.1563549468933199,1.2755408136791067,0.38256797123371555,0.30045119701661477,0.905969798285432,0.8791288652263317,0.8899497956611135,1.0170365245254367,1.1322125982804565,1.3761716115859814,0.8171028218179313,0.6305930792144119,0.968313364031697,1.0023095870363883,1.8551878247705123,1.2204249934632754,1.524657607900061,0.6859726135416654,0.26862916566248185,0.4310823854966518,0.9967563256106284,0.18069720216672094,1.4270884445326844,1.160051189242533
cgSYN000211,1.986763377121487,2.1092295312061733,1.0660185772337905,1.731679819168501,1.284112907316255,1.4590563902146272,1.115821672916887,1.9016118249537945,1.5910177658296973,0.8515504245311635,1.765588529845567,1.0008488660808825,1.0542874263453734,0.8873616729015981,1.2628023476768542,1.7949834101532676,1.7379704288937274,2.0967018437269176,0.896043482461632,0.928082293071314,2.0014602238679147,0.974929883587731,0.9209496127474077,1.6473041976924145,1.1933125733169665,0.980832341367036,1.4045766344118404,0.8292853385270792
cgSYN000212,-1.4024222132137212,-1.2389547274995436,-1.3631273740270082,-1.4775153251927786,-1.208017306006154,-1.0930836565201818,-2.0799107604259985,-1.4036157341373705,-1.0871153385221646,-1.3676642097867056,-0.8219212465109317,-1.480796480120394,-1.9958067556239785,-1.891104824844824,-1.8027482407069249,-1.8293113835868378,-1.3589988276008063,-1.099578080114963,-1.4086171684589628,-1.0511182024664911,-1.1894771602371397,-1.1307962430867218,-1.6329519842279596,-1.7768055209078657,-1.4570179877820009,-1.446644830046615,-1.9272588480119308,-2.800785302240085
cgSYN000213,1.327283293606025,0.9623411900369149,1.9030226227074585,1.3669181930831618,2.4463125197698807,1.2007171810187582,1.32046635706809,1.4050937774470142,1.4932609142391646,2.0487043293419402,1.2920487495278306,1.3347946695631103,2.1751011921816525,1.6433214330811117,1.6213928796210006,0.9527783688615341,0.9726070709546297,0.7006331727637987,1.1098587503285993,1.5877821372986392,1.1516160924852539,0.864246435634896,1.8840763453685438,1.0089579080810671,1.6818417982331142,0.7729257618128583,1.5881405013252277,1.1034875159039268
cgSYN000214,-3.7452590657973137,-1.976843964400979,-4.494070182312099,-2.477484967964547,-2.599288139416082,-1.8555631827295607,-2.549202304402156,-2.8074034184004577,-2.423327026342845,-2.358566437327927,-2.9728982735915896,-1.6298406361224005,-2.8452652983375324,-0.9707010222686765,-1.8961565013120472,-2.8106859865524707,-2.5800614899935526,-2.8480527057134517,-2.2528179439067295,-2.9285238210236955,-3.1301097694947897,-2.874440796577758,-2.0467751671578935,-2.0653625311155075,-1.845022035819994,-2.946538007482565,-1.9857736250786875,-2.1506329892559086
cgSYN000215,0.8884560189989954,0.40316243273355923,0.14482712470087336,0.45835663622023076,0.7489620446004632,1.0897437201816875,0.3443602954927259,0.22058226963943228,0.30887378952098105,0.6273705518627675,0.09973816234456925,0.7489520720770828,0.49739921620822647,0.5549139809283011,0.05570414730686146,0.5576366673324088,0.3677156669045006,0.7402006863579493,-0.09108688312306407,-0.009651970584796764,0.5794084839031761,0.17240193126925335,0.7871215596011313,0.30300119240405216,0.19202094777400763,0.7627427338830228,0.0799695729082399,0.8733880428568632
cgSYN000216,-0.884386931670609,-0.6341543254384028,-0.37815162746008096,-0.6388574063957227,-0.7922987535556097,-0.7562174597618906,-0.5789677715692537,-0.3844281101132423,-0.6997742010853638,-1.171149441747975,-1.2217413675433286,-0.9442163548853408,-0.7053543328298847,-0.9411827656270791,-0.3844741403576946,-0.9662858549365436,-0.1641730216169959,-1.262062964371662,-0.6289310963320809,-0.33002717544706406,-0.6672835619558269,-1.118319672567039,-1.0699151530937574,-0.15878796892404587,-0.5580728720340622,-0.7638795891881616,-0.9591976987762492,-0.926568635049636
cgSYN000217,0.6720685920662651,0.6038103715368359,0.9691112561275577,0.9778016135252163,0.2833921444584632,0.4751957939147686,0.18853978762491908,0.8701966807298616,-0.17734358926594931,0.5241935988585386,0.8827868210835844,0.6832054084472986,1.1843325873743455,0.6964853692116788,0.4238359972627029,0.922504336925205,-0.07197807597698855,0.885087670361446,-0.31098514586774595,0.5919010818115624,0.137015227013796,0.43567563035539714,0.39323731630619707,-0.18090076624200327,-0.16521256285692626,0.9816216973073874,0.7106738055908663,-0.04018456929691677
cgSYN000218,-2.2315381459930386,-2.7772422944049535,-0.857160213729564,-0.7108548999593325,-1.6454581044113326,-1.3182969557824777,-0.7831156475629855,-1.563861246573638,-2.2408164464775795,-1.8082865448486907,-1.6425548963092007,-0.8716713513611286,-1.562514274823324,-2.5356277744218585,-2.018340705399545,-1.3731904706529494,-0.7910475407941806,-1.5375383329276806,-1.7661291829388017,-1.3313892286981976,-1.3426207031601274,-1.3845726379075614,-1.714803924533095,-1.1671437485536538,-1.7562530294824819,-1.6398988299345634,-1.711690368379991,-1.61516602698224
cgSYN000219,1.881080336848905,1.2596012508618681,1.01075390467284,1.4199762331355177,1.928101259411717,1.343334524774262,0.7601547548490778,2.063515212298436,1.0358798384844472,2.188727052258675,0.7191277187125598,0.9203916977357351,1.152071822430104,1.2452716171912928,1.0711640134717457,1.4628089729970486,1.6342124186159241,1.854343096974155,1.747856099693801,1.1045085863362416,1.257706213062126,0.8128615590285267,1.3429054116567023,1.182387966410532,0.22081418891896165,2.013461743973479,1.3878922264177265,2.1211422420807664
cgSYN000220,-0.9380215049081387,-0.9101038582923614,-1.0200056272797284,-1.0193915008660648,-1.092928858709107,-2.050466961119057,-1.085309977027156,-1.137667383559292,-2.061806961148642,-1.2950607034207338,-0.8695148355043436,-1.9491141870240931,-0.9091500349600915,-1.3899656489972585,-1.0929623629743723,-1.4262899965057467,-1.1998793579160232,-0.996367964502393,-0.7780843902594422,-0.9240787089686283,-0.8651146857329699,-1.2230649860457126,-1.1557465782612004,-1.4884126729885667,-0.9356126840744486,-1.3210533875969317,-0.8023164597014175,-0.8321867477223803
cgSYN000221,0.7787264749208153,0.786254587958282,0.5979489176087687,0.9070963730710303,1.4426724302589913,0.8505052315462339,0.5396707454818743,0.4694692752234556,1.6127673003061642,0.8684372647571639,1.3583779133522822,1.0547206800211792,0.8507559625669805,0.8470932756973903,0.9125741460842188,0.7502415517738458,0.41279771224704254,0.2872260490515159,1.382232547998346,1.1436468284217916,1.484909821576724,1.2685558156632475,1.5432011576121378,0.5373897984361076,1.7457519644581898,0.4037251907850043,1.8975833800273743,0.8724749240921101
cgSYN000222,2.159025678323327,2.073975079173494,1.6895273014014969,2.511781014651505,2.615421043786207,2.0370370126708064,2.1339197766440257,3.0805631916343157,2.2781686687075413,1.4263938663825995,2.329324120098423,1.8077503617999227,1.3832719341810942,1.9146784063254954,0.8322333123736898,1.6641488073569555,1.0400535951781278,2.6926984977145,1.152222366439569,1.964986201927972,2.3147761764236146,2.3555528913031787,0.9454124072511864,1.8606991522418121,1.4937662801524112,1.643488076103871,2.2348695085341364,1.8958717021557026
cgSYN000223,1.0421677953647177,0.6773616941774278,0.9116394605114003,1.2203408707552954,0.11056175461098917,1.3750263002481389,0.46736199733491207,0.86450923591288,0.628091463469419,0.7764724658609273,0.7340653866825684,0.3529646113247422,0.379924165568172,1.109739213261127,0.44939218884994975,0.29379294347979196,0.3570239619457282,0.5663938293992408,0.6214933715592345,-0.12351912337647442,0.4300806382626727,0.7693050798207726,0.6930764033450711,0.7227167155490247,0.43553131264573247,0.41045755576260734,0.5317428614677661,0.7262074445551133
cgSYN000224,-2.3556748424279137,-5.2061445708621745,-3.907566609232083,-1.9783519646689047,-2.8543693165566575,-3.1332039269824388,-1.9243750696091921,-2.289587452370878,-2.285065662045882,-2.242677408194951,-2.7883188033300303,-4.283425558902295,-4.481121756779126,-2.0436034838794157,-1.9164022118582944,-3.026943362312338,-3.309942515825825,-3.3474940304706426,-1.81488003390101,-2.49682396202238,-3.3742989847660074,-2.029331345531657,-2.6615346813387974,-2.1603167969744006,-2.7056600448053523,-3.457210010897239,-1.8244301323833383,-2.233831688898641
cgSYN000225,0.5100431019428382,-0.12315360324119119,0.9451691726420947,0.46710889342848777,0.8093403585338055,0.9757257902238278,0.2206338674460863,0.44742698134515707,0.272776496805514,0.294082260085036,0.19472609988418146,0.7708890999805111,0.7521895220000878,0.056896173027365333,0.7457619242353398,1.2731339584197625,0.6088686966786148,0.6533601852056207,0.4186739967404168,0.06073003839537703,0.38211902440802004,0.5163870153317629,0.7514929815436445,0.047422139376445335,0.3020541090586573,0.16950119678569758,-0.1087774343441499,1.141351270114329
cgSYN000226,1.0727398692602166,1.7727749549449892,1.4825011753537363,1.0408176258544424,1.3617241505917679,1.2116255066985655,1.2100948818830386,1.6549383139662024,2.0002647251663324,1.4893536501804505,0.8504363028319215,1.3133100037517353,1.3821186477463878,0.9615193150795789,1.3700474039217319,0.9387114914480105,1.2878761599326447,1.9389747334610163,1.32574722958684,1.3115247517904243,2.370778743600746,1.112586478006358,1.2770271293583975,1.7907221874504422,1.1815451704790112,1.7253949384551075,0.7811180202619308,1.2160685838150205
cgSYN000227,-1.4605282658728205,-2.4092188987387617,-2.928192653004934,-1.7949886424857624,-2.4441667576918715,-1.607139755746409,-2.0560177209858503,-2.2775854145143826,-1.8017599218874105,-1.9665807585534425,-2.568069570148527,-3.3974137696349134,-1.9753735977638234,-0.898538729850152,-2.7715907981924905,-1.4174973567213065,-3.4384611013897675,-2.172335451143146,-1.8458233322507114,-1.5552046762838234,-2.4026079250858823,-1.6103264626114024,-2.211124480091967,-1.4978835121769793,-1.6632448324279288,-1.7108741938210492,-1.5663053025444411,-1.7996569285054822
cgSYN000228,-3.2018607891282054,-2.4229021563896436,-2.153738000390234,-1.3527446670732863,-2.1326623651218912,-2.5529088292798856,-3.213340899459137,-2.3314249879634135,-1.8527202772601714,-2.1884405655834107,-2.687246649505432,-2.2840028849425917,-3.5083735371850926,-2.807578743378484,-2.0122601420396538,-2.0444482544651845,-2.633627026730985,-1.86340434242014,-3.7248340656690595,-2.4583564883876976,-3.068708918141929,-1.6402383221780017,-4.975171456476714,-3.0962936253455764,-2.8815399378130677,-3.6455928347121414,-3.328395957361772,-2.3899078721282425
cgSYN000229,-1.0962264517844822,-0.7707451960074841,-0.12702269814659656,-0.3049124517844223,-0.7051885225448887,-0.3497598370174362,-1.0882501317851634,-0.8388990490346686,-1.3494883263357127,-0.2931539966684284,-0.9584168643371127,-0.5789908399138175,-0.3998940997125562,-1.4648893002271728,-0.7025178346016384,-0.431479081978889,-0.2512542755675575,-0.4805810345441886,-0.848200328958118,-0.5432341053474974,-0.565342799322898,-0.873162053230647,-0.6533480567166376,-0.3279587479162914,-1.3384287584693046,-0.6035725791191936,-0.48480411623429526,-0.04963414458820872
cgSYN000230,-0.9054851263568459,-0.7655088259891527,-0.616542145802097,-1.336486145069672,-0.8603752568978676,-1.0792876906881825,-1.6367490198554926,-1.5774458235908062,-1.5088264770041617,-0.7679906959999797,-0.9539638463383152,-0.8344256290522887,-1.7526297127782262,-1.432166883599543,-1.6445274539959018,-1.7173266074942681,-1.753422142170023,-0.8028334402911607,-1.6775244299849643,-1.9759097606808536,-0.7235031375688156,-0.7943954459399996,-1.240738596006107,-1.2478440371027082,-1.3029722690663468,-1.7687504117998252,-1.689047803743701,-1.459030222161184
cgSYN000231,0.2710137009695891,0.4277921567056153,0.4399635251711044,0.32980896454568304,0.11899620585307184,0.055204966767926175,-0.24657726698031157,-0.5094657914489902,0.3385979954153934,-0.19712358416611506,-0.4080173309642355,0.5448413294132598,0.4989848341219166,-0.017817417904331428,-0.018165219885986485,0.15095699703919693,-0.11319879638357642,0.32528490643563707,0.7943971072489733,0.4992273113939088,-0.045172675201437786,0.16261283578579352,0.6047865255884652,-0.05560292840286467,0.26884265072530783,-0.24121857490563534,0.35487010156699533,0.17446212579735715
cgSYN000232,-1.0241319827333788,-0.8313587017644863,-1.3569554962044388,-0.5031765215872378,-1.405543340783094,-1.189520804212954,-0.018106833277478095,-1.662766401267948,-1.3324802886655307,-0.26765558472060064,-0.6165520947380863,-0.5228966776301791,-0.700420001367224,-0.5037395391037368,-1.9804296276270437,-0.6541300886784878,-1.800257228814154,-1.2291030507650056,-0.3945907523371765,-0.8700983542990495,-1.2848576199405695,-1.1478075312231042,-1.1364980126357647,-0.8659535785825276,-1.5431640079236857,-0.5770665903560015,-0.5283746660290498,-0.7931484069286002
cgSYN000233,-0.9996744320284411,-1.6752371682246012,-1.3256138381646885,-3.315834373420582,-1.1734614924012887,-1.1995316913915444,-1.3101859262060533,-1.819057349209193,-1.022779505308155,-1.1470238618220323,-0.8496176792054582,-2.410412777985999,-1.824073116766297,-1.559908015971849,-1.9720281243971887,-0.6108263055814152,-2.036060500499061,-0.8170478326269027,-1.9489400196432565,-1.351459232109755,-1.7115159654433743,-1.3919945101065196,-1.388625813525111,-1.4438871461241238,-1.5564661669228343,-1.860325969655014,-1.6676547518180331,-1.3945734201582192
cgSYN000234,1.044655470719388,2.070627576352827,0.5667026766282468,1.970859470863599,2.572606362108299,1.698409313647538,1.0960929387092124,1.1108601234565019,1.1676296677639195,2.0732604885117234,1.4494550363695822,1.199431765482206,2.5203742132649967,0.8783589116207766,1.0624177581749181,0.48653075287603664,0.7595463697024291,1.5710048111406023,2.112403310396979,0.8787703463827454,1.3998828874037292,0.9237839151181104,1.1377294830661688,1.688608482925865,1.338164243453607,1.4224097286533905,1.6921748753056134,1.0560582563254888
cgSYN000235,1.202171025333563,1.424743362598096,1.4942262774598207,0.9882687092178711,0.892541425543626,1.462277102533308,2.168524394405385,2.090731080238766,1.0969552501162962,1.0560613257766491,1.026114509566167,1.7363963565169567,2.651704496853045,0.9792162938424637,1.4066876670914232,2.3194997936442623,0.8415538493048906,1.2932638904303644,1.4389218891756872,1.8469610216266188,1.4080862059769903,1.032031963283494,1.3969352469461667,1.3028818736121772,1.5999703181295204,1.6944182286326308,1.266311534401864,1.4809583591283062
cgSYN000236,-0.22250756408243502,-0.39381254951437866,0.06532702868456292,0.208133768416214,-0.29469290698774664,-0.19628994580186415,-0.09248371512810993,-0.7324659731919799,0.055560249642860056,0.5474177813243593,-0.67141878815607,-0.5687135039047445,-0.033168790020567405,-0.1986072582539956,0.123378038100039,-1.0078710073317734,-0.10739115828562246,0.15693139810982984,-0.16595212670001455,0.1352623218553503,-0.3841074538479333,-0.21345854958250401,-0.22716129722476935,0.13463113206554286,0.1445043570127583,-0.2925277854056828,-1.0316582517923003,-0.5554016006875202
cgSYN000237,0.20592315822891263,1.6556479764921685,0.11452778133515876,1.3430461524723665,1.0226183628417027,0.31686134464260507,1.4595807742833977,0.7987847356910063,0.16683576498378,0.2987369510715996,0.5382526081726077,0.7377214382210596,0.5301596980159996,-0.14683782181035787,0.06081238326484126,0.7614154426028934,-0.5227276244679756,0.563140671183855,-0.3584789212092026,-0.36217992800746035,0.4719287427746629,0.3874593338036513,-0.011075854266112137,1.1239542608550566,0.43772356808353413,-0.46952114044480897,0.4174170968516258,0.8902394087111596
cgSYN000238,0.024716157636593346,0.6438290406169246,-0.004249066694024833,0.40024089990536815,-0.13109618237862114,-0.18848209006234642,0.282827967349867,-0.1995073144380045,0.3145665307582696,0.4362340324767487,-0.20539237252603793,-0.25542735169447944,-0.1835207740775187,-0.3303425940433755,-0.19246059801704277,-0.26365312547114383,-0.4887991955443489,0.5759632710766835,-0.3068162593109126,-0.1586832018192646,0.08674773837211468,0.3648651265873927,-0.18281505330978648,-0.4174353055116596,0.16724664475557138,0.0400337381890381,0.5404724640646831,-0.15018185374400492
cgSYN000239,0.36868680137538395,0.3630020501015237,0.13458464735513856,0.012869737983165498,0.47664959479111124,0.6645007111731452,0.6090959745668361,-0.1299740939125073,0.2673068528707657,0.7457709160284864,0.4945563010700474,0.39224782404471625,0.17013272490044906,-0.18794478055311686,0.33114235194816116,0.2258267357064947,0.0003952340431789935,0.3672480176671441,1.0383653327311628,0.27942586488194365,0.9908160547876663,0.1999542416057966,0.9003649090148997,0.017413673784836787,0.11842922887265141,-0.08905590216539476,0.6862471299638775,0.2046096181561642
cgSYN000240,0.9155794114342419,0.9130072601977671,-0.04020546364339224,0.2009186929981534,0.18342651704450377,0.5963636419981396,0.11417806726185155,0.43738797542117963,-0.5004641033914258,0.6420618793357316,0.4294717620334846,0.34791066899790307,0.28342312962327104,0.472019701242658,0.5065267872878745,0.08686319298904598,0.40473081525654253,0.5858793813456409,0.6313528030872548,0.7204083171897652,0.37136292537063964,-0.08691877644781307,0.5348212902420185,-0.048598647015872236,0.8769932517472141,0.13273875099594645,0.24819023610672922,0.835961282202165
cgSYN000241,-0.8143243978169915,-1.4921611082944433,-0.819422149051781,-0.2625609168610802,-1.3586144857069706,-0.7307455349822669,-1.200275529421599,-0.8831469533825144,-0.8431416834850456,-1.960491411489633,-0.8205656753752838,0.20871393772862282,-0.34438809735635717,-0.4035679845377613,-1.316223256591167,-0.2527422628310586,0.1307785795629379,-1.1206232237218912,-0.9842772115102826,-1.2222347902102688,-0.5586520921353682,-1.7267351416085794,-0.19042545442761297,-0.5134794636032427,-0.5675559042942974,-0.9277371984847176,-1.365191608277097,-0.7273296406131413
cgSYN000242,-0.8355422967704437,-1.7091197066004333,-1.2679495555618443,-1.5113139258554855,-2.2107355259441,-2.023356485079468,-1.96419890389369,-2.3117149747458723,-1.9505019528666914,-1.8573513957241603,-1.1330530489905974,-1.9481881696858094,-1.5457102654220956,-2.4474934906089394,-0.8551346098494323,-1.0448194152832049,-1.503027896657304,-2.2949186259738377,-1.6813242259273962,-1.7449267712605219,-1.4007556730107924,-1.6217286332005676,-1.0983934184226918,-1.1411329232963516,-1.4681561922469544,-1.630201998784466,-1.0358114496279118,-1.2568092253725678
cgSYN000243,0.06902428905339707,0.7499162080116861,1.0108812630899204,0.26854309029570583,0.8665984008600935,-0.08461701406587473,0.48104254357906345,0.43565287074219594,0.1864960956431942,0.33661602354063375,0.04542072153432781,0.4290465774024562,-0.003597451929091672,0.05874754272350701,0.7597399577413745,0.44888739929438937,0.31815691112250094,0.24385246733354105,0.6605414476524962,0.26824514228434493,0.13084964828836604,0.018725810060832147,0.739987525721994,0.833105585642906,0.35898450474760996,0.6610484881567164,-0.03792056773172678,-0.05596580286550188
cgSYN000244,-0.025379520708122827,-0.3079701175899525,-0.4342601513099049,-0.5392182564698609,-0.43558444845600813,-0.4478801528861316,-0.7878948541436309,-0.22276078991950052,-0.5596554620548848,-0.5892820682056457,-0.41366865850984574,0.10192607033251161,-1.09128963688257,-0.35876566336611315,-0.5645317669487163,-0.2710672873763048,-0.47774569095425723,0.4626458452670766,-0.6628372915695705,-0.41785142014257376,0.2606541697678137,-0.09473620591372632,-0.5091961807708172,-1.021138607383607,0.3496223988874902,-0.5503077278183992,-0.24587859417262437,0.04575117057616408
cgSYN000245,2.050522455596204,2.031018435033849,1.4672397310156216,1.1296188027493896,1.6394797117268791,3.2359730098325135,1.9650401324949707,1.8297300688879223,2.1840407666250554,1.454354540055197,1.7694553401689221,1.4106250128713422,0.8086433509810191,1.346881511280322,1.3440777149554595,1.913969130681514,2.5290280195779675,1.2841846809237418,1.417585512661837,2.211162425231911,1.2275744422637247,1.5020868472050894,1.6851415745374345,2.3307491681681047,1.455378845887553,0.8915554616721363,1.5853877347985097,1.3274254705848554
cgSYN000246,1.265427102264762,1.0959784408544342,0.020388974956759297,1.250755909477121,0.7250901083162588,0.7844944209836737,1.1920483873071201,1.1427639631422088,1.5764205002220189,0.695789116495,0.891543803786822,0.4663740419290946,1.698793567988348,0.8268943990537423,1.1277123747320796,1.5899099622603063,1.6668015001511882,1.6412501463940046,1.0979946555408322,0.8027374691856038,1.6340985235091754,0.7661316315294618,1.0097782877357162,1.3519356324373042,1.3492915103182312,1.0041162591086827,1.837036272373891,-0.005307954347651756
cgSYN000247,0.6509342317682697,0.5169955648702153,1.370189416591685,0.6586764170871023,1.0487976248972264,0.870407263657969,0.5253363844639969,1.0485457365875996,0.38040941901577835,0.9268817835695985,0.7158083836873391,1.6526915844934766,0.7809341198094654,-0.00865736534662005,0.6551610282355701,1.1617356887022947,0.37904197707566645,0.7062246326157138,1.002196982973276,1.4753467317545903,0.6628735894178578,0.8469884585596316,0.9312618662241732,0.6337620584312909,-0.036871988935942776,0.8210025480132346,0.5280955526042197,1.4651500622245113
cgSYN000248,-1.616682157469125,-0.9167909541174457,-0.8913573963727126,-0.47000185801788447,-0.9132036538300623,-1.3637157699250704,-0.4098550559301003,-0.36147630049982693,-1.3088055396657527,-1.3242253792854897,-0.01164780008538374,-0.6918027791839234,-0.16051233558736655,-0.5957354700954997,-0.5581360194206844,-0.5812050617492249,-0.44654890567325173,-1.168265788403108,-0.869215423066503,-0.6543696779030849,-1.51173554409513,-1.0755561577734596,-1.0386300546851082,-1.0181284746396064,-1.1823696851607328,-0.7849271129469889,-0.24604166292212665,-0.4918746011667214
cgSYN000249,0.8253977288657071,0.34934514630723523,1.1803197472458697,0.25445384611318284,0.7058710552089873,0.0005167907173606101,0.6684141988344804,0.36390872010899394,0.6324499031469767,0.9473490249616529,0.2943549209236095,0.48144264470724296,0.16741947379722483,0.5355565667528349,1.253672350544137,1.0193518551490643,0.0014988397944293906,-0.12842104609658733,1.2395905001626257,0.25939202022492536,0.7349136526446496,0.9048969416243036,1.1626391413696413,0.3707989991302007,0.38166703801422946,0.22636279595490189,0.1923642560715928,1.3693870196033475
cgSYN000250,-1.0588593836049767,-1.2004528029094848,-0.5910113267766037,-0.16082371147602076,0.18413127443995775,-0.17803783195361955,-0.23893491568134256,-0.6712775266892073,-0.5654450554716538,-0.2876961717561355,-0.1379928794488703,-0.5862539175506294,-0.48770305711404294,0.06360913960683368,-0.11708777044708053,-0.08311267760567365,-0.5967177633979157,0.018805622464249085,-0.08176956038318706,-0.017769741521290672,-1.086040153018114,0.00922483443622832,-0.15037850739586583,-0.41260912715505843,-0.6376027816055617,0.02342374604855982,-0.9662701006869775,-0.2707025092443879
cgSYN000251,0.08568342806507773,-0.5041338246668847,0.07400232469427173,0.09019008227339462,-0.5425940158118335,-0.3074052229986761,-0.3775617410415596,0.21245623210835604,-0.914486667795592,0.5956636747308237,-0.0948043032419136,0.31761377127356427,0.04363289860076676,0.026249654736725463,0.4444086659270026,-0.24295257788476018,0.6538381884788319,-0.2964905746013889,-0.1657554786913439,-0.5787806047338487,-0.02430289029811189,-0.3619068682079039,0.5950877212316409,0.3610681420392986,0.011116738996970294,-0.13318958294663819,-0.008289247295120553,-0.6075599086179094
cgSYN000252,-2.071369826172713,-1.15773392374039,-1.6644736552623827,-1.3687136198113767,-2.4986622903599858,-2.3216497329148647,-1.4897058379880166,-1.3552899390025275,-2.18111865092458,-1.178718029508686,-1.3804817214333536,-1.9883799510471594,-1.1494178878534154,-1.4084026120000495,-1.7794885280278396,-1.5727765394571416,-1.5030106769639653,-2.6281237643112196,-1.2387723788200085,-1.5467148411828915,-1.4133983105641827,-2.090646230243274,-2.2649961871779634,-1.9478137598375784,-1.6112586857432696,-1.4073617725939636,-1.8533667790428,-2.084045027209798
cgSYN000253,-0.2842640632123569,-0.04477111258625458,-0.21735246182435017,-0.41823625685529897,-0.27188577977385303,-0.32600640347014076,0.011143602094972468,0.16727128079727555,-0.2027699116522281,0.16091525187143435,0.13150265902529792,-0.10238207026230531,-0.40569258230604716,-0.20566510127441007,-0.3820807918083779,0.060045453217822196,-0.18067291714993355,0.22931520306136097,-0.15872806438135575,0.3875999324173929,-0.16816503595155416,0.09120218609156318,0.23658758188126267,0.13479510986913512,0.3546152238697396,-0.3830269478531795,-0.13657536615264676,-0.03289699987775947
cgSYN000254,-0.6187966913232874,-0.8854344699689626,-0.6707646414791641,-0.9701152523767058,-0.2190910434564595,-1.075562723143851,-1.382556577740767,-0.3057559943241628,-1.5869907466252786,-1.4364784044217145,-0.6128614006785037,-0.5493767524977142,-0.683922108840608,-1.2357063195739966,-1.1724284620794383,-0.6134851583769821,-0.7379691273600348,-1.0933171230311007,-0.8376171489157572,-0.7637724115167723,-1.057597854351927,-0.9200215462509852,-0.676985595547208,-1.2923492506365855,-0.7852616642786946,-1.0468685786022658,-0.9438894081934704,-0.7051877883073421
cgSYN000255,0.7357332713541038,0.623000001287228,0.5134223851660394,1.043221754264287,1.2431350840768074,1.322777043461573,0.7792118602586148,0.8574754284372307,1.175059896805882,0.3930983402800403,1.2528631020520182,0.6361461937677925,0.5444759477448133,0.16416801232193595,1.294135912178194,1.0499977546159796,0.36647977103950874,1.2865086101616536,1.1043744947333682,0.9020573372545538,0.9624207365962087,0.1638007521784115,1.1755754041212922,1.2295495216581347,1.295624809027103,0.9450294379960292,0.9069206210842521,1.3095940403325188
cgSYN000256,-0.7618857861738328,-0.5150207340572651,-0.5098231463185376,-0.7003395223278638,-0.5315155920565904,-0.34372554745914885,-0.37902095693469656,-0.5350667540907131,-1.148857045651855,-0.08069465555490009,-0.4848443209011702,-1.144692788824915,-0.3309123416472109,-0.2173828421830202,-1.0654814724621287,-0.705427100919832,-0.748499057862319,-0.7784879565422468,-1.2187849379507096,-0.2271117986632176,-1.0540824374734938,-0.9689509834596163,-0.6124916431228694,-0.6189873425644508,-0.43022414057830655,0.04656283098505014,-0.5666790247395841,-0.9799666766998432
cgSYN000257,-0.07308178124065505,-0.17697303245437013,-0.19669697561539515,-0.47211193705347515,-0.17852522001828205,-0.0199349971379175,-0.6759315651748352,-0.7490181157001756,-0.3477395479756319,-0.3312016701460181,-0.3803992847321751,0.003684557133743862,-0.08852039834441724,-0.5438124483555882,-0.3488129247018685,-0.35484463013125533,-0.1759989283478337,-0.35729375586935497,-0.3785260328171481,-0.888484405309708,-0.39192887526247877,-0.36809017151068585,-0.1376274667672415,-0.6146696532060626,0.21442882022327495,-0.4767905709664256,-0.07216101599823693,-0.6268866750286205
cgSYN000258,-1.0929437341307644,-1.5932625261452824,-1.2088246100779703,-1.5238725396985202,-1.4267611851680722,-1.3426602006378938,-2.071941041153231,-1.1909150425894883,-1.2509151596827592,-1.1535461388465404,-1.265049719903194,-1.419121062526815,-1.3253414284482972,-1.0110183322868564,-1.3249351880305649,-0.748598881069987,-1.5019259221615016,-1.6563265029615433,-0.8957403820177444,-0.7519052869495437,-1.1984082171733268,-1.1309486558188608,-0.9375398320253461,-1.5206853347079594,-0.7755473400132274,-0.8550514440760033,-1.707650854013524,-0.9849519215864622
cgSYN000259,-1.530799770003809,-1.8470873215844514,-2.270910009124123,-1.9224108592970077,-2.639483312567603,-2.4988882538391732,-1.6805755256418697,-2.07583577785636,-3.328346670331221,-0.9584510590337313,-2.2203906888892506,-5.257564831181496,-3.1406387735936274,-1.5843505992646814,-5.750184656365557,-1.5200655645074128,-1.7578367663980414,-2.258310566317109,-2.2122258495036027,-3.1277364111148906,-6.257122455447864,-1.535378850018436,-2.0648235051147634,-2.8086844699649625,-1.87096832230924,-2.5280138147247118,-0.9327720758634892,-1.9819656154666738
cgSYN000260,0.06570416086565199,0.32269582921393636,0.7952004659701469,0.7007084053406359,1.2306923626247128,0.2661995598581056,1.011202957342297,0.09110983800104347,0.3282702750031079,0.6409832560754515,0.7453943167445924,0.23531848593402205,-0.02803178349373113,0.49960604399422126,-0.3601527314807914,0.701124818727935,-0.08268307755480876,0.40586648879060455,0.07022584569938244,0.9185712785498081,0.27815165919941587,0.8047069953378589,-0.20607050697407403,0.6053250895671929,0.9140095181838858,1.1054899523261643,1.2128851165082148,0.6566612160810681
cgSYN000261,-2.6730322340702717,-2.0755260457767934,-3.3244622310764727,-2.6012752794648843,-1.899730057238104,-1.5918777204300527,-2.6351606758116612,-3.086157767033969,-1.897199059657323,-1.8772738493506993,-4.942045300418574,-3.350367534914894,-3.139773341127818,-3.83518913547325,-4.327676605714758,-1.8872453093393073,-4.734436309565522,-3.0125974624022755,-2.061572424827087,-6.6293566200796095,-3.7100839579568414,-2.332793077948968,-1.9703714846987987,-4.267169955441492,-3.4957377054378713,-2.100841422937829,-1.9625930678057808,-1.1739463230802412
cgSYN000262,0.2833759656233108,0.17975568713062018,-0.6507910981113942,0.06877446232321885,-1.2922239483327158,0.024418228834675412,0.21219909837446452,-1.1573919106250963,-0.7720977826958841,-0.39948542893365135,-0.4510157735242159,-0.2239955901747424,-0.4058478139931431,-0.6282137764957454,0.1500859527957321,-0.15588538532020785,0.14272446706326258,-0.56723852908226,0.1805058021962688,-0.2694694658520275,-0.7339794148778664,-0.21699776596022655,-0.909272431045855,0.020179426558139472,-0.25129374641704594,-0.06423624335236418,0.3775658386875773,0.1126191342006167
cgSYN000263,-0.6081604705822707,-0.029067715730995695,-0.7314343106981409,-0.292111131322058,-0.6308105615947792,0.5239251993544835,-1.2952172730681102,-0.19257633979908167,-0.5177779637162913,-0.4546412979327671,-0.45529510705372256,-0.3976902972918178,-0.52880057773646,-0.926643008581952,-0.6036144109552514,-0.1348231281199582,-0.47079462576725617,-0.4391473104752678,-0.14285073709019638,-0.22284155271594647,-0.12507582709917836,-0.6712110419925703,-0.3488763787827519,-0.30303004403299566,-0.1673220983679101,0.7630964317785602,0.2188367484393963,0.2502636277138978
cgSYN000264,0.7452189248887507,0.3571461464098576,1.3881436155292057,0.12207915692424971,0.809016790788885,0.9737755812961635,0.8234945061046516,1.155737465756975,0.9496243682631028,0.5658001919037912,0.8299014175858017,0.6938633072200675,0.9826152906085243,0.5323592985618831,1.0241690922495243,1.3140151161566596,0.4113640575468227,0.641862731412419,1.7996068206609723,1.3169512648874206,1.1709705412761637,1.1276777808826695,0.9107621129866887,0.3161362294190703,0.9012131355125214,1.3189358879957436,2.089183194459473,1.3196172287453365
cgSYN000265,-1.8854771143264146,-3.134381853787558,-1.8772856802818985,-3.0354670475270225,-3.9280822405574183,-2.27611473332943,-1.3809434237973486,-3.1496170599244016,-1.9870425633692657,-1.6417292137835242,-1.9811260033245326,-1.9589086562270883,-2.8353199996614755,-2.190968974684408,-4.402169911481062,-1.313639970293345,-3.9604682282622132,-2.5413632315669643,-2.4968574045357896,-2.2114657215390223,-1.5798259971683226,-1.660723264091755,-1.7671771337433324,-2.2996480467668126,-2.3419229299572906,-1.862019154322056,-2.2395233469330385,-2.0765023501177584
cgSYN000266,-1.5675857585499904,-1.4374466091243996,-1.1447304198572532,-2.2675945916428555,-2.320893446254707,-1.8044724731105413,-1.4736045886594695,-1.0964129096649184,-1.906175789610696,-0.9919027470672189,-1.9826077931468127,-3.43250268981539,-1.7054831869640714,-2.049201421134676,-1.6584765361799727,-1.0814452489189927,-1.6684438110591784,-1.5526188308571156,-1.8088861482841825,-1.6489690874782639,-1.5539920807917342,-0.6397556181367378,-1.632694910067751,-4.002314164018843,-1.5876572565470248,-1.2252816926464283,-1.1095854515143855,-1.7060455187371903
cgSYN000267,0.6928530622842848,0.8706241669307989,0.538361112802327,0.5069549239166191,0.6037927638896612,0.8251351273710826,0.815574481826968,0.034979986882111735,0.9657606376913273,0.8007334264636415,0.4663338592603932,0.6733143612352032,1.1755891380456431,1.526790126917866,0.8191701178932954,1.5048881898311424,0.5157908936386647,1.290272673985332,0.7163921945725101,1.4955344139096212,0.778739469596522,0.6747837943268408,-0.07855603712903207,0.4605922372580215,0.9397909995496867,1.007158586528549,0.6813970690600648,1.4600385370977986
cgSYN000268,0.8217955132440012,0.7049126843613809,-0.025646357548676,0.8040435003810793,0.13116777985231468,0.3456818141326777,0.8874108284316828,0.9015670248582993,0.8273536594649217,-0.07241474766244592,1.1989726863553076,0.4040413814330536,0.7326587809600881,1.1545364873731396,0.17929676116075097,0.19621450036660706,0.9113623757182885,0.5199401147063539,0.7830456635708223,0.139279508421799,0.7178982947138621,0.45278283247654666,0.9494041555510938,1.1575678614164104,0.8313485744512712,0.30734223844592096,0.637474787662982,1.084432274051463
cgSYN000269,-2.444564663780051,-2.886796536211413,-2.8815928078121194,-2.279699561668306,-1.993957910656808,-1.557256169640445,-2.48150934081056,-2.4881969872282332,-1.7807960322097622,-2.281505317790135,-2.6787979501109835,-6.366054313246337,-3.0003323206059553,-2.361881496910975,-3.59706072186967,-2.1434689996691105,-1.5638824065718742,-2.7851980165708223,-3.6937576681840127,-2.4288361730887207,-1.8685550986140527,-3.141917254288977,-2.0802928971813963,-2.234966507890727,-2.081316911739559,-2.1628512477205293,-2.133295097219988,-2.41792807576443
cgSYN000270,-2.3252821728653643,-2.080527859034075,-3.597435455615583,-1.7283755352583474,-1.9070227872060908,-3.5322082129946692,-1.9411395878667983,-2.710463790527697,-2.072119988017286,-1.0750070082408103,-2.706603471904543,-3.191291089822762,-2.0607710699726556,-4.035945468434216,-2.0397044862685365,-2.0630337435195942,-2.2884793479087184,-2.5191373972784405,-1.9911611318353977,-1.6037403141502307,-2.5530062446105037,-2.7088899444663297,-2.5487334729767603,-1.609981215887268,-2.504846817105217,-1.9531203607883885,-3.2568905951700295,-2.345630272173423
cgSYN000271,-1.0884567750314158,-1.231260155300962,-0.6712759293766424,-0.41322097123460244,-0.9680134104846703,-1.0715857164343807,-0.22349282799557937,-0.7028812492066179,-1.0804973755637852,-0.29270580966914894,-1.135475052149554,-0.6460380047911357,-0.9725611115626325,-1.5364725896326805,-1.1444962516114934,-1.2857238660845642,-1.1145216877532853,0.2140255092163951,-0.8270769339663282,-0.4092318152498068,-1.0044628709307888,-0.8474228147655273,-1.5000999145674894,-0.9386823249174701,-1.2745767892929152,-0.44572301987763946,-0.6648304011516035,-0.15206213732440724
cgSYN000272,1.2925233432862993,1.7616222650374176,0.9175251221788814,1.409165306558535,1.093705824832399,1.5709802091906981,1.5091425345780596,1.1865345592128484,0.9553229550158033,1.240324089440073,1.3825353456704552,1.871657520792497,1.4091825442716541,1.2115961221772888,1.7291266225435993,1.0669561889428612,1.2587390428235292,1.4034270141044403,1.1071706628734668,0.773895479077087,1.3082137604510873,2.190423736600616,1.6018792310039378,1.4661039141176124,1.2391117905181248,1.9649716254401657,1.158983978128258,1.789623465167564
cgSYN000273,0.8907171113176094,1.2557904353408635,1.9339205244985136,0.8482947552155325,0.2106744803864927,1.0967653171150333,0.9463279412296965,1.0975224952476235,1.5581060918172844,0.8907941377460463,0.843101628797879,0.6948818908778674,0.8262126444411841,1.0659860090887086,1.641440712612913,1.032395558785181,1.9864819199259118,1.6172301864204415,1.8488955238322156,1.2279066229316575,1.294515348082864,1.1128173603653022,1.2816860502489094,2.108830316408315,1.3805545069428342,1.34520837479904,0.9976030156893053,2.4718841238561295
cgSYN000274,0.2134665206409715,0.5968180554594584,0.34936161846570885,-0.03552835410593707,0.014440699206396684,0.4594490740780633,0.01763713379638656,-0.3731273191655511,0.7340492748850698,-0.15729946684116664,0.20466068920618244,0.3330404416737664,0.7214553932895729,0.187335487199323,0.02184599865371364,0.5199433026116477,-0.30916221789894777,0.6779400545095764,0.18863842783306134,-0.04242666315179735,-0.6382626916260064,0.06883683440943007,-0.0002838008543981231,0.30807729226284913,-0.27451039290023643,0.46025447789642415,0.6288684840452153,0.5173216941535634
cgSYN000275,0.02831796633664223,-0.5921016308850533,0.025937916289052454,0.11697351358571198,1.0550933853663451,-0.009133267494338713,0.9495345885832106,0.04377839205739624,0.5035903020145722,0.6289873416428318,0.14696235059557106,-0.12567038611668355,0.24800814699914572,0.47599654928436425,0.3223574112866852,0.42124141442405116,0.21659688528545162,0.1696811613318649,0.3627764314074923,0.24662437675146662,0.29171035806446055,0.5388577540950231,0.29822244341644844,0.08990285711909445,1.0186124014070306,0.7005679961732268,1.1635127504934195,0.7103586807531275
cgSYN000276,0.15753215069078455,0.04385797598621424,-0.5466348543594168,-0.02544555276287534,-0.19888857298940069,0.02878905026107109,-0.7577938546030475,-0.2642468965179449,-0.27614872872701074,0.15652695723384089,-0.5780501990708318,-0.031011095657631584,-1.0207550646939563,-0.25651649081013345,-0.18788583891953164,-0.16329594330493938,-0.2984842214504655,0.38243211923649084,-0.2892870487634976,-0.14235656375652334,0.25195615231388696,0.6486977943591018,0.28294503950922595,-0.6319516900800127,-0.2593825861456485,0.4137351193436831,0.40647257806080983,-0.18288077960476498
cgSYN000277,-1.5521426277153434,-1.7074226615568955,-1.518488061806259,-1.9328556471753402,-2.39131345617713,-1.7676663447882737,-2.2728713681951307,-2.166818688633079,-1.399888882618951,-1.2199198132578508,-1.426177273681854,-2.121798874879734,-1.520394349350025,-1.9689286174929654,-2.05309562192883,-2.0968870416771,-1.921434870364808,-1.5271449364200416,-2.7218506338656927,-1.3435975476926978,-1.2514650498127116,-2.9118595023346163,-2.108314800817837,-2.4705262108454544,-1.6298770878603694,-1.0045861652744477,-2.031917225115685,-1.3714644783970038
cgSYN000278,-1.2651019564124695,-1.445238587255895,-1.5525907663591607,-0.8480360224538696,-1.664601772408426,-1.4017942264543164,-1.5357379828792208,-1.0500492950575218,-0.900610429860506,-1.737407087674231,-1.397245872472988,-2.0866878760355467,-0.5976199654456504,-0.8905322037837532,-1.354714953898463,-1.4432658731002812,-1.6312428128465624,-1.2104371554565232,-1.2047278333656306,-0.6554650399383529,-1.5740761431765817,-1.6580667979454482,-0.9513376496980307,-0.8957455387836424,-0.8855817911638446,-0.7132386120608389,-1.4004825775625376,-1.1397403724597925
cgSYN000279,1.555149619258426,1.700597331213236,0.8707983660825934,1.4889898869861207,1.9428223987337305,1.4275735079679543,1.565022388300191,1.6911972523985637,1.5634786458519223,1.2756031608143832,2.0545660172154236,1.7154721138054367,1.3510526533512917,1.9944634274730113,1.8382898454125862,1.6919177409442452,1.0857898599764362,0.8967415743467819,1.3112559705441553,1.9476930273374138,0.785179468415332,1.3219607457828357,1.6890403414577824,1.14282232559966,2.499530735023552,1.761109048414762,2.6409026205595842,1.6228193296636069
cgSYN000280,0.774262991373656,1.2906992492724723,0.3660591708956643,0.6422430489689808,0.6959297405642632,0.06356446753081295,0.69004776777306,0.9441630361451236,0.3296496094263189,1.3761814747763115,0.9563603942951485,0.6851182892263282,0.21115833302911563,0.8038731408462162,0.7194242539654881,1.062521995715731,0.8493139933150164,-0.04374351713719015,0.059138813212009665,0.6571260855401704,0.6273766522262657,1.0797384584409433,1.2853609679672424,0.8094480293216607,0.03774679516512134,0.9533168064456248,0.7016114912285375,1.018460735817047
cgSYN000281,-0.32273573741705536,0.6688651731568869,0.35148129283902313,-0.09687778615118248,-0.17959529044041764,0.045574432944461875,0.3784752863955436,-0.028242470452742374,-0.01287071942464107,-0.026959210559196353,0.6938328556356207,0.3417934284506945,-0.5932926874694201,0.4400776060028306,0.3862894832358058,-0.5111365126760866,0.5790340007748195,0.16107399045054027,0.2584759966144789,0.198527099641997,-0.10997783440527226,-0.2162931323360417,0.2851376016525393,0.0558087827611455,0.4744560856754031,0.327897950735137,0.18231600601902423,1.0069231964702023
cgSYN000282,-1.3934117538394333,-1.3465264590904866,-1.1973534156466505,-1.7633341746795193,-1.3640494647520083,-1.5085338992182291,-1.8695058293421527,-0.4039029445307913,-0.8602723265719762,-1.4492208402765618,-1.1599040193120271,-2.1132663383967083,-2.1354052289560803,-0.9972791717089822,-1.0956882809872721,-1.3391351966770364,-2.109239478213543,-0.7438517789910195,-1.8507689322279575,-1.3748293633631654,-1.475410357436962,-0.9362877715168573,-1.5892381486113356,-1.7136862950339051,-0.34401047536320534,-2.1652898989591103,-2.695916613523275,-1.1970148710180164
cgSYN000283,1.8273227028374763,1.3361103832131913,1.3286375191535218,0.9046423424076288,0.9768065680462853,1.9481755651867616,1.0444678210628968,1.848760510966747,0.9207804045538579,1.1075032401334919,0.5808567770626363,0.9469329583689179,1.2181520022856895,1.4242885451118767,2.032211735023007,0.6663739581152781,1.85609809688129,1.5070184610159802,0.8953449708963775,1.1863964413555064,1.2315941655899016,1.5044883641654536,1.4453899693227836,0.7598146086325063,1.1846026500469575,1.2836178517689534,2.4389823555297703,1.144160375993453
cgSYN000284,1.2785052085458235,2.131792661447444,1.2724214426565374,2.120515561852056,1.3607432406337052,2.200285766714787,1.6918396246536276,1.653904616925652,1.396665083457837,2.6342187699005453,0.9108693032389308,1.3597888527834265,1.7069141119014821,0.9059630512631104,1.2738289115799462,1.7134921845424398,1.0049593532387555,1.3463638530718125,1.0451634238013041,2.0544267105128173,1.9206016120895142,1.3440936549475162,1.7593886786095077,1.4947462123221973,1.3505325405224882,2.273762227107276,1.7221457216442564,1.5682888009363916
cgSYN000285,1.9495143820730825,1.6007178127621993,2.9288280106548013,1.4355529317160243,1.3204025942875148,1.5538277888270204,1.2725043151160074,1.4828934140560561,1.7135591095736948,1.6560140264359255,1.7494172670229955,2.0533505388623383,1.6324593188932477,1.7503338291463573,1.1937983280827886,1.9373524106464273,1.8743427873282166,1.4812580918712044,1.7486404920835412,1.18440831236145,1.5123505736132163,1.3279774384535168,1.845634663417188,1.8967677552292825,1.9081795706490896,0.508334360827512,1.8817791583858818,1.2657835867191534
cgSYN000286,-1.8696504961547573,-1.3772970085534522,-0.8700774377816723,-0.9176466905166255,-1.2694274699328985,-1.503699739135851,-1.4529231929412971,-1.4104492728526978,-0.9035103239750454,-1.0298672450410074,-0.15001215801086554,-0.8423585694724075,-1.2855362176595584,-0.631930267967235,-1.3168797548626507,-1.5363389407478414,-0.8295936921925134,-1.1192700428046343,-0.7334330199826914,-1.2197268741762184,-0.792159630795939,-1.2774777492196878,-0.6950551863339098,-1.1323765346801262,-0.38689669778740066,-1.416160693307804,-0.04813455306518912,-1.0665344960185723
cgSYN000287,-0.3838022489995998,-0.7783400183898912,-0.3922518087312788,-0.15555124632402711,-1.1835190115476764,-0.5200661330639202,-1.1239035920155156,-1.0570011295099648,-0.252969369592464,-1.0106182648772108,-0.3405631120531055,-0.7286819691119295,-1.1111978078866807,-0.782739103843828,-1.101598067399835,-1.3645068756594514,-0.21881968763605344,0.04440757513463267,-0.8527097619048988,-0.7451385303420051,-1.0086186791800538,-0.551309347592458,-0.6630495474665346,-1.0115162634477826,-1.035572097288497,-0.8755208770760823,-0.43709142608857143,-0.6208377065453426
cgSYN000288,-0.5074587262503482,0.009469651004609385,0.03163378348804901,0.297816492213721,0.549210836702222,0.7298451051864029,0.43503074656869645,-0.08311397647616615,0.009875656971355307,0.5528993677160733,1.129822892451518,0.37718805309114706,0.26745382343901586,0.24407660261032452,0.45603571379680885,0.6536557256252244,-0.10798424839640607,0.1879654306183806,0.31085922753704864,0.2680442826329022,0.19406788628124286,1.0096165105069257,0.780248637050544,-0.3193488473550652,-0.20159556685941257,0.45414823059771464,0.2460882469016902,-0.1850338478564773
cgSYN000289,0.3967962181252529,0.17237658355072186,0.735334153728867,0.3230373985199266,0.22341960113842319,-0.10908123821970567,-0.020267608248173728,0.0680958163002779,0.16856042148650136,-0.02288037878132199,0.13285697044032338,0.35481833442024624,0.660647067676598,-0.2427754823625997,-0.1503021699147893,-0.2012829122821084,0.21429277224148383,0.2701921858642441,-0.21958226178320253,0.8354006984730578,-0.5622336885349342,-0.021804233311239346,0.22971337027894143,0.466425891062323,0.5529884980070605,-0.4375628046676833,0.044648257899353824,0.17536024514098286
cgSYN000290,1.810205515704899,1.7613345570130932,2.1120981296254016,1.9313256903357474,2.722013419009408,2.5614219292573233,1.9120827986566729,1.7186080817387683,2.4940688055502913,1.5284770682781363,1.9143549073910024,2.012337851317973,3.716251769310115,1.5536067511565446,2.3161800635452954,1.7311635400166874,1.4438840462280664,1.7884478613844401,1.7178120017409595,1.1026982217255228,2.7193915072960344,1.5706134688520954,2.590616798848917,1.9285468513330666,1.556457654249672,1.7707185413224598,3.1998143465123983,2.887687847902284
cgSYN000291,-1.9388154906109152,-2.815920724942379,-1.3268877175954532,-1.2632874949851733,-2.5284389850415874,-1.863700074117559,-1.5405662491395697,-1.338461533243594,-2.5273454689549992,-2.4200685649062805,-1.7833667313447852,-1.7109331385595765,-1.8718254017870792,-0.8249337321231338,-1.6605837000811108,-1.443085265338061,-1.2660693635632425,-1.410327422587687,-1.027516042638605,-3.404585920721707,-2.3246406576350096,-2.2057457492873676,-1.1636015162151196,-2.144144196938015,-1.8974546150667064,-1.4170378654600086,-2.3418476119679164,-1.6207790324967253
cgSYN000292,2.103262109316549,1.7554783985429676,2.107943729881206,1.4684372330380004,2.0061305012727453,1.2081118755840148,0.4896373818953139,2.953840471764023,1.484819380039476,2.1681016435293348,2.4807239652241524,2.3582418894791455,1.4179271647817966,1.9715016615291578,1.8844756857466114,1.4888865077261233,1.8584414357770278,2.688944708470934,2.197633268086901,1.8484913605423856,1.2404868490433598,1.9469039948273337,1.4112871876432591,1.87151171583627,1.3533412033328271,2.0763370598886857,1.8570905170241037,1.4270055058638225
cgSYN000293,-1.3203328972775783,-2.139114330136971,-3.0459769435403294,-2.3948971664232532,-1.4354044620974167,-1.9873869713064725,-1.7058089608988245,-2.3909049393971054,-1.905959427465007,-3.119211041803516,-2.5458505414266432,-1.416641183049739,-1.7906903129249088,-1.961227626711305,-3.497977310079326,-2.8861904626436616,-1.5180597315102062,-3.2918573434102463,-2.130545194198583,-1.346293354154164,-1.9978517290933115,-2.5784826691480918,-1.6422722762134792,-2.1950304923084833,-1.1850682891408324,-2.596099195520753,-1.8674601870952867,-2.3383784374650736
cgSYN000294,-0.680239423328393,-0.37006464880523304,-0.9736789997430297,-1.2574252353783784,-0.9817543630361236,-0.109025234640553,-1.0460144712407926,-0.6255517291512149,-1.0382997108994574,-0.4047491358741453,-0.7845721752217715,-0.48009771859598205,-0.3643859444182332,-0.8195152518120822,-0.880829360760883,-0.8605409581845083,-1.2976500092959218,-0.9639611482011384,-1.2412715806908396,-1.0999270050986973,-1.1133663398394618,-0.9303685776285275,-1.3815902810146357,-2.9394788465906054,-0.7679917648139285,-0.9263548951433174,-0.4645567876352369,-2.1353286050882714
cgSYN000295,-1.4133643819614783,-0.20612472348376415,-0.43051473901834286,-0.7446748625216786,-0.6620955515367438,0.010069822673624858,-1.4554150564275528,-0.4649543880120403,-0.6028081058460936,-0.08793145037080853,-0.2692740424353125,-0.40210388856224594,-0.5522509793366068,-0.6584046043676093,-0.3144115353084315,-0.5254394560204457,-0.5817580587492357,-0.7361087246464074,-0.2639883415543511,-0.6027719614137401,-0.7618925700360203,-0.5480966486982762,-0.3555733248446595,-0.7766413347382222,-0.5450836182811485,0.20204948989324212,-0.6676777658498555,-1.2879831310899266
cgSYN000296,0.816018846157935,1.4044280199140908,1.324337943068483,1.1727334307029238,1.2216924947352337,1.771187039533225,1.6317770474654067,1.9159123571151588,1.5165387567186723,1.1620223349806034,1.129085269236698,1.0397979655051708,1.1087155627201764,1.0163005112112538,1.0483149470165043,0.6162124822329268,0.664359575707608,1.2830471193839106,0.8901032181946003,0.5207782363158526,1.052764597587314,1.208578879807806,0.937837008448018,1.3667095018898179,0.7378031973043027,1.435056916882149,1.7222585886001343,1.1798752764588507
cgSYN000297,-0.08166639506077675,-0.4167046871759045,0.027651034845923534,0.529262271067418,0.10049001607824685,-0.20273970133977817,-0.07541204012817287,-0.027296154657545035,-0.3739832420912982,0.034654828110171114,0.49977637298938377,0.43247731078684065,-0.24067307199379237,-0.2697754151000112,-0.7515143566840057,-0.15572941634688284,0.0029658006298359436,-0.381167798578795,0.25576641580815834,-0.02303596133399525,0.4087394950292616,-0.10188812555964331,-0.786445644952522,0.2344284684739679,-0.3693777095260596,-0.28546035362593464,-0.14264710309453005,-0.5277995069860333
cgSYN000298,1.611762574253459,1.3339391909998317,2.2413869280550593,0.9329102039391568,1.1396144246239688,1.1152975796114193,1.3391988187067019,0.5068802351924931,1.07424616555556,1.0216081779372024,1.6315432476233203,1.6267162070345658,0.9080207581806632,1.2436776484277994,1.272641739464761,1.1957753252826457,1.660144107093947,1.4921572225655522,1.0538544836108448,2.593309220731063,1.849482363706296,1.8513552987288413,0.7569093580947359,1.7148238552043864,1.461114917666092,0.9700772918570421,1.0540627827363993,0.877294668821645
cgSYN000299,-2.4871063081672777,-2.7981657197006737,-2.9745318956683766,-2.563414910285097,-3.799735019716093,-1.4257055194186747,-2.7816991975008647,-2.1384657694241005,-2.1004259098549465,-2.9983621638013918,-2.0166517707805256,-2.018473571501645,-3.205557971390933,-2.5421537974389596,-1.667577581696169,-2.4826691231817226,-2.355272777965734,-2.698420957451892,-2.0489351234601063,-3.3046288119180964,-1.5279778762782334,-1.7854849218727271,-2.144109726373493,-1.9897300741545405,-1.943578225403003,-3.333595493807853,-2.544931480223801,-1.7488078267268923
cgSYN000300,0.2218895328614134,0.4527994791558737,-0.036035217672521866,-0.14035757731618484,-0.2754687455844216,0.14465872415505787,-0.20363358759953804,-0.013641873748519445,-0.2668436173257678,-0.48005338679020026,-0.7399650986130899,-0.26670776531462675,-0.03942910173129596,-0.13055609580215805,-0.14440858738492254,-0.5856906277512919,-0.3645704423962699,-0.06506940484216449,-0.1094540701414791,-0.5192226696710118,0.10015663779401497,0.004402028888214429,-0.0678637470831057,-0.2929031341816148,-0.009112482890812653,-0.20387588702437243,-0.1879453833937192,-0.16286352263373338
cgSYN000301,-1.0690375363088478,-1.34574837890117,-0.6282652665028736,-1.4223806772297611,-0.9768364819593441,-0.8803909313334435,-1.1716049865470934,-0.8960346327616013,-0.5099117266146159,-0.9569095652130192,-0.8727227325991925,-0.781498743887544,-1.4563514895179628,-1.595940944379676,-1.0978304168521658,-0.8654483802489523,-1.6427690534147292,-1.0977995846933248,-0.5380835424060206,-0.8952931531336588,-0.9453432077786179,-0.7313513456885692,-0.8424283113905858,-0.53112935883867,-0.5495164996864226,-1.3763491712223201,-0.8028612578540625,-0.2033332419704146
cgSYN000302,-1.1541024427869833,-0.6993319879258588,-1.0006053347347592,-1.0951048849881677,-1.6915457762111754,-1.2071807074331393,-1.2494328673692536,-1.3605870786520848,-1.050369168623803,-1.6684520733669592,-1.5003996530834653,-1.135022112628902,-1.2145910551891448,-0.7891920771006617,-0.6944157159356572,-0.9129580997963284,-1.0311847357001342,-0.6152636518480504,-1.2367155069274607,-1.9624052393229907,-1.2801056020771948,-1.1452345987948385,-1.67203699895967,-1.646007737924513,-0.7476986359574792,-1.3860444358676882,-1.0590916398069559,-2.0539718766215573
cgSYN000303,-2.0110044947369605,-1.391321120489132,-2.2543361984021004,-1.5538154577025636,-1.3020871601170876,-2.149523424170226,-1.5143750225297072,-2.145372698475518,-1.7979693710567015,-1.5365304574244665,-0.6139702926288373,-1.8659389788131158,-2.3446641103389894,-1.6752125563871534,-1.900494694150851,-1.7670817254179034,-1.6242983230213521,-2.1993203553388594,-2.400832735546607,-1.1257094954001423,-1.7512213695748813,-1.5835447215729244,-0.7746293206751906,-2.4675640251493176,-1.1449717466692737,-1.8729114288333968,-2.4627482985057316,-1.0604451492371987
cgSYN000304,-0.2925596365581553,-0.992872307502559,-1.1944290867629765,-1.606830994759212,-1.2413178968882523,-0.6062856170829203,-1.3463633294982909,-1.559494561605711,-0.8946412956503695,-1.1760533334107508,-1.374917825759155,-1.2529385462657943,-1.042362401979153,-1.0416657196653436,-1.429866910514712,-0.8126943658365465,-1.1162931183585048,-1.1611338264062216,-2.016452948753939,-1.103888361263363,-1.015480939630822,-2.0238884507538835,-1.2474542287999582,-0.6181308695334703,-1.3563674103090517,-0.6175021605695568,-1.147009125484067,-0.6651074974287887
cgSYN000305,-0.6843751025805266,-0.6724097907061766,-0.6264260808178088,-0.4332156141781863,-0.34752522231814303,-0.3469750248996835,-0.7225748375701656,-0.691124232275798,-1.102978185273272,-0.5748991896924073,-0.7129581723094718,0.11068281799104013,-0.7467293695439453,-0.5915303889247728,-1.093712672683108,-0.6109661092534077,-0.4474601563800806,-0.44993876458505816,-0.7987273237402946,-1.1423180628514173,-0.5293028837899113,-0.7603356889928155,-1.077958640060675,-0.592988500832312,-1.3156941697177469,-0.7744673409123455,-0.6049657750326567,0.22912326675889172
cgSYN000306,-1.7954193208788483,-1.7653037985910236,-1.7174943321890994,-1.1294793491747404,-2.4018604420443808,-1.179101634879929,-1.5116317345044,-1.2605045614379813,-2.3175859664101233,-1.2844843549436114,-2.3392191028585954,-2.247949909169402,-1.2476322019708874,-1.3105891508454086,-2.0877523204808344,-1.2654811502630312,-1.1704050058235789,-1.0031572620587044,-1.4059083582211904,-1.9081091938924044,-2.125871106307002,-2.1814970682373636,-1.46306512342938,-1.6422994490025435,-1.7137525649136334,-1.6399217047921877,-1.7571923481903584,-1.1356937013498838
cgSYN000307,-0.9292217692869337,-0.5275985257263999,-0.6566016958431724,-0.49185497865409805,-0.27917251706691393,-0.7230643395153299,-0.9385895327635381,-0.4890246039244328,-0.7279421768487748,-1.0348218924693482,-0.8747887947215742,-0.508029114586867,-1.2244153120339527,-1.383368445688442,-0.6172539785948732,-0.1987102813388444,-0.39015300027942307,-0.558294369355788,-0.8208960470817205,-0.9453176218554687,-0.3446426622963241,-0.8495885165244398,-1.1983437907153804,-0.8970026665510366,-0.4009566967326597,-1.1820066625314674,-0.9002883204817566,-0.8434791665901902
cgSYN000308,-1.728384098213069,-1.4521751300092072,-1.5777134417560112,-1.973504936328961,-0.5582512218732729,-1.2205205308138243,-0.5701937200952757,-1.4492930345762498,-1.726977859354498,-1.4637787182811193,-1.4303787784904043,-1.466611123067638,-1.1940477700476055,-1.6774047993683674,-1.1274627269338215,-1.48378362201033,-1.7917836179455415,-1.4728696327651276,-2.018283571213491,-1.5974961166054449,-0.7786141393127682,-1.5396146920043807,-0.6547814365600044,-1.5540824212912299,-2.0181242892082767,-1.2010263307462283,-1.527893032294337,-0.8142874515467471
cgSYN000309,0.6455316940604713,1.1794964365553617,1.2515184795017495,1.1837698627560647,0.9738707985520761,1.0061798245256548,1.5572203031921783,1.00261479551661,1.201050418678775,0.42611250735158696,1.4400097543734653,0.4172572545604534,1.362395609992896,0.8715959243593857,0.9122202672470445,1.2066179787551907,0.518169350678966,1.192756444120498,1.0939641060413239,1.2099825956788113,0.8363117803579045,1.0569345910496462,1.8884099413979345,1.4366378264568582,1.3292202934953843,1.2854398001730243,1.150118179344253,1.3306703930368773
cgSYN000310,1.7409876845256194,0.4414962127090892,0.8895606660683739,0.34635345143576035,0.32941443971515605,0.5886836562399298,0.3978757658303514,0.7183256409456357,0.14645429124469136,0.5875712517592606,1.186603853041531,0.010488892292146678,0.9694906572697647,0.654817971609875,0.50252485278277,1.280032220463021,1.0048448339017417,0.41103339994138577,0.6040631558488566,0.6265321701304409,1.2772719108810793,0.6283905128335889,0.5414149065542274,0.7847020854809312,0.4714480804870371,0.6794075131159957,1.0849849090235482,0.8798815680252436
cgSYN000311,0.7910719776978016,0.9319889084344779,1.5576994479889235,1.1910490538727476,0.7950898339300237,1.1902291532001574,0.591707005820832,1.7530974695659516,1.2069380961915683,1.049947003151864,0.9898535887740267,0.7889733953879521,1.4982643869411922,1.2877788239305927,1.211358714462018,0.7794298929287844,1.4751185723810083,1.721110243498237,1.354015824951369,1.2742489759667222,1.2577674836353483,0.9447470408850879,1.635913432666854,0.6977300866982,0.8419578339248402,1.6791867280536525,1.3820816772136248,1.2952294047746231
cgSYN000312,-0.11031652279207639,-0.12944395565153954,-0.3486585732229878,0.06237530706738528,0.18439561127699844,0.03050696456293389,0.09272517480044784,0.04292586332885036,-0.2620236267761752,-0.07186638534483558,-0.36520007755244627,-0.2408090423621089,-0.36001965330639496,-0.4227815228311146,0.4863245761785851,-0.44423623044939203,-0.17224468707948484,0.12935290299222524,-0.2543052035202097,-0.4465999037412662,-0.9856326910715214,-0.10709637786972648,-0.42738763566856225,-0.3353573848725587,0.25375195174557047,-0.3051967442182101,-0.454944342403048,-0.0403620534875991
cgSYN000313,0.19820789880650572,0.6145326211103014,0.6884002580665882,0.12850183241554172,0.39577271452832274,-0.051677771238208034,0.31917117846825216,0.6381748659951052,0.736702346563178,0.2054789909327058,0.5673747577472444,0.28647926060110823,0.42733245162895755,0.20160537352137006,0.9917702577402522,0.30287517066979786,0.0004962540070290834,0.2974441419475539,0.7377100474857164,-0.1086985229864413,0.0015120873999222575,0.33317383261243283,0.4552508754025833,0.6739675540839127,0.6280728901930085,0.9382460420479355,0.551470692629445,-0.18674240144554727
cgSYN000314,1.07568348248372,0.6214119688857273,0.046488878601362756,0.33217358587021023,0.5079127229399552,0.3795109950994621,-0.1375808743064907,0.4003404916184506,0.4578712851249781,-0.4680898195610633,-0.05414036595300802,0.4935854062060036,-0.08162355241727619,-0.36047311782236535,-0.31755408979189453,0.32178640308752726,0.021165209775795866,0.2415525636177602,0.25783586034312445,0.24891941641508503,0.2617770339786549,0.1870487742580762,0.6488339761413471,0.9355928812763105,0.09456428367393682,0.29819986242704355,0.561022357432482,0.13862591227737683
cgSYN000315,-0.8649340859264021,-0.9935238287329132,-1.3413420615349276,-1.0438906415521065,-0.7973611402829958,-0.7736235019333697,-0.7172627889664488,-1.0291256787534455,-0.9316858120018037,-2.0989399389922676,-0.9563077349096133,-0.7415729318069795,-0.9879734076909414,-0.3288806302636607,-1.0978957876654611,-1.3299739225421916,-1.1329718823093136,-1.262141150860511,-1.2697184888822628,-0.7256160826085736,-1.425489478834082,-0.6383034341017173,-0.5280223988524202,-1.703394720747447,-1.5159907000722048,-0.7226870535174176,-0.9312671634397214,-0.9711935742690558
cgSYN000316,0.7965101813316565,0.8939293345396833,0.9012663350870126,0.9048325884394329,0.7663071855591019,0.2973281948896203,0.6116662019044372,1.2024412992440041,0.5007278494582464,0.8944696291320984,0.5091155520726938,1.0881526779964303,1.6196523708508492,0.5863239451918382,1.3230034223761837,1.476260786981819,0.9689994582790286,0.43801094242491695,0.8217792036605935,1.0729432559648397,0.8188254399317116,1.2439485282895284,0.8086991304731428,1.251300570271885,1.2066363820139097,1.4167975085922797,0.45823741423138786,0.4951252273335781
cgSYN000317,0.634147344847231,0.9932143668807228,0.5361577386979899,0.9978985376276982,1.1842845960926458,1.582393659699451,2.0084837511688547,1.1894986141195532,0.5391444833681278,1.1275413952661097,0.9825883869296612,0.37863208829959066,0.7556204003619974,1.360243701012957,0.930943878988598,0.6744724561547359,0.29358082980914435,1.2489891189244688,0.9095330179909595,1.3172468165788453,0.9294991621355464,0.9219377536321721,1.122461840175139,0.563141935984632,1.3514234952998458,0.7677565981678807,0.6181717633114155,0.8726279849452157
cgSYN000318,0.9702192339025115,1.0681530720558663,1.6921756271198978,2.5853112995857113,1.0602782456186772,1.839966875364064,1.2755136459278602,1.1873057614140168,1.6699994387579393,1.7334811509394346,0.9728387084354015,1.5717614553249764,1.4639737955825873,1.7033119116295072,0.8993429751651938,0.6117508331792454,1.5140236141406322,1.2494054191311548,1.520269754057852,2.347077011303284,1.7731150467860077,1.248501081257305,1.813662525162535,1.755506006356426,1.0483503836078218,1.4679585286321188,1.458941109848556,1.3750462264757843
cgSYN000319,-1.4106699267339675,-1.5151908173074973,-2.066071035895513,-1.5380868528015323,-1.0923313536292876,-1.4538193097307384,-1.9486032367842492,-2.295237751057613,-2.0344359207505995,-1.947434929969211,-3.0276427331294613,-1.3407289628069656,-1.8523860528507188,-1.509722137004028,-2.9559966546426035,-1.8285347451093394,-1.889170951199448,-1.3773359563901264,-2.0645114192954024,-1.0273127148169674,-1.919637261491516,-1.9470682969462114,-1.9194373873076815,-2.2546231229914113,-3.0139538329462874,-1.5000518664689566,-2.1428004707484876,-2.425657015408805
cgSYN000320,2.0808576723466152,2.6545063634194905,1.7263691105549246,2.749118577908936,2.3759946027001706,2.1670379799676827,1.1353905622491052,1.9562751147915907,1.3925614285575618,1.665074050103815,1.3112660089248673,1.9384993062486082,1.0287547497713876,1.9397765330122458,2.0246987492129422,2.2408423447013863,1.3432485171112498,1.6032284027944235,1.3059642518070127,2.5718082068753265,2.508882749026687,1.6403957400857243,1.4233494004840812,2.255821859966742,1.4401936052514854,1.6241920831716952,2.250749026532062,1.5675292139118464
cgSYN000321,-0.9461245685510089,-1.4620454013122082,-1.134252584476113,-1.2843604729524725,-1.2790463203731484,-0.7246189378969135,-1.6337442273953426,-0.7519086200286152,-0.7452317250816687,-1.1696055898666065,-0.7135619496884883,-1.8166872127262954,-1.3488084592221232,-0.4531439964679664,-0.9839977968372117,-1.0457355302148337,-1.528124454505882,-1.5132499152633225,-1.4607136824693236,-1.273071716955354,-1.0248651006777907,-0.6255512084368114,-1.0826846089057214,-1.2326043580791992,-1.3730724303821524,-1.0176007965077367,-1.3745943982108157,-0.7233035827030274
cgSYN000322,-1.3148341889452053,-3.3073688643001544,-2.73167295951885,-2.6412641435024207,-2.403736797969032,-4.4177773171115975,-2.041457858406678,-2.8147237849884656,-1.7320014128461991,-1.5758352184485827,-1.8015307802624139,-1.1456676984377703,-2.208031105963201,-2.5201642684668433,-2.8622777688118033,-1.3564723115526223,-1.938987770488091,-1.3886333279732828,-3.228156092936927,-1.8389276498476996,-2.534529698434157,-2.2458794945228124,-2.3638926080109552,-2.2228892625608903,-1.8984276250662355,-1.5853905885883655,-2.411287554714449,-2.2739851503461836
cgSYN000323,-0.9135091149144557,-0.07353084522069077,-0.4747697852238285,-0.8599083978236621,0.2746317431094322,-0.048283984255643606,-0.3195900630231869,-0.57417923213861,-1.044454691469499,-0.45392975860875806,-0.372177686846815,-0.6687243769612616,-0.4985322221970686,-0.6306860742067242,-0.7917104907460685,-0.05021752959475796,-1.2525878739057057,-0.9092958817344607,-0.6917315800976397,-1.0807934220700894,-0.7581106965838664,-0.3590767651368864,-0.9098497345867458,-0.25728250928989316,-1.4817142244149029,-0.7944688466411177,-0.6868995008100394,-0.8988595978262057
cgSYN000324,-0.4452828941356039,-0.5689554907917586,-1.2064997873306929,-0.4384149223300479,-0.6387480679158767,-1.0265426731452336,-0.8858025361108722,-1.299422946609944,-0.5484669089380482,-0.9510612936681413,-1.4303065385193745,-0.4412961797632716,-1.355469793837523,-0.21896051344801212,-1.1067059941229194,-1.00187661704578,-1.1078502506395513,-1.0000415123951834,-1.0276787056022152,-1.4213469593514445,-0.5749079459098334,0.07437593013301835,-0.8288611220508142,-0.2715669573602632,-0.8874182331853181,-1.0403891061923574,-0.8589546848953973,-0.9651204134933767
cgSYN000325,-0.016950452386735537,-0.021675872402214504,0.19709323943990012,0.6306643359927516,0.08461889601661136,0.042788430050740435,0.15245575069386488,0.2718020231132647,-0.3058010957327861,0.41553619010396836,0.2389162986398371,-0.15981632100686152,0.26746311745919865,0.06808022795226215,0.13871490657368402,0.03871778578413148,-0.35283875321625197,0.40464143710429895,0.629221806451051,-0.04355345053053988,-0.396049725859494,-0.3274865465403255,0.03880870655064383,1.2790591485290632,-0.2663375313491621,0.4689362945962492,0.12550798885828632,0.7747224168431707
cgSYN000326,-0.8257800736199684,-1.2175414071580903,-0.9839183289904324,-1.0190637166676755,-1.1281796276281586,-0.6259743490247802,-1.68733350513824,-1.0328443281126052,-0.7848166254715082,-0.9908167986564497,-1.5359694292945463,-0.9969978579064992,-0.4257269653487319,-0.9878897706499018,-0.9305594575976776,-0.7617443173994668,-1.2274719978329658,-1.2190399510689787,-2.180156355403695,-1.3174253270782508,-0.8228946602461952,-0.9814044076953866,-1.1734704053221463,-0.5364910862874661,-1.0048103821473326,-0.8918092586182312,-1.0885871091656203,-1.2037920757471254
cgSYN000327,-1.0785200503770347,-1.3754330413653177,-0.8717999532509604,-1.372764483176651,-2.5367673012590948,-1.6644241262292874,-1.9261741410691464,-0.8607045832662966,-1.6428621523035685,-1.2452614819545216,-1.4157598816708137,-2.175416160562189,-1.7158515817429376,-1.487349123221679,-0.9892287346937538,-1.485082639661494,-1.2793574204801161,-1.2855107483877695,-1.0475784357859945,-1.6587416149702192,-1.359256821657785,-2.015806917112008,-2.2075039168270116,-1.8494507930585926,-0.8162854821412918,-1.3786956719638073,-1.4668925643068689,-1.4394967072483682
cgSYN000328,-1.0709008469450771,-1.044773491206808,-1.5235580982191204,-1.0630345785533168,-1.2080472107008338,-1.4430154651971963,-0.5795912320163408,-1.0794271014189472,-1.3953261085664954,-0.5766043415765056,-0.9004420505238365,-0.9781036775987156,-0.6093795928286312,-0.9292200995107265,-1.3795057570555622,-0.9991638597844053,-1.488830599622433,-1.0697246209410716,-1.3159650993956264,-1.0148808551666209,-1.1115924378925555,-0.2738241100524042,-0.6013721933603873,-1.1772481590109027,-1.7390774464317866,-1.4535325861006148,-0.8937418172220613,-0.7595897473146127
cgSYN000329,-0.9237879275574993,-0.8266944968307138,-0.15020131122870042,-0.5502675902769175,-1.0863229854210998,-0.7336604100891368,-0.5120089693709325,-0.33499795761989376,-0.7511819739347542,-0.6908209364861007,0.12169579565057648,-0.4835609738634961,-0.974234057969697,-0.5467035869198311,-1.1636714235822687,-0.3027847205779342,-0.5056029691141041,-1.2865906263941147,-0.252228225299653,-0.2777724177550867,-0.8323494930252182,-0.3307602778550485,-1.2070162302393415,-0.9919904210346403,-1.0362994039412334,-0.626489460269959,-0.6391185994994062,-0.6382968558078032
cgSYN000330,0.13707420038734644,0.10633596880296924,0.20445536850117682,-1.120576097682424,-0.5946942704053119,-0.5314720356272762,-0.6549932125317548,-0.25019376713170816,-0.18270970347024695,-0.17460617060667077,-0.1428091824916891,-0.1626188852812485,-0.3061796937236807,-0.43545750452952436,-1.426397004910712,-0.5897417643692618,-0.31589351200441007,-0.10966066443826071,-0.2640032136026117,-0.11264499924859338,-0.5052644092690333,-0.21199438778593674,-0.23746786491257596,-0.8618815141112447,-0.43837299702339877,0.19322197998279836,0.4486889567192799,-0.46787953564607304
cgSYN000331,0.6269890741672649,1.7350224732523798,1.0230449398773327,0.9871629589551031,0.9416724832855528,0.9840886486367378,1.1997151613189851,0.3784894251881366,0.6888910377230426,1.4437811036995243,0.901662904760044,1.2407670890067921,0.9539825468708946,1.024368546688039,0.7477788308646397,1.5281541992469405,1.4517998129854732,1.1253108928565088,0.46296808594901906,0.3713465252853395,0.49245186094515303,0.41658030126566564,1.557012446850081,0.7712591894573492,0.920451953253441,1.1785384430606154,0.07627043254003882,0.7026428515421506
cgSYN000332,-0.10577412942224357,-0.22794179751214547,0.217118141907829,-0.4611539825728632,-0.6256758664074361,-0.6019335138075792,-0.228473975395949,-0.15776249791200875,-0.022206372928596247,-0.17102219528771,-0.30084145061517725,0.00043646415346401413,0.013602450073187748,-0.27362468908957643,-0.7506606986028013,0.13312323357113343,-0.4411260246193808,-0.5910323203221421,-0.2254134357489411,-0.2757891038748168,-0.4358666444370045,-0.12566874807421408,0.3600659001859017,-0.09135668639595834,0.23273638806795427,0.7218496366170455,-0.6445302953974301,0.037481797190183526
cgSYN000333,0.20541495239292523,0.07328185923528213,-0.0037597349855113134,0.02771564756684052,0.23605610222846393,0.7107218093597042,-0.022154975659682937,0.06289445131954677,-0.06059618582468684,0.6487549673446139,0.5212013571479297,-0.1729752736706684,0.18208103310786036,0.17173367789801508,0.059468015134138984,0.5163975520325624,-0.2954399490139292,0.2862149013264031,0.22668735128361361,-0.27446512608120877,-0.07513050961579062,0.45015695382943627,-0.0012689456488807528,0.1478319290286407,0.5145681841526795,-0.13046319793283004,0.2836263814712226,-0.2795958183768778
cgSYN000334,0.0764288319959287,0.40813428625917847,0.24315420386034578,0.766300617472328,0.18697550032767898,-0.15939068982508944,0.7556092289537599,0.49088018849529536,0.6703465793107737,0.25086340112246835,-0.2826432165270285,0.19183086361323823,0.43235440233448447,0.3051896790776586,-0.07202754640214917,0.23937310471788825,0.30065317814602516,0.3912825782013894,0.40531686410706047,1.3414016187790725,0.6697990204526576,0.3078496978289996,0.4181359037005403,0.2600651729749274,0.6017226091028014,1.0498948513335171,0.3385207920646483,0.30926751884006615
cgSYN000335,0.6246264557289796,0.5646543899903012,0.4840215280494458,0.2256188205383474,-0.3145701897121923,0.09872841101884361,-0.037261573112503305,0.41805744470166806,0.2980558973750416,0.8977179384774396,-0.2647803859235202,0.09530299382642972,0.23807642510368726,0.004760198704336102,-0.39431636819233146,0.37383052352998797,-0.05000747500089186,0.35217007864940914,-0.05188717771200198,0.20515888064911672,-0.09103940806896219,-0.3102376508579053,0.6761230165423678,0.908235012021501,0.46308587275637103,0.16229613327694084,-0.04903824289292673,0.11337644716467615
cgSYN000336,-0.918818051991153,-0.9049014399528623,-0.11960148439440718,-0.25675399725385717,-0.751905262322046,-0.5896629443094218,-1.1996419455664442,-0.19385599077366764,-0.9161084116751471,-0.39998050230623716,-0.5197432319595164,-1.1582216008634463,-0.980541788974772,-1.0723973189240064,-0.8817738193137188,-0.38412285500979465,-0.9430813467402699,-0.3637512063993349,-0.23150957586528187,-0.8368371673683851,-0.6868326209622176,-1.1166312466002626,-0.5560422010195346,-1.145626759327805,-0.6196584104937314,0.17961345284254118,-0.7841168276641636,-0.3901966773479761
cgSYN000337,1.0471543105063965,1.7136821503652506,1.9608444070710571,1.5423752638329362,1.7489894908138541,1.9305502133059445,1.2493830380881925,1.5336273854009177,1.8163336363182987,0.7173332581924307,0.9166629538643866,1.292025993435812,1.628469194594157,1.427864647994805,1.7816760295583385,1.2679302443369407,0.8655164341032007,2.3597415329089917,1.0081018314940733,1.3962223402969614,0.806895368892645,1.4031324361799453,0.7036354060242823,2.0362467455581084,0.6877382739757034,1.4161391951873994,1.6136513835828252,2.0605916353701126
cgSYN000338,-0.07985747357870872,0.39220267126459785,-0.1838245022147641,-0.0005125113132977319,0.21509217889361654,-0.22732005308535938,0.8360163990168384,0.27713941230934114,0.2793898130237129,0.3761194867438554,0.8446330774810545,0.2822402610457597,-0.011196740078014699,1.100785599783209,0.28141825083025473,0.19327271813245114,0.16425032526149574,0.007666715557157945,0.587048698137004,0.5737627543265292,0.5022870119251397,-0.10925727442863101,0.5783936777081403,1.1847968927727963,0.6734922167587402,0.7356903621692882,0.037815560513088424,0.5414341918157439
cgSYN000339,-2.192516341764211,-1.3820748972585548,-2.997660384114054,-4.487554326010419,-2.8192768159655364,-1.6784805870686395,-2.382828630261587,-3.7586801558660032,-2.836871264692674,-2.61355628454995,-2.63651924583561,-2.5924927174390358,-2.0519060486781564,-2.499871550953419,-2.4446996481584073,-1.8189076180639259,-2.397380993186578,-2.223354957528851,-3.9260674897030734,-1.896674270748396,-2.5268328864735246,-4.596426467354586,-3.0612469958817488,-3.4217689293086457,-2.181345464115313,-2.4367939286245215,-1.568924910460377,-2.3562756654268324
cgSYN000340,-1.4932548609916525,-1.7031104463068472,-1.6599747375301925,-1.9121319559952126,-0.6091115792097833,-2.1791323259621547,-1.7664576421195035,-1.947971447449676,-0.7512087413531671,-0.9629549984050424,-2.2726918022582745,-1.5238363864251248,-1.6392326618863406,-1.4036293561375537,-0.815418767081,-1.2979360761804803,-1.4164743890356202,-1.0841219507208584,-1.7624683077860681,-2.306376999486043,-1.9978540811079069,-1.5215310791076173,-1.4643823427491793,-2.3250689164451637,-1.569001167341592,-1.4296165049907048,-1.071961433230669,-1.448371278991003
cgSYN000341,1.0622800774284002,2.0030108697805176,0.8537545033244018,1.556034216198606,1.1967336854737176,1.312950875697534,1.0767116629049607,1.087959955947039,1.0087159448684024,2.0160412341586036,1.4887951333377623,1.198197030312819,1.897994843574508,1.8449422350645492,1.5100811691812175,0.8989100266348037,2.1716074857568155,1.464322836510497,0.7446169298783182,1.6975954221676832,1.8010939617321082,1.3555208517171211,0.9432066131787734,1.7565261393317277,1.1828180839925182,1.6268427959689682,1.5928864752594099,1.0033619967310943
cgSYN000342,1.4400979150959072,0.89699365331509,1.1483291595123442,1.6813774040013618,0.8018286139393827,1.4479177814894157,0.9407380581315529,1.247042644034035,1.0285843719753527,0.4905894883901384,0.6592223063374961,0.2540033491777622,1.9089436275788492,0.4663249127282782,1.056439346538696,1.2184307612176772,1.9704920063266476,1.1757441250178422,1.25790982141358,1.6260285144090358,1.6867331573168884,0.9643746565794877,1.21068071680121,2.0288310725415317,1.2301693141196355,0.7868015299969006,0.8358891340731835,1.6301137441544584
cgSYN000343,-0.9267940595162688,-0.8383597086629205,-0.6807803421706996,-1.1268010743799686,-0.942733998636601,-0.684276436696147,-0.7435262586653096,0.027355410238220256,-0.7397049778205887,-1.0146917628671404,-2.0818349933638576,-0.5971428437931136,-1.1567869616349462,-1.6481213999524873,-1.2561873295298422,-0.9762283187376735,-0.34967693201493666,-1.2031473777741932,-1.2430196058601863,-0.9516297666112029,-0.6411905311957433,-0.8280345843682939,0.06675027018002115,-0.9331724732728679,-0.8110527652672428,-1.3587300870482222,-0.7041913139593985,-0.4739748884755174
cgSYN000344,-0.6395912328074332,0.557905742820991,-0.3391364625720739,-0.07307169398173659,-0.08287328143763471,-0.12918846404951354,-0.29555411026828826,0.3984458048489634,-0.8776172692497481,0.017815483607298708,-0.24413029932076424,0.5535237355502485,-0.519389907508957,-0.6632119693290432,0.11638555455244233,0.4283121089390603,-0.9226429763318088,-0.12264806482544498,0.46619571887846933,-0.42333809559551394,-0.16067999748230485,0.08879629384741292,-0.776635720938084,-0.16282639181182443,0.44369230955313704,-0.3971532884278996,-0.06553844259487995,1.087229225849144
cgSYN000345,0.5719936015634981,0.10469564682984961,0.7514588446414532,0.9542581839458886,0.9797260231734686,1.1040153354207884,0.578631716921804,0.9905694838451884,0.7597000069863552,0.5415048216334827,0.11863667142947941,0.9419199348861876,0.39998399547602387,0.06125498489228243,0.8963075382917455,0.4233906583410743,0.16086568858816427,0.6114037857624242,0.08331503050173078,-0.0038554788185411522,0.08805852383923345,-0.09953567174074755,0.369329749403771,0.16300664490177086,0.3599681124802254,0.628125516397189,0.683703079394705,0.9197162417633489
cgSYN000346,1.441607531960156,1.7811985788727556,2.479810578403737,1.0001913372494513,1.443012652455391,1.5811785636534836,1.184245632346898,1.1568468667245662,0.9400298241090415,1.7778438277089215,0.8637960526696273,0.796883448195475,2.100619855435663,1.4104305504131338,0.9838330611492979,1.1040867496041276,1.6556375907128,1.33012228694831,0.4101656595434396,1.288233782391633,1.8021109911581126,1.7156254060605947,1.0973119847579618,1.8149636629792467,1.0839891420206902,1.5534117830806093,1.3936018675802975,1.6439438892701883
cgSYN000347,-1.3341018590888656,-0.8156507247942925,-1.4626120522825476,-0.43708328830342696,-1.1376001330536796,-0.8701101064623291,-0.7830025971931557,-0.8446132626570458,-0.7941015754103979,-0.6388910566954007,-1.1109579838732655,-1.4559843596321147,-1.361594726788569,-0.863745324217287,-0.9117199020550442,-0.9835507144194171,-0.7996885673074708,-0.6715305289131146,-0.9501490171304815,-1.0000866462081446,-1.513387105515518,-1.36120843425296,-1.1856896349274342,-1.7387467752952608,-1.6323605801987078,-0.9784228124650401,-1.5405822957515272,-1.2158570961116055
cgSYN000348,-0.07610036215204333,-1.3071293897624512,-0.6804238248724312,-0.6695005421023644,-1.102414541368557,-1.6781170454716952,-0.8770727769474032,-1.3076864551203056,-0.6352345891859116,-0.9359921090154449,-1.1774831430908383,-1.2506571422349495,-1.0315809664565716,-0.7746258435635953,-1.4668670440795741,-0.6891596727721352,-1.3512672802790477,-1.8282451537942188,-0.6740696704106246,-1.6514777608247935,-0.6022703648905902,-1.45902054128469,-0.7491911729116071,-1.1030520698306072,-0.4229440582558091,-0.9323287409198534,-0.9909558177610083,-1.5576698209064699
cgSYN000349,-1.2542513289162929,-3.9124104763547325,-1.7705506231487051,-2.961438106936756,-2.466233255382666,-2.4174712643711285,-1.5439916154258808,-2.6477944963574243,-0.9880797970383342,-2.1869371135888636,-1.7041749122026864,-2.317221312641925,-1.759171727000575,-2.320653111110999,-2.3154418061149604,-1.3248659325056433,-3.382272072461921,-2.0627365596853124,-2.1693576441917526,-2.209350788275887,-1.9004243305687711,-3.2314863038337864,-2.702375471266336,-1.9962758173943362,-1.7066921466071792,-2.2512374235240316,-2.7054042787067027,-3.3463583994628667
cgSYN000350,3.2572626589772975,1.1127809613929154,1.4567941775532633,1.182517877591027,2.0076420714908183,1.4911357676301655,1.0965232293091423,0.8271096470571444,0.9714063881222588,1.4049646154427842,1.1669574283614543,1.2623879792010204,1.7543129937889796,1.1577473943023975,1.958616268317625,0.9221588314250965,1.2004026424840517,1.5689084431189348,1.068206126812996,1.549756636377908,1.3474398836990815,0.7096723642332101,2.1545958156802545,0.8632190899019427,1.1846393889755633,1.188936094166778,3.196632136763388,1.5990746051366085
cgSYN000351,-1.1185971300003348,-0.7464340860080654,-0.07483537722445519,-0.4158488960139282,-0.861087388603323,-0.4132585688946556,-0.6824045653538502,-0.8832292641945542,-0.7746035155488437,-1.0368743540102545,-1.509976498426854,-1.1024083903433446,-0.6709899800223295,-0.6491953000574943,-1.04022673311663,-0.8872805549363963,-1.1270175356074266,-0.5394251833131992,-1.482286342485938,-1.0494566874052906,-0.6504305011090393,-1.809505219948426,-1.3527190350350198,-0.5072879816138472,-0.4986869326783743,-0.36742225319097427,-1.374586109096612,-1.9620660673913966
cgSYN000352,-0.11927263299277746,-0.05501803256490482,0.02160569916168819,1.0303194707933716,0.5012411009451916,0.37845240363382543,-0.4336868854637642,0.3756868796235624,-0.0324382515907973,0.26247094331325654,0.39102116340479665,0.31905706106300663,0.33495733843194236,-0.05314082855479757,-0.0820997101886565,0.18506957306148517,-0.05257425915357875,0.5646144575546282,0.5643891777842501,0.34942384139798893,0.20931560431902332,0.3762562367714204,-0.19185038033719917,0.09250070183532486,0.11224507343716601,-0.33357496004359466,0.2544540420324945,-0.19823600881153888
cgSYN000353,-1.1650364783312086,-1.727006882335113,-1.1054100342038549,-1.1272837343122455,-1.5996883096787589,-1.8241007280878903,-1.8284852584726365,-0.9811187752728903,-1.3562733775637117,-1.3500784687955756,-1.2729941055880514,-0.6981580584873667,-1.8009216413012392,-1.61503934602733,-1.4623511038092274,-0.9590584437354258,-0.9451756524609491,-2.272203995970325,-1.005467047223156,-0.9028727263866185,-1.1957890628282197,-0.868895747078168,-1.2783140750326922,-1.2025733019038776,-1.383347270873351,-0.9418979625507296,-1.4431319486693712,-0.7034761132078219
cgSYN000354,0.08922069403221251,0.46709635016063283,0.15789337329001765,-0.18336574355777874,0.6313193373586942,-0.37471448634660864,-0.07890259512247151,0.44786201252456137,-0.2983182807726612,0.009898390057212702,0.08109679950908129,-0.03935318205034004,0.25575259284134594,-0.20730459716714508,-0.4493425443437142,-0.16745308467466793,0.14745587627147735,0.4079110024803612,0.2809727803553918,-0.02916990830486038,-0.18230507153586797,0.11385808166642249,0.2731426605141819,-0.10531909598481594,0.25086091969578117,0.3359362166517619,-0.06978810507896657,0.2561586232668675
cgSYN000355,-2.2700208269355167,-1.7473158368186614,-2.388693581684768,-1.4676063777387478,-2.439806084786501,-1.9540530921367656,-1.9376793513119615,-2.0254606179366785,-1.572362640284941,-2.241907575810315,-1.570396940342998,-1.6986336441484031,-2.028276854173485,-1.985237565994429,-1.0414609519218814,-1.2692608410148236,-2.1101697028337485,-2.612449236105379,-1.6206718673624096,-1.9698463295702493,-1.4729008845861318,-2.566822524878083,-2.312771126227762,-2.3433718332388307,-2.460880364795314,-1.6738662737452177,-2.4674384521512325,-1.7799989314500002
cgSYN000356,2.0981845520073437,2.256682400760703,1.606151592773725,1.2688587701590117,1.6331881123552083,1.1708442464140771,1.716484743339849,2.2856281108510905,1.5883865671822293,1.8319886179894689,1.3844100410991442,1.0850102053562831,1.3174325784594487,1.7821568595956594,1.48223191285371,1.7048398860708605,1.9477490268181803,2.859364463578888,1.1077244811098759,2.084092818619865,1.260235052359366,1.3934923506943504,1.8174550788438226,2.313779454999797,1.0978968695333,1.9136880410388135,1.8376390494535555,1.9805844909102939
cgSYN000357,-0.9146208178417079,-2.1967348976623127,-1.7974537424645707,-1.6227847668911812,-1.5669359160762233,-0.8527726171621514,-1.6588433803976008,-0.6493389110474117,-1.6510772479167386,-1.8393762545844288,-0.8275356988134529,-1.664235125221192,-1.179846450234396,-1.4287867035161814,-1.111083802121652,-0.8374137429311944,-1.3785805090914602,-0.5747953703022642,-0.7027063519689922,-1.134879321429695,-0.965807725974038,-1.1874999913800688,-1.607491178557997,-1.1070095205777712,-1.6228062506319068,-1.5281820191599227,-1.2449755548815677,-1.6157297118349987
cgSYN000358,-0.8545391579246362,-0.765680489762169,-1.2628607385338706,-1.455848881038915,-0.7745419997144031,-1.8177630916756522,-1.809169913400589,-1.793522774821035,-1.6267344976091063,-0.8980004339825585,-1.6157605526344176,-1.121972434612423,-1.1878159948493492,-2.4201758982413906,-1.3768628374672065,-1.8992954127946002,-0.6184230280540401,-0.6229504575975162,-1.0624001322668026,-1.1887518763862346,-0.7723036043653823,-1.4097776080435787,-1.5725352155956505,-1.6184086816298384,-0.7578359686450084,-1.229785629971252,-1.2161897308240364,-2.1335440524378075
cgSYN000359,0.42415942100730725,1.3755004810516016,1.1705090575922443,1.4024939633702254,1.1385909028182528,0.49209268397619804,0.6994188774845097,0.7564624287432239,0.9342657272090159,0.9468579668021362,1.1371186279711243,0.9369061741046771,0.9472882654479806,0.9030798058045914,0.9903044518217047,0.15560048003351498,1.1275826469565262,0.6249032734197641,1.3426659109266523,0.7596742361503612,1.1757276601810913,1.2562520446918375,1.358553140904625,0.6824430744581067,0.5228858743827122,0.9930346912467488,0.05296026674051089,1.1941958335034915
cgSYN000360,0.3058867222997539,0.5533430171107909,0.7101805581466633,0.21908580291951626,0.4175734101126476,0.20752888657643057,0.4365881957417154,0.1197865542887161,0.5887367018026688,0.3156524687287835,0.06882806788622255,0.3219842632150429,0.7640133957762211,0.001257269123872905,0.7133749461497664,0.4687209115650002,0.3395109435107792,-0.05106888221833295,1.0164218843520731,0.21362189919117267,-0.09556693189900052,0.4008639125787714,0.2907084980348614,-0.14778636430559297,0.12761070776959826,0.8877955429892581,0.8066609480990514,-0.29725976072966204
cgSYN000361,1.8102930485684705,1.5878274385945965,3.5820039855471326,2.2781663340788048,1.788209295014615,2.3894218037068247,1.6035640680414205,2.4781119836882475,2.3900482744837945,1.1358334793013272,0.8254023037116538,1.674104364481979,1.438735377762322,2.0514388591163257,1.4701856438864551,2.109883961676293,1.4167724676949784,1.3448710220315818,1.3837255603841057,2.23867031702421,1.529019524679847,2.4324531826493554,1.6365759975632703,2.4696948040440505,1.815000870299734,1.5351451281650457,1.4801070997713401,2.322091302346166
cgSYN000362,-0.6433567014576335,-1.0441617108336747,-0.19655969877229115,-0.729885646774867,-1.7247624764307432,-0.7048347253526468,-0.6898658292450187,-1.0788349025709798,-0.9954433496546756,-0.47091237174589673,-0.546681545392821,-0.24694281299413254,-0.30478456117047215,0.22092850504516098,-0.5425252084473102,-0.4799200563829766,-0.765977579601753,-0.43035950956372704,-0.07340764339354913,-1.3575801294309018,-0.6148784278403279,-0.3479318340246594,-0.7573590305978001,-0.03865497794822598,-0.6176019534926384,-0.2583237946545151,-0.8757920899836297,-0.6869013789178959
cgSYN000363,1.3114654097281238,2.428803234033969,2.087329082401626,1.6675768668683664,2.78042501194563,2.058210099431785,1.9308965041233013,2.1858574811956766,1.7155137738963557,1.5346139025965302,1.4475146477688503,2.1181207747046877,1.363620662469415,1.7436953146854908,1.6622519936940565,1.6220318737173047,1.4151216260496835,2.2677009489976867,2.189696172526146,1.3217927358047492,2.301523183641019,1.9705843850801725,1.4486506814915674,2.8128518025937144,1.5869836876367178,2.4567673228921203,2.1314605428913715,1.7542292104201898
cgSYN000364,-1.2583522432770913,-1.4398573547167428,-1.2223634839057904,-1.3795012417863177,-1.7133225394518594,-1.8254777926540817,-1.5014266696445906,-1.1586093600430265,-1.6138865967767608,-1.4821467104205979,-1.222252199661683,-1.1662916358449291,-1.5862758952742442,-1.426668288699051,-2.123822458880304,-1.368751918162797,-1.3929162604980143,-2.2139532778774997,-1.0501895312833083,-1.223737291507908,-1.1374023540599207,-1.2227187430138697,-2.4139797745634928,-1.6150535386479759,-0.9144999686799099,-1.3140582435535788,-1.449315450733918,-2.009615284993675
cgSYN000365,-0.17177281836734606,0.18465799589263532,-0.7958809329304813,-0.6995760850503382,0.05459446331961264,-0.7023482538895468,-0.3718819245437776,-0.8426182599779238,-0.22773991906388563,-0.41818723147411324,-0.44023874452559647,-1.0553550040274113,-0.353115324120169,-0.44537394882824916,-0.790332218248817,-0.21457083090942064,-0.5998589543054434,-0.47597837238903457,-1.0134439044313308,-0.48822628409330865,-0.29937279009152207,-0.5168382067533802,-0.030015837752605575,-0.4695642929113149,-0.4300298460725639,-1.0783438517658135,-0.48296861218419834,-0.27821803308349385
cgSYN000366,-0.24334195300810232,-1.6071147800405616,-0.6473851882666236,-0.26855915636749145,0.4892413919723656,0.2704684272083691,-0.3239467668901955,-0.28400967565705676,-1.1934705500756284,0.2843088545240268,-0.6063055430865288,-0.5902142827008456,-0.5641219265384072,-0.66162062380174,-0.8027408677240275,0.025664987685438474,-0.06954561528202846,-0.6942147018012381,-0.9233663565856862,-0.8517266595472108,-0.776920612178039,-0.6435697813561582,0.09828933992203812,-0.9374452702736268,-1.0293675043466826,-0.1582196238312104,-0.8424634940361446,-0.7145991131389009
cgSYN000367,1.4679452230221417,1.194220131087015,1.883851186897622,1.6347846853237118,1.5650241423696982,1.3307323371449664,2.4534209138331105,1.5695137534019925,1.4351382207030616,1.4207766823936023,1.545705242289057,1.4757103322167469,1.3422532287178413,2.298809836164547,1.5047012254970589,1.2474167508990648,1.0204801050699035,1.183534759374627,0.86963027229713,1.6720279154566546,0.9612648022976159,1.5124308770708665,0.6440215694837531,1.5051196111581622,0.9732381704799726,1.637506021338344,1.5021502129205069,1.9191853068989413
cgSYN000368,3.3732180911851786,0.868017062720695,2.064904366425198,1.2032130770125429,2.4622706814411606,1.6618243136146684,1.2388164299866287,1.392522306790909,1.2248437178709948,2.261689981880962,3.1010928083730147,2.24703025576658,1.9353347626201616,1.7170358816533542,2.27267814912665,1.5104617636159918,1.7751813445474056,2.2507889213208414,3.1697846999597394,3.6065681480654574,2.1009870370971075,1.6323511539559858,2.09626971036423,2.342786134380132,2.0128590545579708,2.499666459314388,1.8505539711463823,1.982205099911398
cgSYN000369,-0.7360425957180107,-0.09830621102454705,-0.21475364731708704,-0.8837920917420995,-0.8537726310645468,-0.5839380420072129,-0.5209784182077849,-0.2212573343139631,-1.235024958398945,-0.32299005294045996,-0.10884445828059454,0.43345504513112126,-0.4972632782066153,-1.3043523904189025,-0.6876571245141953,-1.2774729292834537,0.17009059275127145,-1.0084524577067495,-0.20175984899192986,-0.5385649191421259,-0.3044955945566278,-0.4343219860124402,-0.0875745435035792,-0.1980137610752459,0.09189786402397532,-0.9152504066265004,-0.7606105076059154,-0.5897213230553683
cgSYN000370,0.29152256458129955,0.09896932123692104,0.5710665623505372,-0.2239221027484597,0.3088155888354474,0.26675340397343744,0.5236653104461774,0.2550442450890629,0.26721311907348083,-0.2842386254651452,-0.06757757900204923,0.34068464783362484,-0.0840496934540984,-0.012565073987358802,0.3295885207712224,0.26392099452757695,0.03040903728687359,-0.07951680300065403,0.4487259972758984,0.19401393168308195,0.2707078216966194,-0.18986015472712453,0.044722801986168716,-0.21121539341201545,-0.4131510558567937,-0.39545791716039,0.6671894692225894,0.4687713188149758
cgSYN000371,0.9528133765862499,0.8640000510501783,1.532295747941856,0.9884856204892721,0.950895297645947,1.0548857624745411,1.2021098329991262,1.3504577894022214,1.3668067142954825,0.7829828425049585,0.605431703866793,1.0902079272520238,2.08817424043435,0.5991656394644929,0.8371712681748229,1.1125924927570672,0.6585644946689555,1.449082726035223,0.8018995539255963,1.6023779436955927,1.1145334073243924,1.1783702177668232,1.6642617123580241,1.1718381747573958,2.342873893797798,0.4819967502898573,1.1018619741415319,0.4588245356309605
cgSYN000372,-0.4868175551659142,-0.32303368543458344,-0.2562853825494127,-0.063708589217362,-0.26341450240569475,-0.761304044339437,-0.16721910961716868,-0.47980349575806214,-0.10131578409277928,-0.6456307162995369,-0.09841542978641665,-0.4947901602268975,-0.44004225464315283,-0.2598961141631297,-0.1388603838222166,0.2669184529830385,-0.24687302675193418,0.29955355579201487,-0.28117998668590344,-0.28799933141261624,-0.29782749266298375,-0.234463158083723,-0.509596634769654,-0.753372564011642,-0.38578872852379154,-0.4560763744826718,-0.24335966403383585,-0.18779659465339127
cgSYN000373,1.7951244526555747,2.0772528983201375,2.393800177659285,1.010095263483693,1.9694167853918139,1.653387755948183,1.27558349376104,1.8689579919838097,1.9434498930974542,2.110909171343903,2.106203427512155,1.8735854717946823,2.9491711488366454,1.9851463941838496,1.764016189503495,1.157397137842399,2.0953936689919135,1.2095508270316038,1.5815307181543439,1.793792651861726,2.165978252813686,2.247393482088536,1.861918690491848,2.306887458942898,2.1445294175899168,2.773970540411743,2.80801267451902,2.7892570326810753
cgSYN000374,-0.9791695834742653,-2.1615955737726247,-2.4409457354053483,-1.6419930589894636,-2.154915580923497,-1.3111667605401942,-1.406628250407156,-1.435637829834821,-1.3769203653481068,-1.3968284152773414,-2.0223898258850284,-1.4975760798535331,-1.109431884803414,-3.141398575058404,-1.9580399313997736,-1.711346770360635,-1.443980983923188,-3.383244214560767,-1.9784379247023653,-1.985456629577986,-1.7196591140965078,-1.8038164856085162,-1.9845058848973776,-1.3593369875469914,-2.3108742718943143,-2.0525707874163204,-1.5860990610248937,-1.3363401846614322
cgSYN000375,-2.117353636289301,-1.302003264443228,-1.0902247543599628,-0.8159851205534375,-1.1265293391262854,-1.258313186048013,-1.721380830076027,-2.311366267927679,-1.5902859961736464,-1.4447757296691286,-1.7981022611959672,-1.7608664111083276,-1.5980865201035366,-1.2770792673155176,-1.2901655556746894,-2.4838978685565762,-2.571935162430891,-1.7558731760409099,-2.8681678555231818,-1.2488701633184678,-2.2029719213386962,-2.268602882141786,-1.9880674250397803,-0.5153587191367259,-0.8603392383602138,-1.5202572665419318,-1.6129733993975615,-1.112627439880739
cgSYN000376,-3.7011786584781645,-2.851332433074059,-2.7451818122070915,-3.3241298046860908,-2.6114700971151157,-1.6008286895930466,-0.9086566127649798,-2.868860833436971,-2.389701185139822,-2.0122533735876256,-2.579942507963559,-1.8751844599309253,-2.1668239751467224,-2.092774623395802,-3.184893176266752,-2.066836591575061,-1.7689041747023309,-2.4606879770951706,-1.7212238105680884,-2.0782133648380934,-3.0510775245081208,-1.9458524834778264,-3.0366816483010233,-1.4481237172428505,-2.105896051895265,-2.8008356897037876,-1.61357393352259,-1.4093309111359396
cgSYN000377,-0.3481835990387184,0.17814518791950698,-0.021730467184580292,-0.8213533565645913,-0.6067242233044939,-0.17572683940844383,-0.42408440037463313,-0.9251112466503901,-0.6207292842788377,-0.4041557255329433,-0.4380511238208414,-0.4027754652368494,-0.27034894145422345,-0.01428468051852966,-0.9601007329065554,-0.6971537573284006,-0.8053762251126404,0.0968672331300862,-0.18008927627626709,-0.06929844857131326,-0.3210560787853052,-0.2166636351485408,0.0730057448786796,-0.44749756727481876,-0.966297897518375,-0.36315136340596127,-0.18179719437063566,-0.2582371654928914
cgSYN000378,3.2070601444212397,1.8672953676792132,1.9213910563991599,2.1763307442359134,1.758950329649932,2.3987124852066084,2.9477517815089223,2.1693760324122446,1.8572553141053307,2.096389291403461,1.617069368037345,1.9137444631640708,1.8835583416260813,1.5857993387384728,2.0679633488318983,1.786112141075282,2.448225589439363,2.2911558896748456,3.0710286057322347,1.5519706649435443,1.1974737483303777,2.1333269236489776,2.378441706638475,1.5883107068471698,1.7746982256134782,2.015900012133432,1.2058180261690057,1.2945611309594554
cgSYN000379,0.9848288411713667,1.407769576693555,1.9269137217341263,1.2186774056137912,1.8516104036193684,1.5532355907881703,0.9635211607855736,1.3188469979121284,1.6127287497749971,1.6751066527114529,1.9571704674312018,1.650630706429323,1.2046486137116559,1.2549592612409892,1.57781869200247,1.8151564068680408,1.277584616336127,1.2907891801228244,0.9968639970803015,1.7406146099998743,1.3305417786497833,1.856482707352936,1.4865806539631403,1.219809520824439,1.601131068940725,1.2531348821932318,1.5332946516240964,0.7234074878004376
cgSYN000380,-1.7738571669538072,-1.4030294332647342,-1.8330645563736272,-2.376168257484957,-2.42897709437019,-1.804711202416086,-2.2076470292127786,-2.458547135081788,-1.115097306038888,-1.332221066502208,-1.2184941138486511,-1.9419402063523863,-1.9582433307616625,-2.1914571406258148,-1.8009898880977708,-1.3572411349006417,-1.442780976510323,-2.919883806854602,-1.867348777977456,-2.2973412382342397,-2.1588329822913344,-1.6631039885075998,-1.7448986158917137,-1.3521698605752643,-1.411032544307059,-2.3176291050867035,-1.9222787634064613,-1.5719122771719898
cgSYN000381,0.26317153059501863,0.13693057197252884,0.790765549517485,0.13311432518820263,0.4092401496630503,-0.056369558551823636,0.2214214768632658,0.6157811858183035,0.22867927644371056,0.43677220202210065,1.185153370779022,0.7167292136819258,0.2573519133778305,-0.05071487748582312,0.30000766137031587,0.09066048521430506,-0.05495642411129768,0.5638802608526943,0.3818884652532076,0.041541177800867315,0.8891607248587545,0.81125684702305,0.6726450820703422,0.3000028601786229,0.6740517925529679,0.31038519060622977,0.38205100659014185,0.7099254060453775
cgSYN000382,-0.37656740884782836,-1.234989250466934,-1.3147067847031806,-1.3563005023218446,-0.5824255876658317,-0.5652530199964201,-1.08784397800205,-0.9702245362858519,-0.9396590422610454,-0.4749125610678277,-0.6406908720077573,-0.21322512172034777,-0.19810328730103327,-0.5473831372170046,-0.2835078478817886,-0.9621932995955155,-1.006506866029362,-0.5225757847272046,-1.1549366491672999,-0.3602762305088492,-0.35767660544116237,-0.5635687733091069,-1.01620018420463,-0.3435357757015877,-0.7530829295821531,-0.48940866105179226,-0.7758505734597996,-0.6826860642870377
cgSYN000383,-1.193440188854106,-0.9158112173193462,-1.2825729150406473,-1.2979349258586557,-1.08522851062816,-1.0583827161814108,-0.9106188047006549,-1.4279177021307372,-0.6464753657122412,-1.0139511605605196,-1.2843131684525284,-1.1464952361124845,-1.0094141832901151,-1.131573605676328,-1.3300053223961232,-1.2257307601594936,-1.0628104462953234,-1.3048633406197931,-1.0536365262520722,-1.0714935765410456,-0.6003428023879974,-0.7642554051461297,-0.639541345895548,-0.8091839090409209,-0.801214028372677,-1.7652557005934313,-0.510986948692553,-1.3092744878706433
cgSYN000384,-3.18386901587522,-1.9115233362303063,-2.8237667610011496,-2.169173338150438,-3.6213738908864044,-3.9446876521643763,-2.788418236083526,-3.207966144605112,-2.812453671482273,-2.9612779224311203,-2.951422805564663,-2.447138582363453,-2.458407126277075,-4.2836065338953935,-2.0456748667170035,-3.4934671990309396,-2.646363712982935,-2.6075804799449527,-1.8758751552926503,-1.755216017335401,-1.8390172966375244,-1.9448350537452461,-1.5324342037791239,-2.3417551574816997,-2.659401451520062,-2.2772181122815827,-2.483307123609984,-2.3872558018029784
cgSYN000385,0.32791548273751214,-0.4560287081495022,0.12466835757129582,0.02987274747144798,-0.1665605529691746,-0.06505841026794199,0.5140720386037702,0.4644744104848637,-0.30400029143652657,-0.6433098396547231,0.0623425343042043,0.38233791598878275,-0.37836444194995694,0.4924233991437041,0.3640424506185732,0.2603801602369294,0.14753859292634686,0.6876804891922434,-0.03215221782206772,0.030320334109402998,-0.2079671623107632,0.028822780097475836,0.050765502267775944,-0.08653884148826473,0.5145993054811921,0.12098191825730333,0.4659893648187606,-0.5736086135906029
cgSYN000386,-2.4209925058465314,-1.4427736906850632,-1.5353205607577403,-2.0568996858130677,-1.606926184295391,-1.712627970169042,-2.1865003793274855,-2.221338658671714,-2.608133057632172,-2.896855008628881,-3.027710105363747,-2.345571296538377,-2.0255862094375923,-2.7456563870028674,-1.7000277836546398,-2.5815410077913987,-2.4780924571066496,-1.6145603882793724,-2.1068381950827657,-2.779958895639846,-1.8510116275713728,-2.0228962301023983,-2.792168622580727,-2.615739244406481,-2.3154285947416424,-2.5482602681182773,-2.3520553408009564,-2.435562152278576
cgSYN000387,1.2722940364249309,0.8413810219210188,0.22776094179421005,0.18575275196573238,0.1253833952777912,0.9136256809467694,0.34847120474301085,0.3810576933419923,1.010655041366553,0.39230829843451775,0.7537901543854519,1.0800161267740804,0.01934572210176061,0.8398519573231582,0.7724342307325465,0.4879992722023811,0.8592760594907911,0.6348652474421105,0.6248228067394787,0.8698068577311183,0.6682525655979777,0.15582543395731002,0.8244416052633747,0.5882125442479126,0.6654913485325257,0.20324881797194275,0.6179745701778638,0.034047620744862055
cgSYN000388,-2.0966597692072146,-1.2010566903753013,-1.6366202994134402,-1.1717661079475399,-2.1565578518032686,-2.950133302364346,-2.595273747597391,-3.2952732321704614,-1.8360581219099803,-2.4657685669782965,-2.878151895579984,-2.58075199533306,-1.419795961673539,-1.583449736581624,-1.6678623394600034,-1.6804109945617696,-1.4348203690977193,-2.0161474155636694,-1.4099795322928212,-1.6699041932115242,-1.2859359642027524,-1.7772773655586844,-1.7316085600424982,-1.8603274555860911,-1.6676069795298465,-3.0228043291043925,-2.303268747155293,-1.6911679220109135
cgSYN000389,-2.439538718287037,-1.4805065525536023,-1.5818382139680804,-1.0731965437583832,-1.4820125008298655,-1.3347608743075596,-1.6536043325870906,-1.86615261649925,-1.7962749480626041,-1.7825063920062731,-1.5799724192563003,-1.8037132222939032,-1.7526289672234967,-1.292534697683844,-1.373204962479177,-2.1469643756045254,-1.8952921534841094,-1.6158054983960317,-1.7820898556976745,-2.5432461466067657,-1.4681755072748344,-2.085548641287819,-1.3872269729875188,-2.0762825227813444,-1.8114964530108917,-1.045710210110796,-1.9534839390619705,-1.4860631824142512
cgSYN000390,0.902853447641081,0.23172797888122795,0.6543262840535619,1.1080866138620173,0.7175230093176618,1.0890433881548087,0.5930999130283526,1.6020281606045415,0.8729760922697802,0.7912079345942027,0.8775450327383469,1.0672585945326039,0.5302198506452849,0.6898384350299906,0.3685719957489635,1.4877675513988038,0.38123521417957257,1.1046062788618844,1.4119982559482969,0.7050318239714027,0.9322649916754013,0.7239825940135965,1.013546747256947,0.8817935494201805,1.4401523657839563,0.9306398097753582,0.48293596488589224,0.2733000153421058
cgSYN000391,-1.6361293063968518,-2.6359330036858797,-1.5795988200969604,-1.5239450766554725,-2.1992273709068697,-2.8902913203379375,-2.590564620297539,-2.532244827915162,-1.7067615310950444,-1.757847614794075,-2.4295822372281064,-2.321203679106799,-1.8578116853467783,-2.055386241085934,-1.871822110046449,-3.3721239620462473,-2.260094864087144,-2.6194589307851777,-1.839686291917824,-2.060812133822319,-1.4647834446062522,-2.2762239237722546,-1.8338992684666158,-2.6522903071642463,-2.012150318194047,-2.5020623218093,-2.808345727038226,-2.578602580140336
cgSYN000392,-1.366276891692302,-0.9326351506058784,-2.2997543708410237,-1.5337720681404723,-2.227870339526654,-1.1298710125339413,-0.8203751105088907,-1.5896364045234976,-2.053826877008934,-1.6947413947878258,-1.2838821812900651,-1.5299225866113695,-1.2312619494647048,-1.4314388994605545,-0.5529863712496441,-0.5207884825494306,-1.9834585724756155,-0.23951566068880328,-1.6090924450870059,-1.620277677190971,-1.8138247935927703,-2.3308191494767247,-1.160566412159834,-1.247806209347372,-1.880183208044141,-1.2607425365070768,-1.1974243005070864,-1.613448487411004
cgSYN000393,-1.079744211746335,-0.9900569636071349,-1.4676447378761908,-1.5047897238101233,-1.066713225604657,-0.89547304935416,-0.9672268870293541,-1.0745003662388815,-0.8922801577567505,-0.7094393997296933,-0.9214892203791087,-1.2183196769857538,-0.39089804716587284,-0.9258296563328002,-0.7964344182780873,-1.1468239766905302,-0.7937805181562695,-1.029684165508654,-0.14249907188252195,-0.5007105824170897,-1.2167875500316174,-0.9433802372819065,-1.1010819182046887,-0.4100321570123514,-0.5496947887792307,-1.8897982370470288,-0.48699580685884075,-1.8045912834704896
cgSYN000394,0.025016737961790988,0.1643924569926372,-0.04597358109552967,0.6202301375706425,-0.011104740020245123,-0.32274548797633534,-0.47748809154974237,0.4676965964703652,-0.026504994771754085,0.5704599888883493,-0.34232619764048366,0.06130915590397295,-0.5977947847091803,-0.03907522803528081,-0.004162954200103607,0.1403138929842032,-0.2900597885875395,0.10199858234911216,-0.7420445855774078,-0.7335584379395796,-0.6528255444265652,-0.09867755712080986,-0.4347899746341864,-0.15403466407123723,-0.12000805369173023,-0.4044276666525753,-0.8162943874930512,-0.027122107298596276
cgSYN000395,-0.472474309767148,-0.7592816328910394,-1.375687200194512,-1.1014215649807093,-1.3619827059406517,-0.9060812931258134,-1.007166430383041,-0.8852436201498942,-2.369199471080078,-0.29083136536139687,-1.0281476782234145,-0.7880066483616834,-1.3461678264225176,-1.7656096746173764,-1.3119625172842317,-0.8729458444359783,-0.8126505555109005,-1.4200688026000854,-1.0521550602090552,-0.7150954093996624,-0.9810799910481112,-0.6490288191411019,-1.2381492426544722,-0.7796612507353761,-1.2483689689512536,-0.5425547127850271,-0.8313323505191649,-0.6158508637091524
cgSYN000396,0.027385028339208445,0.9693650169715727,-0.13537725506285592,0.21414704204000234,0.1583549179975365,-0.46938723705484964,-0.07911920937313252,0.010611661510553068,0.36829018744621295,0.7737255297109451,0.5655602908165432,-0.08019189532015704,0.1249060053624943,-0.029563429819065484,0.09533121994874068,0.8862621049826224,0.44384176119189156,0.058908480805819896,0.9812734019221927,0.3298132832884373,0.2519697945843663,-0.3736181273540807,-0.25263340930278,0.3060513585609745,-0.21080898157773575,0.08948948328638787,0.16752021873186773,0.3423046890217884
cgSYN000397,-1.7162389851185658,-0.9669089006013548,-1.7874081715142727,-3.1363424260523263,-3.0171133198717306,-1.3607130757033012,-1.553860533282267,-2.7953738110552444,-1.3910403127436477,-1.5830453277627952,-1.6529670074492024,-1.9762398154434906,-1.8689871377906404,-1.5958801865595773,-2.3796370921329055,-2.0137506058707118,-1.5782924929444897,-1.8167659520014026,-2.172447472356861,-1.4107164617595536,-2.648784601776344,-2.7344947865980322,-1.287769657833308,-1.8721443601030572,-2.081675043812369,-3.036088551529982,-1.3633434877020385,-1.1725660337132962
cgSYN000398,0.04946532904167517,0.2701158441930474,-0.20422116446605193,0.3219016290652567,0.3270380003834947,0.05679397881399227,0.2866494629183431,-0.31508256603032386,-0.032610140968989995,0.044503278967564244,-0.17292295262225843,0.7311502251344607,0.23815740831396798,0.5815338654192824,-0.33590280783864135,0.35249305738853526,-0.017330070011139925,-0.5371720112391983,0.12308430638407115,0.4656065521965228,0.2673970413954593,-0.04498833385182465,-0.11709691160119301,1.0927337655454332,-0.025061067969632176,0.09469353346940225,0.40776359072971885,-0.34813569849099324
cgSYN000399,0.5287601170200331,0.12209848870695275,-0.11046086659606591,-0.5854923011766249,0.08662934833230311,0.15068772882474515,-0.08186207010691564,0.4258490822359383,0.26829237587624105,-0.3280977559338371,0.3869091258116397,0.016427332737997957,-0.1856424316324958,-0.3915738216801894,0.06727081763048415,0.5499717084161957,0.09652190514329616,-0.24139060532753748,0.25432177777857695,0.22087439449896312,0.7042004921006171,-0.218961934818869,0.12596399664180083,-0.613631749615599,0.42122207092343883,-0.2784980130261242,-0.14082797814814435,-0.014337841828249879
cgSYN000400,-1.6054733215990609,-0.9738006193265795,-0.8609121729611364,-0.08259041385326037,-0.8367140306603775,-1.2126423234243826,-0.26125749382016744,-1.112175986990206,-0.857680779474578,-1.6608359679788953,-0.46902104856832383,-0.5512856607826295,-0.3789330769345714,-0.3298467403625597,-0.9102689352380983,-1.2240944660985844,-0.6786962669909608,-0.599268976944048,-0.6113777914350174,-0.7536795694283847,-0.292787556943352,-0.7097747701479675,-0.08944597931633193,-1.0771716850505024,-0.8321033195041615,-0.19714126770074797,-0.10084190194192362,-0.5288076071327465
cgSYN000401,0.03351765129727514,0.3019004270674466,0.0009885561683409664,0.07454865081349943,-0.451332848054567,0.37738882247997896,0.2687684737391949,0.06429951160729375,-0.07605149840089155,-0.048603216144742924,-0.09481316725639023,-0.5936445607933832,0.28430579124369576,0.1433554019239364,-0.15046891698597367,-0.21684846012153436,0.2822205476812696,0.322675304436928,-0.0941430007699496,0.0596393696724067,-0.621054241965425,0.4021609249749147,0.05883567618931511,-0.31457962751960367,-0.31858252982227314,-0.6247715774489963,-0.3918763583298862,-0.30124425724673104
cgSYN000402,-1.4105137413297346,-1.247045679802476,-1.4046762587202797,-1.124799404678594,-0.6726722514281054,-2.1031881854117356,-1.7650149924414749,-0.9932259117797728,-2.4169695759213825,-2.33495717877074,-1.8191477196384696,-1.2273454008312938,-2.0185866994629076,-1.6656401037276065,-1.3490472629381787,-1.0924249497760021,-1.7249025860647662,-1.292355259806261,-1.1939260388674326,-1.7750656170028614,-1.6993290851276217,-1.2870252816832684,-1.2448524297358576,-0.4885785515165055,-1.142664026587912,-2.230891366492292,-1.779585721678417,-1.3076954877633535
cgSYN000403,-0.41424992062527777,-1.185006022065654,-0.5466489398047979,-1.515841735648127,-0.7049368408185097,-0.898083506954431,-1.9743060425149608,-0.9053415691303917,-0.6918080198081701,-0.86636102442878,-1.6813561148393517,-0.7354526346076465,-0.6836881793907058,-0.33869662074354684,-1.1560858095090023,-1.1747568692480117,-1.3071050120724383,-0.8625007946045735,-0.7907533794688825,-1.2224519343786364,-1.3395115160377158,-0.4203368986080161,-2.219522006729941,-0.8783784228541888,-0.6495221287544747,-1.5194480362316565,-0.7159707115384105,-0.7575112592813842
cgSYN000404,-0.5259127645339249,-0.1313323550350623,0.248623693064939,-0.3590892345534981,-0.33232056094112716,-0.35274472720775735,-0.4021723367510547,0.02257394026453791,-0.11832716602224767,-0.7066129398242701,0.04967387234330444,-0.3731442344291664,-0.21456375132513264,0.14285939426560404,-0.32707088438283843,0.3844538695458443,-0.29271219226411666,-0.5057997373598524,0.24462733876253853,-0.6272820275240906,-0.6286366904812458,-0.09218671925058933,0.6755750229554166,-0.7784462675912943,-0.41507328718555414,-0.6661242313699756,-0.005117460336448243,-0.47342034167315566
cgSYN000405,-4.383747621101715,-2.0123015371427306,-1.8033766289753126,-1.819259907027439,-2.3157853288903403,-1.6982105854630147,-2.421004858897835,-2.003725656981267,-1.815630983790056,-2.631206826810233,-2.7486202111838014,-2.3137326260188247,-2.2313370785821443,-2.99219646900477,-4.024183438200847,-3.282198139794241,-6.6293566200796095,-1.9143551876859146,-1.6845044066146642,-1.8495791616866173,-1.3236619539723915,-2.8407926422780347,-1.7668570266146706,-2.0925843254844314,-1.5073769258175544,-2.234973641379362,-2.1859352791713342,-2.859544831583115
cgSYN000406,1.0892588029481514,1.3435179952199743,1.2544460036713136,1.2914051486701976,0.993345841128877,1.7874021655482988,1.139307855799126,0.6914891602217005,0.8214142377311039,1.0299528819997943,1.3249447192116015,2.19906802840071,0.9191191231021227,0.5855327191501355,0.6546135315629554,1.504864036300472,1.2543332814430117,1.0462525159294378,1.2368342884655368,0.8634822330582731,1.742029485747435,1.0972816439981499,1.022553308616872,0.8156889700152705,0.7911083786752664,1.6114930502881306,1.0701332189729205,1.467834341021329
cgSYN000407,2.0740605298939965,2.7348666695717996,1.8009901007584634,1.5934738204416408,2.43728132645983,1.9438700566385896,1.7862243258729475,1.5406156930167019,2.064176648605249,2.035180951240118,1.034007950345359,1.9140393595111889,2.391968051568658,1.9648744400552027,2.0259135779706723,2.159739254784425,1.1986614442480064,2.802394204858377,1.4874874064315255,2.1489789976905715,1.9218210437364882,1.2961819537536594,2.181128160453006,1.862898727613221,1.83363451310866,1.4129915075249913,2.4759969165867455,2.357250892070846
cgSYN000408,-0.5477648820176063,-1.1167597797116557,-1.1676198433462264,-0.6823238294822553,0.12314345180892869,-0.05529331499736886,-0.5671178900741005,-0.8467717644660908,-0.7393750928494727,-0.914037829825807,-0.5285198261952998,-1.3212326550683813,-0.9420132082312764,-0.7534043129856205,-1.2302626430147037,-0.24616379505259703,-0.6681108248226121,-0.8270527723175577,-0.23780440866518743,-1.1523040771852866,-0.9792720863382172,-0.23048617281789519,-0.7786133411185966,-0.45131930903704526,-1.3569985303433711,-1.2133557520850964,-0.2304690830979012,-0.8390523437116539
cgSYN000409,-0.9873589012137064,-2.0251745285883156,-2.3324336184326384,-1.5379633816887015,-0.9456658885544855,-1.8730907483715413,-1.407989195496241,-2.040781512822337,-1.9466207294258544,-2.1366605907049743,-2.0349087633872887,-1.1005993551789157,-3.3472681793533385,-1.4745559088154419,-1.7312441192409689,-1.343185378720566,-1.3393167425324644,-1.6702463870900988,-1.9987036291207285,-1.6344979238903172,-2.126967305017893,-1.1649708979631568,-1.8641312980432154,-1.064974722650606,-2.2359852986412947,-1.6166135112181728,-1.7358428197624032,-1.519250199109989
cgSYN000410,-0.7383845931639507,-0.0763818576276495,0.18631503004154948,-0.5868105759304426,0.06997142744391435,-0.7041009318150467,0.08411610082019726,-0.48747411567713833,-0.6609153364329955,0.1940935387159168,0.12060033683177744,-0.5865117431886843,-0.5245487190624724,-0.38017474001083645,-0.7768809871299097,-0.2034636589066239,-0.057543742217566356,-0.8654607911334238,-0.3054505594281804,-0.5116830357730006,-0.49479961304590697,-0.09678863974312558,-0.5725094705939959,-0.8930408687436944,-0.6927658990034725,-0.6056051226836494,-1.344448396880013,-0.6284279899340814
cgSYN000411,0.44574588442939533,0.6646807102357949,0.9173506562528941,0.313945449778732,0.17762973907027935,0.5150113967561499,0.08032975376122113,1.1588424003276727,0.3950711806782531,0.31443202829098965,0.2907722027148246,0.80245599626593,0.7594404834077605,-0.35702299532866194,0.2154105392766741,1.1848312325759955,0.6557340196144925,0.1395339930729058,0.5335683493194079,-0.16906246704158123,0.7564170806453819,0.01898238583639483,1.0781390129603912,0.7040008620012093,0.32463954183906535,-0.5908085800197583,-1.4507222396597999,-1.0744129604398025
cgSYN000412,-0.7223960766080458,-0.568154218492087,-1.175926942207515,-1.0489587660343342,-1.0551129038644864,-1.1375983294537357,-0.6117714996568865,-0.7522959404636334,-0.8974499784958397,-1.206276463953724,-2.6331472537537475,-1.0403035057485246,-1.067200023977701,-0.7403405577069201,-0.9072143351456624,-1.636535110658785,-1.6023975032955624,-1.9346689454234,-1.045500238915647,-1.1419612606573761,-1.219222525911672,-1.217867169030957,-1.123613941036828,-0.40231981372512654,-1.1981976644114003,-0.8678433108517576,-1.528830352177816,-0.9002845019262949
cgSYN000413,0.7034754647556651,-0.16673772261673572,1.0101722451782889,0.16985310311210983,0.5099710439787993,1.024472552190849,0.6687344806160542,0.37875299838202314,0.35516505316570957,0.6958015700091474,0.3021676751121948,-0.18661179588351318,-0.04056264357095322,0.5083132759182337,0.874604973931988,1.153544448758036,0.6416007653134345,0.299670188329345,0.06813150991319855,0.12581519365671506,0.4117734355605808,0.8185134030841015,0.415432286025365,0.39526851920094913,0.366629392825267,-0.21462137487590424,0.23122347408847632,0.8483421784177902
cgSYN000414,-0.7150460248331567,-0.7735409786191484,-1.098725253275296,-1.8913209892753797,-1.0243153001400893,-1.0045493336295126,-0.7096463601082421,-1.7448661760576454,-1.5479494534729767,-1.068484170615846,-0.9311407723193476,-0.835169446522933,-1.5207572083994143,-0.5426048675469795,-0.5909515827345576,-0.6890110666854824,-1.2021227295870374,-1.3968458275328957,-1.0300294950707853,-1.4429669543509065,-0.4157543823395461,-1.335753989867598,-1.4731717393751622,-1.5483879428858778,-1.2757104369849694,-1.072219208136965,-0.9623528323145668,-1.2242348174526638
cgSYN000415,0.13875219984011442,0.9049231952612512,0.8388804635767215,0.6534984943463883,0.6669895647152192,0.3618567094421812,0.08970313496471202,0.3949490475366234,1.1530664936276778,0.6910605969327192,0.7463002420995605,-0.10863395052257452,0.4559719309669744,0.35225208014899484,1.0585208802721071,0.3871806551158671,0.7605888597441872,0.21179182493097445,0.5265782838371089,1.0041080488162577,0.7318552945681069,0.6302361804460833,0.9010465807205896,0.18729545523639132,0.4887175255770855,1.0748039467293449,0.6379916599795171,0.31470311033257653
cgSYN000416,-1.2483843859568065,-1.6714894324865066,-0.6503474969581661,-0.44549609374148663,-0.5092438026299563,-1.032497071649875,-0.763713106813984,-0.8151319976806408,-1.2051268070560142,-1.0113591306595568,-0.7671768207261884,-0.7165286291389265,-1.2099458831743968,-0.905564898111379,-1.2261077916324266,-1.2869504627728139,-1.1280815317514292,-0.8468929946662014,-0.2231782094943239,-0.10533811629169917,-0.5935482464315094,-0.8472092920794636,0.08312050855912693,-1.2208370393955639,-1.3028886474381218,-0.8839958359410546,-0.5698637973673015,-0.8103872412665312
cgSYN000417,-1.3028659717694744,-2.0506106655698684,-1.719365732062873,-2.0507154731553143,-1.4869493792379855,-1.6914056395813817,-1.5524825949791692,-1.4151219958698005,-1.388784022614688,-2.657093012531511,-1.7007366469290355,-1.5296632125046796,-2.3008631953849568,-2.2563011163225926,-2.6397380587626804,-1.2972323220460134,-1.4630788688420278,-2.1020052781162013,-2.944650550440945,-1.3660304819986284,-1.7863752441900778,-1.748292524388886,-1.8947944519153495,-1.4990131562045612,-1.8935865454862162,-1.667408297972718,-2.4921098801234978,-1.4093098148240784
cgSYN000418,1.2602864619495704,1.056231324908487,0.7242406526627069,0.7429203207464828,1.6392137823348139,1.2515160629171027,1.1298656693579239,0.7739519199122977,1.1287562854934192,2.2709225074147503,0.9740729540449451,1.8297837370784826,1.7557581936731381,1.1189738465938464,0.6343473717934807,1.2404917553498684,1.0895578946808298,1.5925208358718679,1.278226056413716,1.211955174790655,0.9349434882649618,0.7410874678448243,1.2280226774737806,1.155192150295427,1.1566350374412169,1.0365519525949358,0.9009149566320048,1.3832667521092372
cgSYN000419,1.817517255489898,1.4757092558509968,1.2676260494987512,1.5452923554658375,0.9391864627084582,1.3225219942293165,1.3888582322990282,2.116365016056641,1.771065294399936,1.3141939929800377,1.6817586243858464,1.8330299285813607,2.8890909251153505,2.1982632980759287,1.041577022488343,2.0675768493622524,1.5705206342512965,1.5938834522355743,1.8371471156392107,1.7974356444385564,2.243089571106875,1.6662989244691007,0.7876717248915146,1.9324593736612343,1.7427008013664025,1.9081343785076679,1.6045845785647563,1.9418804574682345
cgSYN000420,1.0168139084646954,1.9437913848884436,1.4452203375045583,1.1686559892254043,1.876682285677144,1.35297695340963,1.3427978221607144,2.91817141653651,1.2494003211359925,1.8582442575285532,2.4606103015130603,1.6595164157030362,2.2248942434379195,1.448829639102766,1.2236999390763292,2.235811897557708,1.2421202921607075,1.1647878793490385,1.603960722076883,1.0999523577236907,1.3707017505936947,0.8908541306580988,2.231710973448744,1.0209304723473023,1.40803443501221,1.396390119015797,1.1632900355162314,0.5940267919314474
cgSYN000421,1.8847522130496193,1.160442308279065,0.8098687202572393,1.2810578585119357,0.7154368956652044,1.5442119680300816,1.27749286971958,1.251065191441956,0.91536158014933,0.9501054649693488,1.4878812321349484,2.5449261710487083,1.040851601437991,1.3473346549818086,1.932610933716159,1.4680643670626747,1.6807433966103713,1.4373344100471581,1.3543206234980316,0.7758660659764814,2.019365176120182,1.3301653643627203,1.9090198146259316,0.8576896288508488,1.6680047347194564,1.3730616169264773,0.7353430969455975,1.659769670146454
cgSYN000422,0.9848778860903032,1.2018080617984495,1.4695641961292538,1.5175374720366201,1.3516330597155584,1.1804175826142869,0.9869939869546912,0.9601400800838413,1.0965215569586837,1.5679882577509616,1.3947103267517749,1.3060115899208884,1.9900624984098643,1.195488094881091,1.289913222703743,0.8371571497552992,1.133461790712864,1.687166673831017,1.1704884834865772,0.3514369512384678,1.694154755013295,1.7731586872887228,1.8292945465711503,1.4049777624922297,1.2009289952386986,1.3614368469993667,1.4268847690550022,0.9496518977403048
cgSYN000423,-1.9604303484211385,-1.8146528557230035,-1.5489704234433141,-1.975196578181204,-1.6139147370072748,-2.5578355630634184,-1.6084738948174309,-0.3310346098610481,-1.5630223835337396,-1.3496224062587983,-1.0427390482279353,-1.2354236259344618,-1.4124036928556662,-0.9430553831581386,-2.2528543340340574,-1.8782582139283124,-1.4782113739861265,-1.5623372937475652,-2.4759741131613153,-1.8439303461669654,-1.1212318600288167,-1.5027568137250702,-1.2542697484589231,-1.4977102493113317,-2.203189097422961,-1.491127116420046,-1.6867078549881993,-1.9654933874011955
cgSYN000424,1.308456902014566,1.2880511997107504,1.5308800161609644,0.54519551612152,1.3456350501208967,1.4267419370747554,1.4469071444953203,1.815973526374549,1.2714992469581434,1.8217379356456722,1.4200238108790364,2.4124981677465787,1.1830701045394578,1.370761794826173,1.9143300054732966,1.7106144880427525,1.185119241226495,2.742955662280877,1.897628538175798,1.0687750495137183,0.8533169524387818,1.7888550639508807,1.3249237832978262,1.8394945522328245,1.8049459920658308,1.653323719968224,1.71564711998695,2.1194307546420093
cgSYN000425,-1.8796435442502124,-1.7569657805911099,-2.070202963782527,-2.2820886730053513,-2.003853231803775,-2.118718665043075,-2.289705458670293,-2.4636523321111796,-1.6216465326492913,-0.8329721479168025,-1.0512917584249333,-1.059561786453335,-1.4515495262217621,-2.486981972419805,-2.6011377363976225,-2.515915453781791,-2.713555123517371,-1.9670276329755552,-2.89574096048185,-1.801414010083289,-2.488664809221286,-1.299876711726523,-0.8485102417769729,-1.6642163414854005,-2.5488297008107956,-3.1233515738425446,-1.6056374645299922,-1.9551098146041763
cgSYN000426,-0.9023260191065925,-0.9814337905782753,-0.8676725891760498,-1.3070397711680963,-1.0445157505231082,-0.8712583039381552,-0.7696813613479333,-0.9975129317158916,-0.48506329114929553,-0.27495965810674505,-1.2147448798374874,-0.5565560097952674,-1.004849693285104,-0.445705879760888,-1.6746220987825393,-0.8874177726480225,-0.5032177193110065,-0.5188649918677448,-0.8041338884522387,-1.1117154966417122,-1.192911078456085,-0.2454468739797266,-0.6641529004817114,-1.273074217000624,-1.2301272140426094,-0.2866745035993095,-1.1050732358744764,-0.30147965452276554
cgSYN000427,1.006570252778667,0.9761743360188778,1.0556208477093596,0.9688195656245795,1.5656772276639088,1.3226018640665853,0.8999928048153552,1.129560124550477,1.4199293864696227,1.5003364137348507,1.493149876884454,1.3485554296417506,0.720943506291553,1.1883760553833167,1.1760968810776389,0.12209546748136596,0.9698781945996672,0.6535915147024554,0.9994137644610062,1.5135051551804903,0.6157158059851398,1.066462378515036,1.7433978081299626,0.7399191578942127,1.286061278872379,1.2821226920300364,0.6564230545145073,0.5691864081276833
cgSYN000428,-1.518187852220252,-1.9156378495725594,-1.6904286301348277,-1.510581006476656,-2.1516888464711728,-1.4392237696180972,-1.5431475066772964,-1.1830739090205455,-1.476404262518342,-1.6084367075445158,-1.6311307078134527,-0.9415802729847957,-1.5488186048202275,-0.8584847491056875,-1.4553390560917996,-0.9163207269073825,-1.148454690523363,-0.6232426774940445,-1.604668122087897,-1.7781787868893137,-2.339022727991861,-1.9229929258591258,-1.1131022530036765,-0.6509430275859935,-1.364228576759069,-1.255264511041732,-1.2414121799428746,-1.226983749829597
cgSYN000429,1.0331219769865643,1.612757956647334,0.9529608945184513,0.5321286713030944,0.9444640514812911,1.2776744185233155,1.394758466722272,1.0348213070708432,1.3035263018807481,1.618784994701114,0.8193113795557122,1.389813583190904,0.701486285253919,1.9394748544530183,1.1227379631795669,1.9721355107709542,1.488177665829981,0.9902095935038608,1.157316608262049,0.9552700384912265,1.5514166544819983,1.4378694782184056,1.0217761141269242,1.2171339926955502,0.712925074416889,1.2382508713018334,1.1217568157061286,0.5450409150199615
cgSYN000430,0.6089981525415875,-0.13231012140018883,0.263805120542768,0.8014406596663504,0.35745236644706924,0.4263542478137051,1.0476113569050511,0.635691037885423,1.0434888808546336,1.3750441398776907,0.6927641325106267,1.7150087383002082,0.9631637082592709,1.0672121888924664,0.7677542095097345,0.3379204194883049,0.6581118396313598,0.4362339093956286,0.24297761885311034,0.7628103736616902,1.2830474789786575,0.3867697774852126,0.7760578449899362,0.5605198492394047,1.2832217902936445,0.9615273309616518,1.4992444426862446,1.0183216690831596
cgSYN000431,1.543006405913896,1.8864196437814882,2.3908849839611372,2.154283897265464,1.2850744909549192,1.9563537344326005,1.078881129227998,1.4713593274757928,1.9537060373297344,2.4563474523542332,1.9453932811544254,1.3241054326763035,1.72028411518212,1.8957088672205442,1.850338730986254,1.9131570299221068,1.6052260594087957,1.0414493510945466,1.945039168708253,0.993703315484858,2.1302300992162713,2.2296714680691347,1.7462687121268956,1.686664182943847,1.6403349856240046,1.1489400341732512,1.4373677467307728,1.7890636997727605
cgSYN000432,-1.8848211769608112,-1.4529008350982355,-1.2609488165672198,-0.6661328542942319,-2.1273863813456635,-1.8906848176573032,-0.8711801462091714,-1.054975280024309,-0.6545330453269099,-1.3683517038674458,-1.7556657384683665,-1.366997163026501,-1.26864821527786,-1.2350793205916983,-1.8473318392555365,-1.54853977596997,-1.0444749897041603,-1.5507137321093343,-1.4345350150526746,-1.6688781732025948,-1.4259980147918723,-2.195448816746279,-1.1785035029331103,-0.5973218941055058,-1.1785526851297938,-0.7662805598872253,-1.0927952040830566,-2.1833528812358125
cgSYN000433,-1.5412854674243568,-1.1021656219911091,-1.518052143043005,-1.598617531727896,-1.0866422728325482,-1.4283735743069468,-1.545431265340779,-1.5635430473706338,-2.5583941253734213,-1.2520323896409475,-0.9897014453293376,-1.538629295160231,-0.9683491017100263,-1.464051032570358,-1.148111464719239,-1.1202914682025018,-1.0632924027283226,-2.292508342248272,-1.0787521778342462,-1.2624697119964836,-1.5629721731038135,-1.1424038190920078,-2.2065383239661993,-1.6367307061378982,-0.9489721049489727,-1.983632372423929,-2.200784179766101,-1.3280513515733223
cgSYN000434,0.004844520953533418,-0.47288349405096336,-0.4984523654424026,-0.052343051012624146,-0.006318055261225846,-0.19489452915104685,-0.3624625058281567,-0.3027359323076009,0.05154123093300644,-0.06611560741634162,-0.8294979070764033,-0.18715193543477374,-0.4473922309594093,0.45225135077321227,0.4873936828166767,-0.5386833192953497,0.0737059845971141,-0.557118205159583,0.06200587352696903,0.29966640753068374,-0.16641031180109345,0.008626098556827706,0.09036617505962252,-0.7556156064813727,-0.07035556295812674,0.15487565920079455,-0.6720309532518914,0.12777311208610065
cgSYN000435,0.47207761390881475,0.1054961387925075,0.7579893701155829,0.9041442131508628,0.5250018454947779,0.5211762122176661,1.2537423265475005,0.025044959901285548,0.17004167043981627,-0.03395815901242883,0.778486600888942,0.02470043866259862,0.8592297983878023,0.4722356362063064,0.4010563771697141,0.7673064266142734,0.31338580070672917,0.21945957621711534,0.42922677586520586,0.49930666998823353,0.3112449157371995,0.5839972049803484,0.26202655906212535,0.004313727097159501,0.2941187504344871,0.5423180653158161,-0.413410843660538,0.9476170663205864
cgSYN000436,1.7732765777738555,1.1951284610173216,1.4903578138725362,1.1593767523862695,1.5829139307726436,0.8523138785773654,1.5636044011746066,1.4673922060964084,0.9066006429969957,1.622646181150557,1.1561908021095748,1.884555521658698,1.6456828074287766,1.6121529284255616,1.3665093559700172,0.9138193517742629,1.5854110660132081,1.432784243038715,0.8125240087959664,0.8570076671639202,1.2481806607275456,1.1303030528524245,1.3538682706507053,1.2719693871089766,1.23078258456632,1.3252360610812195,0.8704932676769538,1.6417221868934524
cgSYN000437,0.5742043645963977,0.6357970252995402,0.4563404546484437,1.413753381415529,0.8118069151299881,0.7338228649889739,0.5264596144272657,1.1995349330268104,0.4744261382553841,1.259348419258918,1.7900171263414473,1.7148861549775671,0.9554239513484062,1.4564842953616552,1.1413914731806833,0.7401112040239815,0.9294696065667684,1.4082663912462903,0.7308795841001162,0.6609038115103698,0.576999884792645,1.6478892834948757,1.237921975970741,1.4867533633094194,0.6424367137191086,0.5089169092442785,2.105097948691391,1.1495492422335267
cgSYN000438,2.1207864053470287,0.8245401211459371,0.7019967644312981,0.90423812557098,1.3593969411373865,0.7916802251893748,1.4704725013621707,1.4158567324961837,1.04670684892511,1.5723376162741898,0.9137534550801096,1.0259464079524871,1.3325254999517655,0.7153597215431888,0.9287719277426453,1.1071783587456812,0.5517692980771737,2.1273239128334653,1.4326349491780623,0.9780949079632122,1.420526116422569,1.5494371933801867,1.022959615060052,1.8711633700609245,1.279688695663213,0.89626678781172,0.974094305872807,0.605400976114918
cgSYN000439,-2.52186218845983,-1.7868979851227926,-1.460668847977309,-1.8777281839444584,-2.707212150253373,-1.577325813452825,-1.4764778467316566,-2.280311564847209,-1.4238803130402484,-2.742171671558726,-1.7538023183053506,-2.063696187984061,-1.7646369968501676,-2.7558936640192053,-3.7570700470867986,-3.0238466033253477,-1.9586148423226324,-2.638947755923938,-1.665563284018253,-1.7937237064594502,-2.9903516254500278,-2.4224218536212225,-3.170716639737913,-2.527970374818703,-1.8570178148393006,-2.1402475254528763,-1.9037395542357844,-1.9010386460926447
cgSYN000440,2.812800889981791,1.3543654295244707,2.3037021929800634,1.4775721274794817,1.6777561792952131,1.8829105575052678,4.897149202780617,1.8425397986587815,1.498276942644988,1.6089622271265431,0.8234188973862996,1.885662741584977,1.2871620124154926,2.074420840188566,1.1773111613684608,1.7214708530853795,1.830544082672352,1.647245475449957,2.501505492827355,1.7654950573339852,1.1497065505222412,1.424226867764371,2.030788557666573,2.326870159144914,1.2848219654002626,2.2293232648239467,2.968367277291092,1.8274880440049246
cgSYN000441,1.3527109503975583,0.6430432597977476,0.9061418112476745,0.1092956086011853,0.9789969140512591,0.8770594729434726,0.30619176882637855,0.9705874750595938,0.8507906298054524,0.728185901240382,0.60683850852065,0.9377778547578625,1.0612294354005363,0.44980427411178914,0.5564363302832267,0.27201083507527907,0.7434256698818156,1.1833873137236532,0.5182172610471147,0.5821731768141862,0.5436435268182731,0.7096453083268662,1.027743363822275,0.4896535350629204,1.6556469355214498,1.1399209863443163,1.117725285338615,1.023647496325335
cgSYN000442,-1.3964741086096368,-1.784858451388269,-1.386264362756376,-2.1316619615479113,-1.3515667634525304,-1.0432339397039516,-1.2562455677887558,-1.252122342134411,-1.2864396097535167,-1.770195060750183,-1.8483482649656457,-1.841926805343687,-1.295455370440925,-1.3225563992344822,-1.4044394190969611,-2.340740240188042,-1.1670454819089617,-1.1444530498433836,-1.5678801122000876,-1.7017345657148193,-1.8438565823036208,-1.1399478639973257,-0.6691036859372862,-1.4532426251554569,-0.9122874018937218,-1.37212695250426,-1.2917251731092037,-1.0508267790555874
cgSYN000443,0.1563531671711885,-0.3197453726844282,-0.08537143612539844,-0.08080665767080096,-0.4355607774283583,0.018763753737398695,0.3504886301545394,-0.2889775073642833,-0.09230410460680491,0.09903068110964044,-0.5740115403388291,-0.7562451859705479,0.010798486468906068,-0.10590528279831588,-0.6550736519355937,0.3577364463208948,0.38046063629981947,0.14540047959646346,0.5382411019093676,0.49832963474585157,0.08597733460344856,-0.09558848464364472,-0.4586933595029427,-0.005420588713616383,0.10909395095484285,-0.5199588096062129,0.10707308638171599,0.19286565012466014
cgSYN000444,-0.05944201327288122,0.3717189037309061,1.025965432194256,-0.03438421151402338,0.5551576584537954,0.7022843306178835,0.4171819015107395,0.35464846416735435,0.03857868542209547,-0.04868191254024902,0.8725756584620931,0.6209678359575157,0.08345552836847396,0.8671483047247122,-0.061859843963583176,0.3640877559237416,0.10891887991887077,0.7993631381438442,0.033662835660831204,1.1745836239952112,1.4256422641921702,-0.06237164921105512,0.4395999466809402,0.3628153333499484,0.7987425292294725,0.445333468154692,0.26066437144758225,0.007927133148070423
cgSYN000445,0.36983450860500133,0.90438117374339,0.7864460302277939,0.7628813147995545,0.9103245941679358,0.9371124998165544,1.232918413888052,0.48705457079168524,0.4833897507785668,1.776039097352058,0.48297107101649805,0.7014202406067441,0.5974617649515392,0.9997133377317873,0.9695901821586049,1.1433649040901084,1.1053851651977529,0.7535487742214998,0.593371905804809,0.705785539365842,1.3998580713595188,0.6500796061217496,1.0220698922182883,0.526949778810391,1.606419405139134,0.9055428005188964,0.3759229335779766,0.34523782208572207
cgSYN000446,0.828836527137569,0.7658065038097193,0.896073857735372,0.856549364107618,1.0596118636592997,0.5841110178266299,0.11380489505621426,0.5120064464954857,1.3601420740353949,0.5255772730428234,0.36830916975179306,0.9721849678340316,0.4053634437242756,0.6452048756403203,0.6489037715093388,0.7463271168975035,0.9409165128668419,0.5754428482315478,0.2964424380975702,-0.016746854991929443,-0.19876982297918477,1.4517247378773084,0.5654406835821274,0.7468750837961925,1.4361918847138002,1.0477017218409361,-0.20332946726033538,0.3804745704743566
cgSYN000447,0.8835111852249973,1.1415259033422007,0.7611328235178564,0.4161707928574525,0.5360188995165094,0.7242895953012858,0.21367356074105037,0.664247956701953,0.4587998214695835,0.6315081384789052,0.7810050817312143,0.6949305619300352,0.1382144233161675,0.40266709535891626,0.6424148675671271,-0.06632825627247714,0.4441792349919686,0.4540699399797696,0.6561719633237897,0.9003747131313369,0.15489597895674428,0.24176608391149965,0.4093844808311411,0.3900077016146971,0.4404060684060789,0.40061304352567534,0.6391901632999011,1.103077530257666
cgSYN000448,1.25883622183045,0.12965665229981257,0.7855318962153333,1.1332833192225222,0.6765564571487493,1.715649722815123,0.5470794641076898,0.5947879805851285,0.9182718089783524,1.2645413918674338,1.0289738469981504,0.3520382071601831,1.4091882254571624,0.7480541636911391,1.3770165462987634,1.229502470317897,1.1891458834641149,0.6056600684606649,0.5344514235920217,0.8878885929094886,1.2273807597007764,0.6513507380272796,0.7813059613189027,1.2882623661601853,1.7952873751530298,0.7913730878510812,1.0862448183376407,1.4056201500980021
cgSYN000449,0.0393379073097911,-0.44802909340092245,-1.045322876441115,-0.9335002058799051,-0.17131621691416854,-0.6422254084537404,-0.5658135152549782,-0.002716781373977083,-0.7452310667226637,-0.6379778398602665,-0.4025180765255178,-0.1773880922315452,-0.21052600344272485,0.19286623876990738,-0.3203460737770235,-0.3284506226135902,-0.6254880922756938,-0.8138802765708301,-0.2748039930355839,-0.07828051734805375,-0.1675154071893553,0.04233008445578962,0.536639000451185,0.009384176899821852,-0.6345783445370697,-0.09508288802738954,0.09027041001609844,-0.2553039096923676
cgSYN000450,-1.5826082495323879,-0.32185907133360614,-0.7175148099626624,-0.6875058773338453,-0.6301808649333372,-0.7576023522105182,-1.2046877723518126,-0.49044489489837145,-1.0700644405656656,-1.5389220318138181,-0.7766431526426169,-1.1364826518514288,-0.8406108690826359,-0.2743187595102097,-0.9129977470085873,-0.7039642494823436,-1.082677562867027,-1.5507164831632627,-1.9071875354372225,-0.764821482437809,-0.8051681748779886,-1.5949688797828014,-0.29118236695733246,-1.2768957769471918,-0.8796671041732774,-0.7484460123921215,-1.1266862393700074,-0.9870293575799337
cgSYN000451,1.0236582327366934,0.3938062239963854,1.0452609797580183,1.460000153779891,1.6749842681652056,1.2589004463922575,0.6720049301243881,1.3201503020038143,1.7274759289516204,0.6971406767449453,1.5141465588952543,1.0138757804741376,1.7203947903097738,1.6531041539901712,0.7123915032173391,1.4401862214125492,1.4603590158883912,1.7696357107081673,1.191046555975109,1.063111888610442,0.8275574912361656,1.9338889395266539,0.5197021058690275,0.20871819359171725,2.0536602655594236,1.1829584701434126,0.6673754122117823,1.133635610113248
cgSYN000452,-0.02428098131418487,0.26588839455904095,0.052530773064001564,0.7863387738643683,-0.042320792983536505,-0.05524682938344868,0.29995545683079716,0.6140839530213169,0.557575228898575,1.2930057924806277,0.3811839283421382,0.7264915286401935,0.33589266127655276,0.29243999535375415,0.7043757769261036,0.22974674088180236,0.21019126116754583,0.2240034269659145,0.41474954303130085,0.26395780999197993,0.8759793270899573,0.686266948018407,0.7470441961136312,0.09903722785661478,0.8540255662747761,0.2561862618455452,-0.03697975984209681,0.5409209668983135
cgSYN000453,1.836849382471651,1.011010794613098,0.6528830268819786,1.1582043873401369,2.3791970758898118,2.2074547930939548,1.793759412991743,1.3908073806412533,1.5463418720503177,1.9285395497426263,1.7454303378282865,1.8074743467501075,1.4028091503186964,1.4512751369984258,1.7037517589048508,1.0263234893421946,1.3050486324704116,1.615676400316205,1.5070793856433624,0.9620031142140597,1.2799060131679583,1.7238644859218273,1.4185033331219608,1.5136400099545266,2.141805857897134,1.6722225093254712,1.2455004196572712,2.0348468261996695
cgSYN000454,-0.31719481972095787,-0.8445882457799249,-0.5366281161496321,-0.21484278823773179,-0.8828816105786109,-0.3398732112257971,-0.4923791505278166,-0.6946889194632325,0.09663200529067176,-0.17951213841679406,-0.3304372900793418,-0.43478960898645835,-0.7022395144200814,-0.44002268984657156,-0.8246427699794122,-0.8068580674821142,-0.6172197876623627,-0.4549237951654872,-0.8481011834067587,0.04649987544973198,-0.8582134426251039,-0.45970033189833964,-0.4801552380940005,-1.0360763442200054,-0.5254643021799357,-1.4425983516146363,-0.5156142734435024,0.0882362758798385
cgSYN000455,0.08578907061280565,-0.09210337808371176,0.36008869871471677,0.4587933560736451,0.486844129828106,1.114639150582606,0.5502881631061302,0.01847251363431067,0.5779218003781398,-0.16399078629437633,0.33044831547101056,-0.2580402227991329,0.16443788009453267,0.5405694558422423,0.13494933999418662,0.5322750189848248,0.03890723913920763,0.8275102139257798,-0.2582006603563222,-0.6063934373113595,0.39092043901054624,0.3603433672573046,0.2966923510552024,0.0204643577933781,0.549665052439188,-0.38758299613522185,0.764398229672664,0.9634879044624043
cgSYN000456,-0.9072038390194215,-0.6274841603586856,-0.29205857537038743,-0.2730386202929745,-0.3480199187630108,-0.6975284822794877,-0.7522919521929534,-0.5726980682992814,-0.4888839785466514,-0.2953592603309774,0.1376845921462569,-0.8019956190428122,-0.7872249175885813,-0.3020035002560856,-0.6534774598614199,-0.9066012729440824,-0.33869926119882604,-0.5926306077562957,-0.2741629694750621,-0.7643094439778562,-0.33779853585561426,-0.7163564938142394,-0.41139990742847193,-0.6039375286016847,-0.10600730111472215,-0.029900044691988332,-0.3031646432357027,-0.4596734133325352
cgSYN000457,0.060024056967830176,-0.18375929215190356,-0.18343855899827016,-0.5581208563605624,-0.21622091237686294,-0.1990539872863492,-0.24740927652448835,-0.3738125332804189,-0.5380776660364912,-0.500987203973549,-0.22022745554358553,0.13263836142901372,-0.11186873373101447,-0.9341412252510243,-0.06285568017149568,0.1572771223737474,-0.7848190104456884,-0.44330520035817605,0.07834935627029231,-0.39711164658973735,0.22941062386707423,0.025583423552727594,-0.6597943878511222,-0.13246853749716533,0.24729314230115623,-0.6646484386194131,-0.3529000353309597,-0.5761319905255885
cgSYN000458,-2.1029860133720213,-3.6998505178943484,-2.949357809335257,-2.607022984496418,-1.588094784100404,-2.9276659206741114,-1.3805652594630922,-3.2073739725825514,-2.0020737976680403,-1.9894762525835603,-4.095635104936962,-2.920770807902277,-2.229316495871832,-6.6293566200796095,-2.5147556130776367,-2.1832322481354516,-2.3197272071992354,-2.2586725118125646,-4.578259005346749,-1.1646596359152401,-2.8599237723874085,-2.024512736621968,-3.1052483867257226,-2.89907051722712,-2.604619018289102,-1.6776651361152453,-4.478690078902881,-2.7776958263278697
cgSYN000459,1.762726112044896,2.543098240784918,1.8541769916656932,2.069941745913413,1.5429740560575886,1.0508012885615792,2.0696902442521203,1.8692475509616515,1.9677792072965723,1.9865416509716818,1.8248353824587966,1.9088726058203629,2.6182528277346426,1.7161684384159843,1.4809423296270707,1.620434852525847,1.5063171788645258,3.8948629235361643,2.0898878551295788,1.6971490599645092,3.3225112279133264,2.434422287684428,1.7615671325537028,2.229527503220374,2.088982606626361,2.3486693919989996,1.8950861672806458,2.432569656607772
cgSYN000460,-0.46350555026554047,-0.19982278392292926,0.231568990843263,0.7515201351491839,-0.02591287085128025,-0.4026104495307532,0.31214689883922686,-0.31538165955813086,0.16192910261244808,-0.32685038557843327,-0.21039204499900843,0.20859166871369042,-0.023254668599486147,-0.011312930506142418,-0.259254677118771,-0.38214108650735024,0.13032629062200243,0.053405507206427075,0.20377824639478873,0.6847422677667854,-0.44991736975338725,-0.5140197881920004,-0.7444717398287516,0.2170958076823817,-0.0423735193087489,-0.6731895787858082,-0.28805352153419894,-0.2938399063626946
cgSYN000461,-1.1058974128837746,-0.9624622470482113,-0.8204213606372315,-1.0385441301061598,-1.310965290729697,-1.1822611672559715,-0.9545390605641898,-1.0529990580268136,-1.1210138604051803,-1.1133373494364034,-0.5601446413053943,-0.7381728167576038,-1.102955739335979,-1.196297973195051,-0.26511501186473246,-1.2379655900883426,-1.0850097563036656,-1.547639183977415,-1.5538336482941142,-1.340619530269778,-1.1351918488276105,-0.7418805294595864,-1.634453331985341,-1.5563777393384708,-1.1374279885482943,-1.666035749502755,-0.8005876311498814,-0.48945600695761937
cgSYN000462,-0.8783115565698684,-0.842262051196842,-0.5711905508840165,-0.5586600587299612,-1.2384730294896507,-1.149362172599915,-1.5254691817781605,-0.42444484461948606,-1.075324071489184,-0.9539030035265561,-0.8010459136582232,-0.6488487652922984,-0.9043923516087612,-0.6981744656363268,-0.6875358349370354,-1.4172797485686688,-1.1204023167304442,-1.1200042968512194,-0.6203906569713704,-0.8363200838569719,-1.0945813028864988,-0.3616542514736443,-1.1967676320672287,-1.5528630863565414,-0.35391183235097334,-1.1511489088868108,-1.794912182226716,-0.8376720787951853
cgSYN000463,-3.1363455316533533,-1.9752215510125513,-1.4078377017828092,-1.484341963960108,-1.466722686993748,-1.3862448999748003,-2.022945022002758,-1.4486468341805883,-1.186977756814985,-0.8392191576877752,-1.5788459032707431,-1.188913683835971,-2.7701136462995333,-2.243041192284775,-1.7855197272131067,-0.8245209396198414,-2.3003453824947213,-2.9305873923001657,-2.2585761680110115,-1.5492924251262008,-1.4439965424184216,-0.5549877481132587,-1.7380568221277193,-1.6805908935887532,-1.8142718100085742,-0.7174651534132748,-1.3605370285700393,-1.5910509473573844
