probe,SYN-OED-001,SYN-OED-002,SYN-OED-003,SYN-OED-004,SYN-OED-005,SYN-OED-006,SYN-OED-007,SYN-OED-008,SYN-OED-009,SYN-OED-010,SYN-OED-011,SYN-OED-012,SYN-OED-013,SYN-OED-014,SYN-OED-015,SYN-OED-016,SYN-OED-017,SYN-OED-018,SYN-OED-019,SYN-OED-020,SYN-OED-021,SYN-OED-022,SYN-OED-023,SYN-OED-024,SYN-OED-025,SYN-OED-026,SYN-OED-027,SYN-OED-028
cgSYN000001,0.2823029635266077,0.3898890362213401,0.5098866368463527,0.3705515464938062,0.4544179019727962,0.3692349323465395,0.34226458523760106,0.3811578152090726,0.31319911021928043,0.3516991132654194,0.30321009585302067,0.3953589830920209,0.5139178524275341,0.3260742313723688,0.4673653409157075,0.46079394427864295,0.46820666475261585,0.41539624877039083,0.4394768857045561,0.4781067393365609,0.3175592090016669,0.540604565774123,0.4305984894569349,0.4248436474089812,0.5335613100543353,0.5223864424922476,0.3862613751248924,0.5418490424682307
cgSYN000002,0.5645262777931398,0.4725926388591297,0.5660574889329956,0.4596721888285208,0.44206734019694804,0.4138629574989756,0.5218207196551565,0.47769194912247614,0.5233280731901072,0.3838028894573683,0.41314763139662114,0.5313591670122859,0.5862600319849107,0.4179109064917783,0.4993351099038704,0.45930142163407284,0.470105988239339,0.41650160675322867,0.45411143440875135,0.4736262561923178,0.577600728671046,0.4982239373526295,0.45468968847018953,0.4265754760903212,0.4797357143453389,0.5914547149888402,0.6849760548597474,0.5422501566019549
cgSYN000003,0.17125367099929678,0.12728649449146678,0.14201495405157216,0.1429615574591806,0.12282637332233061,0.08350164975720202,0.04905293924709979,0.1330484773283998,0.12350642570619187,0.11370728363265402,0.18892237706851567,0.13588574934270675,0.12726539409586285,0.12248752015023905,0.21626345439271383,0.1534047310115607,0.09003191859016464,0.09718574854866195,0.10376663891690692,0.08498670886300345,0.0349080146394478,0.07120860045829676,0.1303147803503369,0.17602652984278683,0.09582856693757304,0.29150282655352827,0.20267106274652455,0.13106994473344047
cgSYN000004,0.4202522085103435,0.4792249915798257,0.4957612129034814,0.2970598621033298,0.3235950435967945,0.42978955594685586,0.42213993297682606,0.3834413704382785,0.4876912552079625,0.4137673203404326,0.43623078863442166,0.450676791616479,0.425739102134317,0.4316318648761234,0.3801981194096826,0.38749484299129766,0.4174272622486941,0.4137160277914711,0.34271930644258297,0.48866984495055665,0.37650395108291396,0.36553752017904834,0.5249275235486902,0.437946405484648,0.41914971898629627,0.5900809221626782,0.607591529412892,0.5003058648966843
cgSYN000005,0.13456667854316257,0.1288103871743922,0.14894502137738225,0.07164059985672093,0.13874392566424298,0.2723624074290636,0.23305083266066062,0.22830779786375277,0.08172483857591216,0.142990409987932,0.24989496805646505,0.05324138909386615,0.15237264221294056,0.14325383988259688,0.24198627644641363,0.22578676283708482,0.22763818889531912,0.17316893335616773,0.16914968147092146,0.21448299393880516,0.12238776314801651,0.20093108896601597,0.2024927183760295,0.1353051792568642,0.21942209922848888,0.2993340570534386,0.1372929365811213,0.22112855952643548
cgSYN000006,0.15056151143213375,0.12319750810462611,0.16713817394441915,0.11819091172987624,0.1033200021806674,0.1403344959994664,0.11241031435653968,0.10769036922817644,0.1800146918350296,0.12087840078280278,0.1728312774706371,0.17345201595194776,0.08069151063284215,0.23568290872329078,0.15428882357532492,0.1708130516459983,0.14558227477422442,0.11244609119469244,0.16834569058366278,0.03376294175949683,0.09769283469582134,0.07564960996112745,0.23139690775302502,0.21195455723183437,0.04697042310907511,0.24781284044638108,0.15484432225958933,0.30707907859148864
cgSYN000007,0.37333554966007976,0.4575205650347235,0.3750610338421699,0.39931310749507154,0.5249259050339037,0.4037949404392197,0.4101495737889297,0.45670438436657224,0.3107974712430662,0.4128662496290485,0.40168379607305493,0.4134640641926879,0.4281943191913534,0.5247555936012984,0.37365700407069014,0.41616940765809873,0.41122135391690573,0.36615161618246744,0.43656527854016414,0.488242576592845,0.37511929330542293,0.3363399400778804,0.4160844992024746,0.4503164850397262,0.4839506633253693,0.5258162143554708,0.6719427750227188,0.4332967089651038
cgSYN000008,0.15121539403673334,0.12369038493839528,0.23354402717549366,0.18104683030139912,0.3050263850805568,0.1404967552008275,0.20639048908249075,0.14966714933727238,0.1626752376708791,0.2543681713705037,0.17489829341132057,0.16115622124206286,0.1306426692122759,0.08295752608564068,0.23116535806954502,0.16353573589083858,0.16138395073597012,0.2737393336081617,0.1824879714051073,0.15485877380183694,0.15919175815287984,0.2089894863515107,0.09613610014855876,0.10078205266399885,0.16515085688068304,0.26795120175347104,0.22799154494063617,0.33377543143319743
cgSYN000009,0.609367249510755,0.6940916379454997,0.6881583216499076,0.7346769721404544,0.6558969517853012,0.6459094338391088,0.6545355805135095,0.5556315451199185,0.7472801301215682,0.5863443613527926,0.6308460014278413,0.613087140644696,0.6523280431078795,0.7079304091479175,0.7144243019908694,0.6538944439193809,0.6880702415810345,0.629402282360718,0.7044412350742274,0.7566726155059015,0.6360940571498449,0.7261911625728716,0.7436641465028361,0.6629219835179531,0.6329759498585306,0.8284930876700506,0.7225575450681618,0.7837416995585812
cgSYN000010,0.19266568013946095,0.08651347969132704,0.037145829808112776,0.022720545881761825,0.1227626412321323,0.01,0.01309619410221316,0.10700164199463198,0.03979583276892683,0.23076030531645253,0.01,0.08805326632897688,0.01,0.09594724689773974,0.12092702020274572,0.01,0.05410362325536726,0.10323322342500311,0.1625418726555532,0.12395235127723901,0.01,0.01,0.03436634214655303,0.07324882768857839,0.09171133114538606,0.21032816294490683,0.19900108399150743,0.3413141474099944
cgSYN000011,0.11144035687175576,0.01,0.0911130061556459,0.12699348504047026,0.08088262026701994,0.11114787601555824,0.058056572563396844,0.01668266492961655,0.05766335530296761,0.06043981934477295,0.01,0.2189974437771623,0.1697396461506368,0.06541833871061718,0.05198270869934983,0.01,0.1209147777387453,0.12837679071404995,0.15315579353940734,0.1576320961808858,0.05506447693736023,0.028593452888675583,0.041769662408492406,0.09537347607334674,0.12971250444604138,0.1808059863576927,0.05704695456577896,0.19655208075806502
cgSYN000012,0.5240527561130276,0.4737145409437036,0.48385748475540036,0.4093681879778851,0.5256711364429062,0.5424886809848629,0.4884840092667573,0.43248462277813926,0.3938677662673925,0.49845978312630734,0.3592757886684311,0.4675452249774693,0.40169509265735304,0.5283513028542974,0.4452803630422052,0.45961694657543983,0.468311587737435,0.4792430395265679,0.45132145726506145,0.4313795312203048,0.4883079231162286,0.545237619874482,0.3997738565508113,0.41603169825114306,0.42873721245026497,0.48224237059585595,0.6144842685385833,0.5944506267814254
cgSYN000013,0.36262504832840364,0.3552184642766396,0.45689361860894806,0.459561156053099,0.4180584061981405,0.4575098302076237,0.4553847450280719,0.3554689496948462,0.4408517416062926,0.4150506805517157,0.4517363575644898,0.47811915707624053,0.4931842764131782,0.35436236560966894,0.4790926894742209,0.36473783206436167,0.35634642996887517,0.38717234736117495,0.3976345338412902,0.4807805163894652,0.36601590716574095,0.4586874727283353,0.4013423574827917,0.39846624008018683,0.49761184599322406,0.5830850399035851,0.5062412076991897,0.6185563578870489
cgSYN000014,0.6348348492655638,0.579798426716446,0.6020944349084748,0.596847855447116,0.579302109918331,0.5654678435160655,0.6621127117204207,0.5623755638738224,0.5039288963408438,0.4510063234740497,0.5937598982359713,0.4597781601901231,0.4670490744876986,0.5268786798628843,0.6535821993652211,0.52516977102598,0.5438628552579492,0.5336342577905461,0.4993662060287717,0.44543039716132593,0.5850281716134001,0.6345249273594068,0.5802937630289527,0.601888736830531,0.5730218645607623,0.635901817167303,0.6514567944983528,0.6457877547237126
cgSYN000015,0.6028245164768562,0.5242678468287527,0.6464912795464802,0.5671862612413846,0.48055178989547565,0.5407661393755757,0.5570592965793284,0.5335946877492307,0.4258212859948479,0.5749577022021396,0.554000884695716,0.6191825617015078,0.5061222429361291,0.5968040978299625,0.5218554656391142,0.6605237348772824,0.494640318953795,0.6297944619973267,0.5530050418258271,0.6142885190641884,0.588094070260809,0.5328632534086352,0.6015071176862896,0.6083200979774617,0.5534117765286947,0.6728695767608796,0.6293065094962795,0.7135395866970602
cgSYN000016,0.36771010662512277,0.12219062214759961,0.2631387806738957,0.18009299387099842,0.12974275100826477,0.239606400900982,0.15142292844803712,0.15927377862555347,0.19485648971421432,0.14637423858847626,0.11953193705610081,0.15017299121737948,0.06348536553312688,0.2028433761477635,0.24651874671262936,0.16269700214785154,0.158083602301543,0.2862301432000902,0.1422065079910217,0.18497344086261547,0.23245120778538397,0.1915040869939495,0.24598751545005343,0.225047239234132,0.1490503750659825,0.2631979801935456,0.31823889838809666,0.3659241919113866
cgSYN000017,0.6096165107167852,0.5477842064855759,0.6569526669562779,0.5166547332754308,0.619048507274625,0.559831275057788,0.4885725028469501,0.6043221593295933,0.47017476934732805,0.550379196797209,0.5248625585523417,0.5412919584929698,0.5716969782334738,0.5192636790747557,0.5554864707200734,0.5434975500322177,0.6050680282097427,0.4459521155910984,0.5212397741383711,0.48785572159447876,0.46855211297577803,0.5125928128712688,0.5948301215147107,0.6157661500712427,0.4230256094928303,0.6507027081902055,0.6983528127345762,0.5871647475586536
cgSYN000018,0.23409742155208213,0.15167564473187922,0.2824552529188172,0.26789431701472693,0.29268970060472344,0.27366107603168227,0.306567180782162,0.3139160701455036,0.17063776165896666,0.2885218956829534,0.372421604322569,0.21481922795386138,0.20651551801757795,0.14590265695680005,0.308555029647898,0.26890306619752496,0.2536445100110398,0.2116621329746205,0.2953388325147385,0.27313503855734544,0.1862745435496181,0.28082570286708686,0.23882878893606602,0.24811887860988768,0.22328402014362475,0.304292413320588,0.3279082506018397,0.4809863681724769
cgSYN000019,0.5897168674890056,0.6051748919268942,0.5492344062532052,0.6431226001369755,0.5594297770492982,0.5859473323370648,0.5438993871059256,0.6123631946268167,0.6170250486060092,0.6439324526212625,0.6386020669325785,0.7182408887196654,0.6941308239643956,0.6013578928826839,0.5457037406887651,0.5841085146112001,0.6295612646381408,0.6918404042134381,0.5069903953178011,0.6231884664234649,0.6153871069237687,0.5136814852705276,0.5216851628673103,0.7008279248625235,0.6065657307012822,0.6582340991557536,0.7131561134540071,0.6566265526378212
cgSYN000020,0.574870223274598,0.4337142980900047,0.4688257943835604,0.3835948707219295,0.4926208860368875,0.4866155010732971,0.4038333825017405,0.5140452608935995,0.3745193925200595,0.42264416937726035,0.36506252505320685,0.3491839662339441,0.5179509301544142,0.5203311323745287,0.49533777034857895,0.6722037051223927,0.4863097758580801,0.3920614417339745,0.46043982809383677,0.4039748095888197,0.43736460964411994,0.4173887027143529,0.45419362746916403,0.5141713493258314,0.42700927495500607,0.46845887847049267,0.5718407156618063,0.6047516118344691
cgSYN000021,0.25586799386630016,0.312399094721459,0.25016330217557525,0.26670391730370624,0.2408960532665536,0.27755794416359547,0.18917543385805674,0.2793700139511961,0.2827523262077455,0.227364860910505,0.2791723460448132,0.14963281419595598,0.24695645768029578,0.18253021903306488,0.13447240769777014,0.22311015755988645,0.26846603018218074,0.2971318188471657,0.3805302777448136,0.23133947638269248,0.20641892677042756,0.3053460068003773,0.19598367600234506,0.22613549093000213,0.3130685119477663,0.4521408225590137,0.2977689976874821,0.3441263441266952
cgSYN000022,0.03828434350258324,0.0667849944220955,0.06226049965706022,0.2156367595706854,0.1317271114925086,0.07564674136053755,0.11918453841224046,0.10333165786452349,0.0566434081981194,0.15823862606070616,0.19345735183986423,0.1084535423228684,0.10658079913582132,0.13032973956900984,0.06920063555088952,0.06098041099951708,0.1295019742724549,0.12689599582608124,0.17916717230327078,0.14737035859198516,0.10039020106505119,0.08632662929285541,0.09288415379407881,0.1307551756731416,0.10042427747906811,0.2472517014265146,0.2867184946279075,0.1847849839095478
cgSYN000023,0.36622638244229566,0.4027400629190465,0.3671721802591585,0.5433179784659884,0.42495975577264306,0.4380027190159536,0.3617918951082215,0.318280456141766,0.503103579644297,0.4501467652681227,0.36070385901955054,0.4196569837830456,0.4446522064290882,0.5192678051240125,0.3188642949204719,0.4711340011459585,0.4152312181564129,0.3995673406729569,0.3721473591734842,0.4466231861937305,0.34281728067317907,0.45387877336579946,0.44692230365034813,0.48746291637977285,0.38435764404868256,0.44357652083264854,0.3675438452421842,0.43560984545760173
cgSYN000024,0.15562514019338938,0.08634115275095951,0.24942221993602331,0.26425931608083336,0.2163207778143576,0.20464434364478443,0.18498488511625613,0.20847400016507414,0.2247141755882568,0.17005121624803987,0.19239589165241167,0.12760986094239513,0.17547266587333366,0.2006719710229976,0.13209109863256963,0.23275246500017943,0.13555695025866404,0.14305479512435992,0.17593296504217448,0.23051244286921746,0.17147854293530645,0.19012857113183682,0.2783595740330093,0.21549293636496683,0.20677801879568786,0.07309302118554688,0.10868244977191761,0.10962872155274535
cgSYN000025,0.4584342991830081,0.5070762788929825,0.48303027063434933,0.540071561891234,0.5428350316184085,0.47532615749880436,0.5208157220238931,0.4235690596929296,0.5391696818332116,0.4177944355032204,0.43176637442003557,0.4680645807945054,0.42548620990067804,0.4176281409320294,0.37291143673866034,0.4854010037278064,0.5130158001944648,0.48233303315340803,0.44509916228563856,0.48121369457392293,0.5175007244634579,0.35983725979462694,0.43561180907381136,0.45745241756560323,0.4144847383793665,0.392483955229724,0.48769263184321654,0.4301814408000418
cgSYN000026,0.4203134401846231,0.4963816456240777,0.5477100781658291,0.43798042916472946,0.4958824510521225,0.4849690948190564,0.4594948938750739,0.48742989716740637,0.5950313127819646,0.5885588582585891,0.5679292354287566,0.5638306794652226,0.46266663420831855,0.6355795402592197,0.5262697899193911,0.4880583670160075,0.5567403142713654,0.5223941762118476,0.6065096773769683,0.49053084776399586,0.5368498416061236,0.5970977512934199,0.4563978649576578,0.4785353795464031,0.5808810558321164,0.4459745224910034,0.37634922374451935,0.5437737907915575
cgSYN000027,0.5996786643428644,0.5350869822160311,0.6657129318050411,0.5931584509818019,0.6475975802293009,0.6684189668624874,0.6301786621148151,0.5072877978978354,0.6516850526800946,0.5410998487903619,0.6100918698715772,0.5561089929776146,0.5375625816650669,0.5666395150113283,0.5755888379155216,0.5739533525146217,0.6810910722983862,0.595583020750214,0.4295481114238866,0.49107844959820796,0.7221279954545411,0.6531164215746262,0.5325719045721817,0.5610378635805,0.5927809590437573,0.5909225656405814,0.6476808171533763,0.4609288317957678
cgSYN000028,0.6641563575791798,0.6890577665603751,0.6082777829870064,0.6300395948095929,0.6527260396944883,0.6005112883843136,0.677288839318284,0.6542163017877891,0.6434586238410206,0.5947409590178838,0.7214256502309931,0.6249913401926117,0.613790550562734,0.6921653968972313,0.7399159013081289,0.6325574532125667,0.6677640714151128,0.5339779416714615,0.6885533843975099,0.6697110826438424,0.6538459581056412,0.52750929570279,0.6779089743784323,0.6714126444694547,0.5035288835767738,0.6690787671867224,0.6467370413016353,0.521490883454717
cgSYN000029,0.7399458974508539,0.793196248099674,0.7642313533656462,0.790087702303137,0.8049037445542059,0.7224776543585677,0.7472298034230572,0.7333761228949686,0.692456465588619,0.7915762101322038,0.8616912539100446,0.7845734207304282,0.7141346215622206,0.8695746598470142,0.6642716496805561,0.7257527715255497,0.7170407724012736,0.7924446535373693,0.8138981998258177,0.8846977307292715,0.7830653732693295,0.7244063830446525,0.7599947370997283,0.7692522643847532,0.7603852103980553,0.7966410364450344,0.8091940754106209,0.7732753154545277
cgSYN000030,0.07560038905876681,0.2433089601237009,0.19049066674473203,0.2557198465396327,0.1548570241949315,0.25040780418752395,0.21921085027582296,0.14464600515385642,0.17775652706864864,0.2893261115102734,0.1026791839290053,0.0751402429105513,0.20022611325574485,0.2192030540700284,0.13443706620977564,0.19563416374969303,0.13256186110744628,0.17368106402980354,0.25429246830267105,0.21871145418597673,0.26690460466365906,0.21755348600718552,0.2841906185538121,0.15230176537178758,0.1311838360886703,0.17352927001898633,0.12742460047496817,0.2668584276857807
cgSYN000031,0.5677227685295916,0.5812991080622074,0.5142421533268404,0.5189147211375702,0.5970800717379376,0.6063665099730489,0.6148644079810645,0.47362212200064346,0.48676469865657523,0.47933994836277666,0.5195633194443126,0.5028212951435679,0.561311649504222,0.5309487276862775,0.5892878149804942,0.5409304713594405,0.6262778013641668,0.4942186779006822,0.6240930039068141,0.5746846182573684,0.5476105944577669,0.5616965030568234,0.5634936745272744,0.528808824365316,0.4585278082216157,0.5992991872898487,0.533983158017314,0.5686285354989681
cgSYN000032,0.2763506787693665,0.25009905864045107,0.3116553761493925,0.2940456948067224,0.2575162786963186,0.32471336662805905,0.2659353506615853,0.351822669728491,0.28007448329416107,0.3619265993770014,0.22761453304898102,0.16861591727246586,0.22056971792311686,0.3212820928905735,0.2411854652355014,0.28523577411883766,0.25433763673975884,0.3358630475339548,0.22955167882093214,0.2528265371214645,0.2774650214741581,0.3217533330770385,0.2650688628665932,0.22174700780479883,0.2331775418886024,0.33231031704917574,0.1998125766539683,0.11127881262471165
cgSYN000033,0.5522195958757115,0.6290776109258014,0.6103397774271364,0.6030778452676844,0.5945380080464794,0.6745940288242284,0.6328903130940347,0.5965546018328283,0.6901967718643462,0.7360378923003114,0.7417452461554669,0.599436019090075,0.6394981149587546,0.6631935847332604,0.6242362829390891,0.5795146303358744,0.6260950039936936,0.5899982182947557,0.5511444680350145,0.6524110880475441,0.6087118761846005,0.6520915097882619,0.6737662004478797,0.6236100023209201,0.6176142929731061,0.6089934277086205,0.6444852935859581,0.6408455850897699
cgSYN000034,0.39825876028007123,0.5243755440783272,0.41094718400482066,0.5349107447577484,0.45023896955841275,0.5473712348817191,0.5903940409241818,0.5416507769878994,0.5057538800235095,0.6374999729773273,0.4725329375364672,0.3981643517049207,0.5103820167937426,0.5908954834129825,0.5328311573004694,0.42818715183979666,0.4736525320745048,0.48644005126452683,0.5171905006116355,0.5749539395541673,0.504743782307914,0.4984908276232755,0.5308095021899999,0.5844316184896186,0.51764386386561,0.5029180359706941,0.5468637766813236,0.6719494303845318
cgSYN000035,0.7445588857426003,0.797755754036422,0.7750649192281331,0.6755255120002082,0.7425212223144503,0.6759248200511934,0.74353789533031,0.730437412753729,0.6756691601169181,0.6979447861407235,0.6998753050331702,0.8887737639081557,0.7823554136194918,0.7922931598037452,0.6123097808215947,0.8297389878731031,0.7304832601324853,0.7669166916200316,0.7991171904856837,0.838327015793456,0.7307637521926585,0.7654182280686304,0.8435276467770024,0.8213896055004737,0.847566817831015,0.6405306416488425,0.8084115398801619,0.7156393491045443
cgSYN000036,0.38671121135264663,0.3588868752968781,0.40354748890836933,0.3764680960911351,0.3555425799234584,0.48096789138270857,0.351478393023978,0.4388381811316997,0.2688680712573407,0.4169397418297647,0.4931397814638432,0.42281783122395245,0.398278109841266,0.43667687188668336,0.31829898147420044,0.35173291067133344,0.3213072271201026,0.3794155931508384,0.33517718784585954,0.45780464014896294,0.42465394862776906,0.34313838609939007,0.4668316572040966,0.3307043723536882,0.42387640654927494,0.5261486473625405,0.5255003808179725,0.508530712270429
cgSYN000037,0.27892136587801447,0.16874201034755953,0.11328803812894804,0.20100557297965563,0.24158943157216164,0.28459058724157793,0.22094142649344967,0.12464109096835473,0.15320020286331065,0.1676802224385616,0.15287826171367833,0.3946391993431704,0.2235381679711228,0.13409346579163037,0.09265132873462147,0.2343999648179948,0.27300972209485497,0.21395072269950244,0.11306062855723087,0.1530858673885122,0.3131169306120905,0.21792880866730407,0.18600562386139918,0.14664348794447774,0.2358563652775956,0.16011624015048373,0.22541875824415109,0.25436742036603965
cgSYN000038,0.42670614708735466,0.2709813486340414,0.2754324594978008,0.3721534446412808,0.32350123432654965,0.2865222044604913,0.3523920451452401,0.2242289313531086,0.3372056883679646,0.3605571535566487,0.32642577089636776,0.418691841776843,0.40894142653537474,0.33270581473308425,0.3130816663528901,0.308671955127574,0.42391723622590416,0.25552569573557654,0.35149806806870587,0.49253573517798677,0.4110827561906665,0.34019710536291076,0.3211340607649708,0.4019578404040539,0.3381794451751965,0.43083350710567775,0.3448461398398514,0.3239612007428834
cgSYN000039,0.5920924470966601,0.5927148509038823,0.5936619032409675,0.6321912253990565,0.6202194309647697,0.6626812257149804,0.5397340816918356,0.539432296755307,0.5978111942537808,0.5658067730753705,0.6805949682551268,0.5383449260510975,0.5158046135477922,0.6206006763022596,0.4640265022230171,0.5747773605323918,0.6604577509160395,0.7424683411978819,0.6695137530785499,0.5660491669171919,0.5753150338177498,0.5880086584185324,0.5988925382392446,0.5249688861042269,0.4946442460563835,0.5024835694695861,0.5704884863582746,0.689950496862119
cgSYN000040,0.4473975062030733,0.3619541643286171,0.4016936356868668,0.5412716406819912,0.4747839156074694,0.5085921780664919,0.4060615728069616,0.3527567498203898,0.46600763456071526,0.4948864899330291,0.285256887099827,0.5331970557164433,0.4251360809123033,0.44533944524773983,0.3554582002786397,0.5060099162643281,0.4075493451994311,0.4817882545038658,0.4439027749536707,0.5368128122572378,0.4443846417794724,0.533219455157422,0.4441395914443624,0.522280988701361,0.503024955699185,0.3836032901977152,0.4885735884495599,0.4223419104946299
cgSYN000041,0.33841403172422496,0.32364044779017276,0.2851717271372111,0.31533466177569314,0.3268558335778457,0.2623666098393418,0.34274868407622033,0.29566905451816655,0.3320910797412197,0.280189272653154,0.4407470776849186,0.3049662601799334,0.39261285572798654,0.4059636604337392,0.37629766600749714,0.26928947797703634,0.2844182369893951,0.4622671903505713,0.4161860506817229,0.2962628124728043,0.3650457273855967,0.4447669357425431,0.4638232121795587,0.4325061527266142,0.40876980654721884,0.5076641896576023,0.3976059558325195,0.4553662496313196
cgSYN000042,0.30213992542173035,0.30784427656894536,0.3109436780189774,0.23235894037061583,0.3231490048714497,0.2045028196534578,0.2050478022423248,0.243195178527786,0.26609537442209436,0.15723363189972556,0.18908429427795134,0.27488587377078344,0.34504664990900136,0.29263595134909,0.22863573596710263,0.20776827118162025,0.3008759229495725,0.3262359421031982,0.26251355607648935,0.27495549683491183,0.3258596657083612,0.24665932564029872,0.23560338048205243,0.39224441767033824,0.2064109901240527,0.31109483849678327,0.357879410858095,0.2508989482306299
cgSYN000043,0.5978075886223178,0.5569708271531124,0.554108686844179,0.5030424464026583,0.5266998272614586,0.6260839074267421,0.46126084797386746,0.4683827710456925,0.4899020416181786,0.5860279932782572,0.5630622155800359,0.4923730359618051,0.5264422242761757,0.5901348947090158,0.5347189474607492,0.553451020985118,0.4567852936821617,0.5828806513462332,0.6339920885004221,0.4929286142893879,0.45770286404198546,0.598797199064454,0.4114310305733283,0.4796535435882081,0.5112862476577862,0.4953723607919737,0.42320257322800325,0.47085050173377707
cgSYN000044,0.12213532181522863,0.2658651242816018,0.23781708909113883,0.18345192770191573,0.18896610782750367,0.2014837907462305,0.23502624282230264,0.13804896409310807,0.20576830372131538,0.26069034293937776,0.14866578399273894,0.19482396007527286,0.20118485066042704,0.15066215033928138,0.13432601767580754,0.15903310906997226,0.2111482361145877,0.23963682918375973,0.22158477198978516,0.2301955568586793,0.0770483556136555,0.18396499421793552,0.25832368079079493,0.19882389619381713,0.30603795328312144,0.290039533600769,0.2789755563784644,0.17035097523772272
cgSYN000045,0.46865911157881424,0.5302282279918991,0.47921734498164004,0.5682968362583861,0.5669666746915376,0.43350858503167145,0.36030473561861903,0.3909382033530436,0.56174570706288,0.46618482834035374,0.39356218767856993,0.48052402167713815,0.6249288395532655,0.5409412156408914,0.4409914480797455,0.44441721536159573,0.48394824290743577,0.4968740607540859,0.45850737856545437,0.5178552872904665,0.554630873565532,0.5116228837467005,0.47909702507313373,0.423809402032483,0.5783078849238402,0.4787046694559781,0.45110247749463867,0.5262453567353332
cgSYN000046,0.3738862132735611,0.4376150564910172,0.300083983668713,0.37779828488895995,0.40597570718999443,0.3300846514276492,0.31139164830880983,0.3763193673897529,0.3643145606865089,0.43076650430190855,0.3180610072694773,0.27280090739955154,0.3414980861070467,0.39621116300424775,0.2939062634328742,0.27948392375412645,0.38445926019523746,0.4127480265549621,0.3360402879719898,0.3447544867749147,0.2788060846306552,0.4117594226234125,0.32749604799947024,0.38413607414858086,0.3902472372239929,0.510637006841284,0.5108855960360678,0.5339149331682926
cgSYN000047,0.31625506534189357,0.27858276559484946,0.2683196218836091,0.2722676729811103,0.3545317384017831,0.2303071187332901,0.26992442375719694,0.3519199171744367,0.2006083673953596,0.15068303561772062,0.2757173140210305,0.3189061543341979,0.34408555962011317,0.3043235118745201,0.29744688550661147,0.20242345240023782,0.24056873688122074,0.15345089605349255,0.19953774759818793,0.22854692043980418,0.1764175935371214,0.27110502716842444,0.2727541435292612,0.27433501804479044,0.2203788563707781,0.31186991874586456,0.3338254601931574,0.21818074686900407
cgSYN000048,0.7623667662032142,0.7595132676706262,0.7370901141404609,0.6900158140563257,0.6904212171439863,0.70628852895092,0.7397130843472501,0.7348240412374143,0.6653043968662908,0.7323743919516695,0.6890622786030531,0.825797691107214,0.6702703701579138,0.68774118685041,0.814681921743846,0.8028045044601753,0.823802279494903,0.795593252301521,0.7270573371411819,0.7272242217136274,0.7974269076473275,0.7284724545975478,0.6537276037035589,0.7056401664932058,0.6914479528318332,0.837220731144455,0.820132345113693,0.7185289332206861
cgSYN000049,0.2532178042163682,0.37357004571691566,0.23382605860034678,0.2637761755196748,0.18846116304820865,0.3078876396378617,0.19185505453099205,0.26202635326892115,0.2100158597505765,0.2743887187693536,0.23594933614617533,0.32357310364361214,0.22882662197321468,0.2807599554770005,0.24127968216076637,0.26476879534448416,0.2992335655660194,0.13763258135224277,0.3211641981040841,0.19720168782294104,0.24415342386879613,0.29592020052067575,0.2922295140885438,0.2848945660261921,0.2732470516454268,0.25446763335179656,0.34269797519189427,0.36315365275427425
cgSYN000050,0.8502746893376893,0.8190521538259975,0.6360096840136853,0.682959882592655,0.7685639205751054,0.7110344011590428,0.7784297681352792,0.7965214312519643,0.8043303483098074,0.8059785393101252,0.7561441958241941,0.7771739680189238,0.7175429347446872,0.7181269594504737,0.7364184563094803,0.7673062445892925,0.7000549287761084,0.749375369119558,0.77766749701236,0.6931495576871349,0.7086119040852981,0.7356252138985893,0.7522990943649192,0.737791176538031,0.634922257483842,0.7347772615096402,0.7190936358950872,0.7462762098632826
cgSYN000051,0.1604802514299662,0.19318252486337312,0.23732943139225943,0.195430272140113,0.19735979226507994,0.319373426661547,0.17287521689096064,0.17717972244892527,0.3079827102422384,0.2176693727427913,0.1725309408059429,0.1817929650167636,0.17532441015750766,0.13817370933521836,0.3529841572578089,0.22427012511948802,0.2984003970468923,0.22034267181669184,0.3264794883176957,0.21351123258412208,0.17168882973231805,0.24711539204628308,0.14162231496283903,0.14113691895993966,0.23246052350423638,0.2017690072756902,0.19294198397887105,0.08463982469136508
cgSYN000052,0.4479466374899826,0.4100484568015764,0.28175547130464285,0.4840438366147207,0.3176968351276972,0.37554376637240866,0.3624184156893752,0.3559496472294248,0.3547111144435983,0.4158080753090033,0.4226659148325657,0.541626139828198,0.4710676830108233,0.4893298232858234,0.4267786092695396,0.37039491586392653,0.4157994692961433,0.3930955206090152,0.475180532988367,0.4251711205570085,0.3240714439667927,0.45496261424427886,0.36456410332746925,0.34718300597560586,0.3674706038628164,0.3575721458541393,0.3773843472899489,0.35871542167575354
cgSYN000053,0.5287409423741336,0.41721430026829087,0.5650963984376067,0.624158464993738,0.6209141441117584,0.5163108982965675,0.5612189799290631,0.5217365116959257,0.6369635371561628,0.6313384858030461,0.6914740957203992,0.5749659042586395,0.5532474770362724,0.7549818992404261,0.5640302012688398,0.5714561521485996,0.49673475783414117,0.4865591548855286,0.5998935428457244,0.5924760208886937,0.496316398677216,0.493011549083192,0.5315913948508334,0.5055369699029195,0.4917660973061082,0.6113090429594998,0.5129639148586488,0.5045452835811718
cgSYN000054,0.8514173613219458,0.6901008912190763,0.7483727519578177,0.8120183333474477,0.8069821229331784,0.7869736530771116,0.8651919502650293,0.7596089347799214,0.8321839344546147,0.7246311291937508,0.7679189900494806,0.7184957789147448,0.784298665469507,0.9157720246616405,0.7741692900206266,0.7873083074649841,0.7040656198742906,0.7850692340632497,0.703226898090084,0.8231749486510087,0.7952798775090896,0.6989366190176279,0.7670866063229403,0.8907669357740262,0.7534765656992437,0.8127876086701301,0.752300653157201,0.6644705264968286
cgSYN000055,0.360231238146416,0.4336339160373045,0.4071938668277908,0.26394166063007307,0.2977649710733055,0.3433388567975704,0.3946016306090662,0.4208343822540516,0.43174174309094526,0.41080978676474256,0.5199239315296498,0.3311878493821728,0.4010540689325897,0.4533946658601965,0.5388541733932933,0.41052208567162735,0.4846741934717049,0.4273658494706921,0.4218131183755372,0.34752909344962885,0.4716284326078124,0.44174757992329633,0.5057947215921033,0.40287408155119053,0.4460259499368428,0.44865466802137316,0.3515505417507132,0.33103242810328426
cgSYN000056,0.7624447310321372,0.7753468827283194,0.776480025291341,0.7102881857382266,0.8267765754882689,0.7185794282447611,0.6643075972562199,0.7650007470993105,0.8384811975823854,0.7506317245903357,0.6764620230676056,0.7635625330835603,0.725303360623707,0.6872070457333349,0.8423738047617031,0.8399163468165703,0.7749108134778228,0.8284307486280896,0.802689427484637,0.7375799232250546,0.7921986420512097,0.6774076923035116,0.6873625418479653,0.7975900167407811,0.7422996553295439,0.8039748844027143,0.7047142247763033,0.7418472679371295
cgSYN000057,0.32715637170384687,0.30966223567817297,0.41145815023081006,0.367312543038015,0.24475423064423435,0.24046562440047625,0.38162994767263797,0.25547104972293644,0.28834924782977456,0.28622159535065034,0.30144488868694747,0.3559632682085865,0.32005832162911846,0.35814876703250725,0.34726054125785244,0.362118603663399,0.2898911925783283,0.3015401632188722,0.45372953865549964,0.3540657988326061,0.3483129328105272,0.3195081461834372,0.30744769407957384,0.3779612866656854,0.2749769410132198,0.3725337101463768,0.3484908978559392,0.341441750663691
cgSYN000058,0.5286314752987424,0.5958133528715517,0.6250606135337584,0.5577840632091288,0.5660941678733232,0.5031157950081803,0.557147092569121,0.6227301203986206,0.6069343871782411,0.5662434445165655,0.6472110956580469,0.639900581707885,0.5664259018786905,0.5856578913400582,0.6275459652874862,0.6823462969164092,0.5932368136034414,0.6367621980314448,0.6337028331567472,0.6413240593831624,0.7763697132962412,0.544320338112185,0.6323388821212934,0.5658277940691051,0.7325835761149436,0.5488070908362356,0.5813111836158994,0.6042096359738236
cgSYN000059,0.48638195036419407,0.42506003762381556,0.5044797974764319,0.4157999859404117,0.490840131248404,0.45596794821603526,0.5598556336983778,0.484058459944332,0.34677976624118984,0.47377878699626,0.5413055867366815,0.4719630303097244,0.43636894086457695,0.45289485382098843,0.33742773381290725,0.45237186348547437,0.5582884743002695,0.4559265184950034,0.43050667073950083,0.4328298683455959,0.5613720607642084,0.5237880634837521,0.40758188572991505,0.507813339174287,0.5724982223021666,0.45110815535352217,0.5312425471950727,0.4718011588465531
cgSYN000060,0.12916125980809418,0.1941842548618294,0.27143323096794303,0.13967702513141328,0.24915175724296032,0.24615576333024872,0.2546416629114719,0.22596368183734225,0.16515468128479321,0.21437648153070185,0.22502234935860643,0.2124707199483662,0.29132087964166864,0.21347490422482335,0.2724188500923673,0.25274285368081606,0.10822611509647899,0.2780062532954068,0.1914273352021545,0.15702529019554742,0.1538490652277644,0.19723785557044307,0.13659959844860523,0.3114464662535203,0.19141805157878045,0.250701982930731,0.176366436676777,0.23107422273324876
cgSYN000061,0.3802095842043868,0.4121416864116665,0.4425437770422733,0.3120256838212998,0.47109998834341144,0.48261688190510066,0.4395660662814598,0.427606281187702,0.4800291393458161,0.400146546375444,0.38688846737272875,0.537200811421826,0.4615197747340032,0.43764860366433245,0.39575644843116187,0.3785974931177821,0.40176603437635583,0.4557321504222185,0.4233976080966019,0.4402309347436791,0.37764049446859604,0.45398402457130166,0.41610249993660026,0.42731712582842263,0.43894551130651455,0.36212254289514634,0.33618728881615023,0.38400085681862134
cgSYN000062,0.594677852672321,0.5836899002544972,0.6670620798544107,0.698029261943975,0.6318713775199818,0.5883690003466161,0.8032177426449129,0.4995622762106083,0.7091062442020254,0.5158989877248639,0.5842343220725865,0.6994612107094287,0.5045239674000956,0.6238410621768682,0.6262337421001,0.6055403741795372,0.6464302347238754,0.5616555485682418,0.6713961472874915,0.6257731372610796,0.6820809577705591,0.6963487827336164,0.6119638045483103,0.6134427449835519,0.6835620262317368,0.5926489264350343,0.4854032315861384,0.5214459633284998
cgSYN000063,0.6434751050685709,0.6495699320686699,0.6978081337020646,0.6716304371101782,0.631727696127961,0.6500204403050883,0.7208515173394112,0.6095758423606965,0.690972193979675,0.7405571828439572,0.5449828996469545,0.5737440104973556,0.7155352130189397,0.5699609121965534,0.658911757652514,0.6259633527789668,0.7114101638909693,0.6257199679119918,0.7574469647586008,0.7352769489135764,0.7020808569830873,0.6185565436371233,0.6660538834563219,0.6022523135228188,0.7698348586512194,0.6384106749465875,0.6024670712567612,0.7188961914279863
cgSYN000064,0.5556927993672637,0.7402472260904636,0.6610497131498939,0.5247412513035024,0.6750983558378665,0.5112951691125579,0.7571986835291528,0.6335510375952434,0.7317354279527832,0.6309781491439836,0.6600932683016798,0.5778515213446146,0.6068662929049818,0.6069817381455104,0.6134353394238413,0.5777187204552213,0.5377687076742125,0.5789888254345978,0.6816060843690411,0.6781483327299855,0.5831700053505539,0.686587771589019,0.6118949797055219,0.6464340864089773,0.6840672959055158,0.6368065163604857,0.5513375343876625,0.6326216260474349
cgSYN000065,0.5493807594850841,0.4639261974366004,0.5749954778657945,0.6143051786468642,0.6461122374177168,0.48081226232588464,0.5637617055725722,0.49269365139891474,0.5105371702782463,0.4612654369692174,0.6195039809929526,0.5955432303511949,0.5663052058390822,0.6730308421038693,0.7117221614827169,0.5696515832990555,0.628482293318939,0.5580082933364424,0.694579512247455,0.5189403589253391,0.576913137474588,0.5848518410656438,0.4562675695886647,0.5278581883333917,0.5782810991921369,0.5216192883377878,0.49320844286467935,0.6532831973479936
cgSYN000066,0.5583046973972902,0.5955983093154117,0.461247054424078,0.5819903862223128,0.47436256731559534,0.3458972340958708,0.4702277299094083,0.5580210042334173,0.47181726631558907,0.5212410251415189,0.4902537326609031,0.3900939213539096,0.5289506098859157,0.5951616020888515,0.5596665931840863,0.5012467592571199,0.6260393152107351,0.5814503028435893,0.6230557871783481,0.5012280778839221,0.4330007418386762,0.6196163255607741,0.510776509262275,0.4516646354543672,0.48570232402459645,0.49966127213619527,0.5966759719321171,0.4672403851246754
cgSYN000067,0.35971453051838614,0.4536263296737062,0.46920148824261904,0.3372465961465834,0.4280522423897246,0.5017483569669915,0.434090189320435,0.4287435864089707,0.500495627726766,0.32922175530359477,0.46389623528776114,0.4750135791915312,0.5219714448851962,0.495354561656573,0.31515464512201263,0.49945831867389334,0.45469947665655847,0.4952841721356689,0.43162937076986807,0.36630301434369583,0.4356958262702384,0.5013580081801263,0.46745318201008496,0.5135739273573647,0.5495309444344948,0.38650439713733387,0.5477141788119898,0.38835192113249273
cgSYN000068,0.4299839097205623,0.5177690925312042,0.5642285685219928,0.5474650196385423,0.5476590790212826,0.5392971742700321,0.546398080246977,0.598299799921206,0.5217871708144352,0.548765550228859,0.5107398244927097,0.6533500653730229,0.4334431369010161,0.47072471030402696,0.5807765024492685,0.4918579034222789,0.6068429851148269,0.5288400376856505,0.5127418106609128,0.524339997429702,0.5942628861079373,0.5466527134190308,0.41923888619444144,0.5247397042958336,0.545786929484703,0.49622202644597524,0.5074772477887348,0.5038437754924794
cgSYN000069,0.8560535604907579,0.7446332738061089,0.7681167413990792,0.8556828733232871,0.7974207586627697,0.846040645364722,0.7107083219387399,0.8544354735528419,0.7838954243788832,0.8094550565513287,0.7918839655487133,0.7756792791436031,0.8264551298223209,0.6348061674380362,0.7894984956489415,0.8298814018519703,0.6938905698057836,0.6818086488484891,0.8256991782986272,0.7723078391858138,0.7699258315453018,0.7775491417051237,0.782221026820848,0.7704584110242059,0.785565779424959,0.7755590216593287,0.8247203099025402,0.7360622815247005
cgSYN000070,0.6565102999168627,0.6586370696689239,0.5431769135919519,0.6050596699611774,0.7287389047549658,0.6879640984739478,0.6218022076070333,0.6041203620846056,0.5447974114399039,0.5326363167958057,0.656863077023167,0.6523613377918972,0.7105619759656057,0.5834071389157817,0.6695669007694074,0.6633486360923052,0.6710071962759827,0.6707446493771628,0.6387695007387122,0.5645964013148562,0.6332792457055827,0.5850880074347555,0.6750794559925164,0.6446273475756552,0.7134935606741629,0.6311739034815953,0.7369350702403997,0.7408626439322206
cgSYN000071,0.37856485131164663,0.46101615074086105,0.4982857350265075,0.3600311710236842,0.4499344049823043,0.5443755915559275,0.4351880552762487,0.4999519398550237,0.5045465935353486,0.3933679383147528,0.5170576693226108,0.33739216782423287,0.4051480199273264,0.44037341451170686,0.46755133646486235,0.4786585938294336,0.416001332464167,0.3793255025036143,0.4343840935956774,0.32474022553531046,0.5830897015700909,0.49726850369852876,0.47673411150387524,0.4177118044549721,0.5110382195078346,0.4399863627204316,0.43620584598255735,0.37762111962005857
cgSYN000072,0.7007655455475923,0.5899804915476118,0.5307804294215022,0.4679148695871455,0.5243839765601396,0.5516440537389744,0.6294602267737988,0.6299107630745195,0.6683606457002403,0.6352156324148673,0.6449663097475726,0.6729765377556302,0.5508618093769673,0.6420375818259756,0.6538172286936212,0.6616849065307402,0.7011357140845618,0.7259314741750222,0.6862848869490489,0.6495723351461822,0.6334128707186083,0.7020924364971556,0.66131115710178,0.5913579306865203,0.7554895966389309,0.6232501170605267,0.7049257036278118,0.5986568005810319
cgSYN000073,0.15023368610132604,0.1553588764828978,0.14173096505163235,0.22468352873399103,0.13802736781978864,0.25433704632231735,0.12341587955000137,0.2519152822252094,0.1255543641143323,0.12642705396515194,0.1612104439199472,0.1503613193269392,0.23130187251691248,0.1378697286118225,0.14452481542640144,0.1951272223164943,0.19666387047813524,0.20649259949537196,0.13814947887377343,0.24301133299455852,0.20655103383161544,0.21611876603089608,0.1659444440039583,0.106480679462466,0.13257906115042983,0.2566555548321321,0.09925476927915013,0.15086351848214125
cgSYN000074,0.19140899766095523,0.21599837729287621,0.33745082107708846,0.2831460519402343,0.3057843906639979,0.3436340646350199,0.24595158756901886,0.3189410479224892,0.1902332773250034,0.28558420884351526,0.26889013197432576,0.26296738178326845,0.3175842514064853,0.32702356874226474,0.22456645727028798,0.16696468582154758,0.18826798775446285,0.17472136125699061,0.3534222799041706,0.17951909510588027,0.2892578864526109,0.3096032055315373,0.30095402439309527,0.27888350864079015,0.30741568643463135,0.2967275345983107,0.26929565405255074,0.3013272447876715
cgSYN000075,0.7151970432978624,0.6559605980898274,0.6558852193416534,0.5456367534747982,0.6082797116222689,0.6502604063253834,0.6026903246551727,0.6386747442072668,0.6014620965006072,0.6055856608052429,0.5263288740614942,0.5431897426502307,0.5226986947663391,0.5842185315475314,0.6083877928658439,0.5301094756600355,0.6450620145052097,0.6428482614158267,0.5701216268930981,0.5446215848292517,0.7457704245584679,0.6790306312995118,0.7084279453775909,0.7160818329978018,0.5176739591505957,0.5649453381605705,0.667211266274856,0.5996939948486252
cgSYN000076,0.2855695814388006,0.27631089776023976,0.28463131852651496,0.32467391665937967,0.16918567212618252,0.20769697660104897,0.234374788362179,0.3204171526970151,0.3548467635526634,0.1984934130460715,0.23928760255786735,0.2562102587865066,0.2622881678434525,0.2624884672247371,0.15997835218579468,0.29344057529524886,0.29677005119102323,0.23862203535608215,0.27748480279944066,0.2580558502631922,0.2647856345329087,0.4218338613537467,0.32037671295797454,0.33277300790751974,0.26157115235529793,0.2824136951256434,0.2394247413883431,0.34228489821779595
cgSYN000077,0.4205946823122575,0.41748900868103994,0.4255626684112722,0.3980471446200649,0.3638619359514142,0.46208224419901267,0.3387036156768759,0.3987931110952519,0.3285815743735787,0.3382521775436969,0.3234813221157339,0.3957203671422171,0.4209131639041012,0.44449302831643617,0.2816391397793913,0.2891445737551615,0.3528379764660026,0.3866374799085866,0.4684877825606914,0.40853324870798235,0.40562670837454745,0.33882784381316644,0.3535666684485069,0.3692839873070574,0.3205765835311135,0.3167191267637573,0.40705089181265686,0.35975678850644965
cgSYN000078,0.4720293007712503,0.435116957505891,0.48837355792112463,0.5771182954182086,0.5475688318656251,0.529594351078802,0.47526406082758343,0.6295671900799491,0.5179090309749937,0.38281232644664426,0.5037258280152919,0.43433138166023316,0.4713390724437644,0.47878147183814207,0.43118189294341525,0.4688738205205505,0.379167160250905,0.4736029136175166,0.5144771577873368,0.5733449049886534,0.6124292328932025,0.38657118719631256,0.5481267626067573,0.6214767113920937,0.5764868756965682,0.4871891280832578,0.5156175059193615,0.5343286669558862
cgSYN000079,0.8641507850972774,0.733737559685167,0.8943907867173717,0.7886625184477498,0.7530086745008889,0.7259923154206753,0.7358782598579717,0.7062823259094895,0.7766069367169409,0.7716893934995102,0.8286820352111972,0.6818521571853972,0.8152390983134726,0.7905863491433214,0.7876934819049705,0.7703041024010989,0.8542715909648524,0.745870475149541,0.7842966757163763,0.8121110523699958,0.7502349290941098,0.7802534997251356,0.7707111310878997,0.8109923056870236,0.7644290418496944,0.8074648992541646,0.7548982668209773,0.8954295301343127
cgSYN000080,0.07603611113426251,0.16813638124793587,0.07952704104072729,0.1649347213208735,0.21591363430744503,0.1327561173505336,0.09993386780860108,0.15020262089969005,0.01,0.26756709137501317,0.12617041755866282,0.23746904331790972,0.17008321049365036,0.03410569602024223,0.1720109503221643,0.08296327663290731,0.16280906122746938,0.21486036122788169,0.25070479206360435,0.08152864288277968,0.20853764643633033,0.11966075787058733,0.17550022787074446,0.06586333635140286,0.18142002580396857,0.08456120185184315,0.1785249153478804,0.16147431835764123
cgSYN000081,0.20086678599193375,0.24238986811730168,0.2295102519262841,0.1716384194581066,0.25141864227997546,0.20448272280496516,0.20921609736769,0.2343815668919184,0.24428872680034688,0.29094446195959084,0.17355371481336462,0.174201763416617,0.3939484869313547,0.19119068674078235,0.10260496401709884,0.1720692839525232,0.20992907528051344,0.2562152657436141,0.27262007421272505,0.310947629650856,0.1966170550386478,0.20732418672727532,0.18650352500546818,0.28501881103199445,0.11894694251007748,0.19561231511328359,0.23843376722685083,0.3234192420306744
cgSYN000082,0.3168528290360039,0.2721615728461063,0.24368553072319127,0.3224060254883438,0.26703243423886663,0.2513697138145756,0.14515145080519454,0.19795388023743027,0.2601741701011434,0.28916021604908154,0.29567188039431,0.2570460072017325,0.3855007368135111,0.22756386972889125,0.271151445529606,0.32371015177470713,0.25579605479973566,0.2892815786387473,0.36413764985775665,0.23096589722676994,0.26383047461667686,0.2956695215793866,0.30615203500073085,0.4160566920017671,0.20164203834114144,0.33873242650168334,0.2583871663118525,0.27875531658411135
cgSYN000083,0.22986028840998346,0.3847842992932703,0.29446950428121843,0.26705353497794726,0.3206671912594025,0.30291421217888786,0.4084511417477949,0.272838866032386,0.36247091911159696,0.2996105525763233,0.2893262492939872,0.2606549533707023,0.3578206231389545,0.3404914647288324,0.36580666719055893,0.32164157709684604,0.384569450805433,0.2565357007475766,0.3036638186620492,0.2453786292961183,0.1920678430416562,0.2772060830112223,0.2628231713235953,0.34200201849601003,0.2796922907984914,0.3302629137329688,0.26629206672450356,0.2718174366077736
cgSYN000084,0.32896409198944476,0.190650238422064,0.18865753298031945,0.2645399920677851,0.31684049570168177,0.19334926171132424,0.22182020384468124,0.22155372346755547,0.26307002947668756,0.3176066765310871,0.19272303851666603,0.3228231186038936,0.026311984893826718,0.23614933341688943,0.2504760803944879,0.13213917803156658,0.32299439880197134,0.1918152422649982,0.2254915603884576,0.1933682424250043,0.15625481183986967,0.25633223446542736,0.24533059419916858,0.2185688556928463,0.19707423122640813,0.3033165598700167,0.14848102585004963,0.23858046171341676
cgSYN000085,0.17341012847514353,0.16161935459567467,0.16285579301158506,0.13976826212062912,0.11268712865061985,0.13465970864898014,0.18459627864620534,0.33062079454471616,0.08942945030896579,0.2099269367589802,0.05410442383798879,0.23498414004061818,0.1996761225872286,0.24181120350234594,0.1894606255891643,0.20544256486938747,0.31387701622241665,0.20361780748556557,0.2072306935662006,0.1814361893386213,0.2438937489325928,0.11562909258845157,0.18735915349868132,0.09284277595833332,0.07160687831278713,0.3025963660809835,0.1536490534729621,0.24631696461025165
cgSYN000086,0.6399978408616025,0.5730583803023951,0.6963412820331373,0.6855444128112564,0.5745692211977564,0.6210761215548233,0.6724468167229438,0.4898826026893028,0.5161785989114375,0.6049748256451439,0.705753292285084,0.558431972246966,0.6050992553107616,0.6653025101322219,0.6300220418658639,0.6603811480197952,0.5809072834327105,0.6911780191534121,0.6621526615434444,0.6519326500676018,0.6588582756109275,0.5853440732036558,0.6264967439601751,0.5391638869133827,0.7513555890737319,0.5537071559911307,0.5919521490348808,0.6062971178044938
cgSYN000087,0.3085899771516625,0.4244817565790462,0.3137481124573579,0.34152368202675243,0.2671323263860792,0.37437714034035635,0.3360622246634211,0.29063725204410623,0.3093982517685242,0.2659534235845691,0.35021299998147687,0.32980447405108165,0.2836247401219699,0.3489368016265524,0.25244203265875637,0.42554906105499424,0.33723941218935866,0.4139661729569594,0.3467037036427338,0.33956693838943874,0.35578409622102836,0.2937520172161285,0.39658303340141055,0.3310139698137316,0.30589314273319,0.36660835820613125,0.3360544457164115,0.4240291576225954
cgSYN000088,0.2826203829927707,0.19089459266225045,0.42881717033084377,0.35551361725975367,0.3747545031667196,0.36527849667573015,0.20100785888175077,0.2555986913321418,0.3212354954719248,0.39153913750140773,0.26950751445716176,0.23382604609553434,0.3320492580564092,0.2194136580798064,0.35862206816819553,0.31231721496536,0.3274382589400382,0.26601829864321913,0.28268397513388904,0.21394776712929645,0.35452915835374177,0.24822354648187614,0.31657409962696953,0.2781686714467195,0.2731732130053031,0.281109487078059,0.2342577254199194,0.26099496983656345
cgSYN000089,0.2778077283013246,0.24307714494829413,0.16341108572416413,0.17823059122043441,0.15277078595445676,0.19415761991964128,0.2001892167303707,0.15356730372226204,0.30920151459507145,0.11239891736320284,0.27202227389681866,0.08465085340373513,0.22470022198112813,0.21577724028715906,0.13118967084835578,0.11996145350734126,0.2061862384621485,0.2586053213599432,0.26186121191097095,0.21198697893462018,0.27437475782279097,0.16266546266716841,0.1676091557028488,0.12349009505682008,0.17840230283232458,0.2971082259821941,0.22361163424135086,0.19173538909981863
cgSYN000090,0.7205934414459336,0.6474010379406833,0.6150105730783493,0.5336208040805134,0.5476871688813576,0.7379180295229523,0.6565249539054474,0.6530304804356546,0.6068943985375949,0.6558969876566332,0.7003284609295308,0.6000517593180854,0.5925555759430744,0.5956591974305163,0.5809680886438209,0.6422498656438872,0.5987726878918198,0.5838499849441894,0.5630746872338726,0.5689144156100263,0.534285756075491,0.6383828358093444,0.6406473095296753,0.5914108173785986,0.552085466439804,0.5330097635842962,0.5774727687504989,0.5467652555270412
cgSYN000091,0.5240251728494739,0.4274469195322697,0.3418780760664901,0.4257318734078111,0.38024132372335673,0.4226012787095146,0.48610033722476587,0.4643087751608846,0.3327970225460079,0.45776077788922576,0.39591888619241966,0.3785131607915918,0.4316158371603926,0.39561035466461564,0.3771130314483985,0.39889650606135085,0.41691171078929096,0.3704526732329998,0.4043638050340069,0.40136362277162435,0.5322242385195243,0.3853451959919208,0.4551216814265039,0.38951983804389295,0.44074698488848985,0.4425325973160723,0.37679113104032547,0.3648821380049689
cgSYN000092,0.24170376584166145,0.15739448965651343,0.14988690954890105,0.23588448618146712,0.051251711551231593,0.1626998984907858,0.2417479446734412,0.11609811019872246,0.16272862096738877,0.18567063111042667,0.22326129589927413,0.145186923237914,0.20797308017230753,0.13675334785048557,0.01,0.2079811446725719,0.2310392997547969,0.0960365987143043,0.1729353968939746,0.18215838413952107,0.15022226665240174,0.09102046350718764,0.16899632089139732,0.21168073986982425,0.2339100878055806,0.08998308702392718,0.21816752881618495,0.01
cgSYN000093,0.5084035926338941,0.5342518254197275,0.5231073481774401,0.6167405019565687,0.6128724831686203,0.5404687429199242,0.5770059891589729,0.5012501587728682,0.48773131083138144,0.5393422159362401,0.5082857831462457,0.5550324153798766,0.5891946406106789,0.5457097733494402,0.45941255678982423,0.43825144781602626,0.5537262601158439,0.6183322802879689,0.5062432820449578,0.6634114484968701,0.5542302500584972,0.5515489755031446,0.5475817031123896,0.5380730283109064,0.5793377341374839,0.5360340287056712,0.45190864277274356,0.626432974786184
cgSYN000094,0.3309945379149902,0.3365024119056809,0.3311819095109521,0.32172565133787445,0.32952464050555175,0.4256008344473663,0.4510535056883064,0.2914350251597752,0.3159096478403057,0.2604711922169846,0.2540812354953498,0.3625878204447195,0.34641411831686725,0.36705930248772267,0.29914248332038174,0.30680282481555193,0.3510182308816929,0.4078836819064933,0.2755579466501163,0.3173112826915933,0.3676112372835694,0.3788055475231571,0.37991823180193773,0.29179679488552196,0.27924050455132865,0.18338853624757107,0.22956698130527606,0.34118010525583264
cgSYN000095,0.45295907958129966,0.5446156292998323,0.5426599189524359,0.46329465413017085,0.3918685953884995,0.47682934307842006,0.5692471315698532,0.4490800228039381,0.46801848852449723,0.3910097441136203,0.5105154389268125,0.4601533193745664,0.4202737148054742,0.553437772621335,0.41584402100424045,0.5150341510097745,0.5877224834073604,0.46923383710235345,0.4491203012271318,0.4962818481877195,0.3900124254432655,0.427398957691541,0.4428340518590511,0.5565683218414184,0.5047586789334779,0.5608851033037772,0.4355690903322065,0.47946840375024213
cgSYN000096,0.1365711655770621,0.2529574094990911,0.3435214672954663,0.299004641554633,0.31538207650749656,0.16334375025926556,0.23765520738670462,0.31235893575394297,0.2064513387526845,0.2674046822179822,0.4051385992613399,0.2639650992458541,0.20253909184496516,0.4444356035017434,0.26449158465059974,0.28370716170954347,0.20754039635340013,0.18530685449403198,0.19105394500606365,0.22168397960480934,0.2934050019956353,0.23668897719081172,0.23211433444647,0.2970503850476561,0.22665562847511772,0.2129197399874504,0.2346577622439029,0.19331330063326235
cgSYN000097,0.6778262978482209,0.5535739541076743,0.6484651161423102,0.6296863448398881,0.706548711751893,0.7103980973320058,0.8030573351853201,0.5921191478841663,0.8466549606066751,0.7481181756656506,0.6281862833324077,0.7727007476493297,0.685091672432177,0.6132988829875572,0.603726225233521,0.6046553216112538,0.6744386778034392,0.6212820960160104,0.7119100058524122,0.6462638476302054,0.623593925061466,0.7673036016536958,0.5149027295861589,0.5905112706831768,0.7333690299867223,0.6903077729882439,0.6535957454897315,0.5724273450154684
cgSYN000098,0.756483400054152,0.759383959505678,0.801240758904335,0.7295042303198418,0.6424084792134896,0.6796753517605826,0.6460335702029703,0.7662526202179584,0.6808151709001495,0.6683619223725006,0.6266879253875302,0.6813766728332346,0.6281538867164992,0.7399616448528479,0.6752655210390124,0.7350943897694606,0.6860436582425392,0.7067194034896568,0.6988510657956787,0.801878293108809,0.6641328876982953,0.7517776023448881,0.7462581420036898,0.7245576180535567,0.7717704969274867,0.6777774039754721,0.6518185118675879,0.6696702755801349
cgSYN000099,0.6530860153753231,0.6283821378516367,0.6545035407719076,0.6552698579672619,0.6823530941514969,0.7414318355221637,0.6141089698981064,0.662837407689126,0.7019151728048316,0.7049176504063632,0.6298362898798979,0.7087227783105188,0.702467289900899,0.6671814061349911,0.6384832478193201,0.6373708915891352,0.5975274851607125,0.5881369237102194,0.6704581179793901,0.6136997582273558,0.6144536737170974,0.5998317949033772,0.7110056331352896,0.7461628112787028,0.6844103863457117,0.6243614809679994,0.6140860871542536,0.6344671149088776
cgSYN000100,0.6306133055603476,0.7370612764219137,0.6824505524548709,0.6598901562215134,0.7168190044081961,0.7121495948907876,0.7224968032822797,0.7619396904429363,0.7451483510747321,0.7687546818060736,0.6775260556256915,0.7621019597117983,0.7384337863768546,0.7177852838944242,0.6965754350724673,0.7577987554347194,0.6672903852671901,0.6961454450706406,0.716699745037976,0.7324046887719656,0.7748883800058356,0.6284470640074543,0.7486036773103949,0.7733143878821744,0.6880303010671164,0.7443178386507882,0.9264059133387669,0.727295914567186
cgSYN000101,0.4011853112279843,0.5247279992051126,0.588375676277923,0.5280179563897768,0.47653177483588194,0.5901397620097397,0.4911695174367658,0.5313714586474692,0.508367415322085,0.48101452289400604,0.6140199019192237,0.49839650201734026,0.5338629230940708,0.5367289583699744,0.5552429446365585,0.5226375941778543,0.3824721444960776,0.5973443573891736,0.5466113460199368,0.5532830478680753,0.5461193472477954,0.6418131293784584,0.508909594889695,0.5169410886504759,0.4922914905428163,0.5173879681006606,0.5408530430336769,0.5233248279394491
cgSYN000102,0.45586165212150576,0.36078204863483054,0.33462011608289305,0.3017480400573155,0.34701685971313245,0.377441729500845,0.32253605558583825,0.23010434988347417,0.3708319205364409,0.31434290329554293,0.36673591661950494,0.31592278298096044,0.2937914852125061,0.35352204420218286,0.3479929435120022,0.29983677455632335,0.42180265279311957,0.22876420490831953,0.23198479441926548,0.23484295253018367,0.3029022068836554,0.33260238111425294,0.34511213955268044,0.4291055547511029,0.31666422011000694,0.36814153977174496,0.3372135731108947,0.3355925845590757
cgSYN000103,0.7611808083121864,0.8765701095252333,0.8546825400269595,0.7248445816948492,0.7748128588533117,0.8044096319027038,0.691568764178799,0.7229584838483127,0.805803575551614,0.6622935428635036,0.8269246175200372,0.7436668196099001,0.7759547927760658,0.7913944201119472,0.8598695614918279,0.7285559941425326,0.8475515602735311,0.7471766853168049,0.808081218105805,0.7679990368900821,0.7956920150427205,0.6590783536750412,0.7483773790221255,0.7070565412040546,0.7911408449585239,0.8368338629829083,0.7756465978450842,0.6574401835893454
cgSYN000104,0.4431738746529017,0.45552425626924314,0.4779400865085537,0.4639039571883752,0.3806452827763901,0.4880502232495285,0.4157866832726132,0.45523627814234074,0.4066539129171776,0.4034019587588845,0.35858300124678105,0.42880512147712185,0.4145712334072602,0.5027946029158122,0.5494102918892828,0.3556175866403305,0.4258834631089103,0.2400272544584849,0.4529190854005659,0.44522035154954065,0.5239790396776296,0.4329126235599209,0.4599598858572725,0.4572191167616537,0.33680018872506573,0.48213800829212916,0.48055053086110144,0.3764468700307924
cgSYN000105,0.6939141127631662,0.6604028661622912,0.7107717237868793,0.7966473578992301,0.7670097215796002,0.6711369694983481,0.730959413732475,0.7959698543161039,0.796745136100029,0.8053726403872343,0.6804259968788808,0.648894570871968,0.7284821621909505,0.6956010020704677,0.696797009655221,0.8388157128682058,0.6422335542189973,0.7622792424617338,0.7351332796264561,0.7097875643932279,0.764818764677705,0.8224126197902395,0.6554222864112244,0.6892917500534401,0.8112270517172577,0.7021407112279662,0.7802236691751222,0.7755883004394308
cgSYN000106,0.38831887607685184,0.43354757479894834,0.2932762763072989,0.4055415394179053,0.49467034635800683,0.3007730762088181,0.4350896944449104,0.4798404544982842,0.4404751423915548,0.43222129372132123,0.33539758693710675,0.3639750795962944,0.3931783982426581,0.31262013792861,0.28944241894847816,0.29370181786234195,0.37054944447183635,0.4007723231992825,0.4422469738592779,0.3591874530008354,0.4166945311284201,0.4782672043286475,0.3726045427144728,0.48931077254804334,0.43169030020183186,0.3132792975138524,0.3663950065125712,0.3403395838718697
cgSYN000107,0.23230725503812494,0.21100841452561667,0.30465440775215497,0.05579444477056522,0.17020249949019614,0.1607261252623288,0.24160045491719112,0.16426505507432404,0.14263151248498493,0.3033652625895805,0.2813159621478384,0.20251419532800313,0.18979931224019925,0.04785203191593518,0.1497561546484598,0.14211009469962563,0.22248036802779747,0.2076792828906664,0.13121743401958386,0.13004459114386147,0.06667277372780812,0.17381805350431548,0.17344954939092047,0.3776625976268939,0.146080550307837,0.2279352910729741,0.16534895485308865,0.17613760979725537
cgSYN000108,0.3972913319918842,0.4243109914514229,0.5073350556055092,0.4405580626822474,0.5442975956589651,0.42625627670329413,0.39237895035105785,0.46137400274689805,0.4656517511863957,0.49210496356433253,0.5107375421367388,0.485080938160272,0.5227349220643185,0.43834738045952526,0.4494684322960723,0.4058419699802474,0.5945365234695764,0.5351736852884709,0.32231173018165615,0.4700078196061106,0.46503385120446117,0.44165595224185494,0.47951555797319373,0.42079165127032736,0.5025648118475552,0.5223207185150911,0.4949239031028854,0.4984725033064252
cgSYN000109,0.14981647280594543,0.12170919848634884,0.20543218881138825,0.07171090910979608,0.1381691134558272,0.21538409360215194,0.11824844179612984,0.17634478729602732,0.15357255121702373,0.11103283828932942,0.2203907479766069,0.15262970721208224,0.19256721544639166,0.13535358640529108,0.1438151883444121,0.1957301916567838,0.06809667534410849,0.2056053555633209,0.19190811097486038,0.13358540062059615,0.07341142919356466,0.014114142087285786,0.2649046176729526,0.19034731230871035,0.08399247829504158,0.17064732402249522,0.23292931812780607,0.08268797817163268
cgSYN000110,0.6539154291723964,0.647064095392968,0.6691912917759517,0.6770086687714052,0.6955270456310184,0.7249987194269272,0.8117910537057682,0.8162795357166454,0.7260293285946047,0.711662509956865,0.6226046348119696,0.6305666860521498,0.7775602639905119,0.8065453782385521,0.6771489242810407,0.7456149115575325,0.7419869461337865,0.6801548165668502,0.6989342694711389,0.6249193991992685,0.6149326477572529,0.6194802961846203,0.7169377019618387,0.742333213835809,0.759289807754682,0.6089444250300002,0.695677939643209,0.7081786116917953
cgSYN000111,0.5305017718658219,0.6016147081265159,0.44493114653888366,0.562274586695279,0.45882202033948716,0.5625717875027257,0.5582058166297271,0.5892135993780614,0.5186986494009321,0.6071068382351202,0.5887835899829632,0.6137138131056555,0.5897042959066734,0.5794769321405644,0.5653944939652916,0.5097851025573934,0.4925967835701213,0.4779314080359869,0.5816097442608938,0.4378964331610747,0.4491335036748826,0.6052723949978083,0.3977784362299635,0.4658852457052773,0.5767197808377065,0.5178052767966131,0.6763799891438029,0.5787608902974513
cgSYN000112,0.2584836309378637,0.19353493092914414,0.1684812677606423,0.3584483568101536,0.237076964053678,0.37844458111359125,0.3049684992138666,0.30271069496583286,0.23998058087400131,0.31299409498834535,0.2580316283374484,0.2393042124461969,0.29841808387139906,0.38092413803986913,0.3050343944953607,0.3717693875226754,0.23233099896138432,0.3546485751352358,0.29266248657491617,0.2049985438592209,0.26978927087485394,0.32368089707563646,0.3146906757674077,0.308540803251379,0.2876512054151817,0.20168782246131495,0.18548797551015703,0.28048337956569286
cgSYN000113,0.3117411595442129,0.21812404193408394,0.22031662735441787,0.21768697006586615,0.2442066009109024,0.25247428663422034,0.23343701989757099,0.23114730225297483,0.34126863668930174,0.22173230465327712,0.3549731275278039,0.28212795462755347,0.24103195353205392,0.2230468456522318,0.30581254854822437,0.21540668084580103,0.2500804961016217,0.2802913509242672,0.14247998717476223,0.2695212542948793,0.13676619266900986,0.27687520510577224,0.1305591664569096,0.11724960223046103,0.19639091350823037,0.24943252863310802,0.3204734728775637,0.16226881597861803
cgSYN000114,0.27143190558247626,0.2736431461409753,0.29005205567911546,0.3517964019424652,0.3323798810754522,0.32142466601421377,0.25350945315491963,0.22073165667028033,0.267152244558528,0.3596607519364681,0.3230770100002189,0.31523686523427863,0.2833910990633535,0.3273152868365293,0.3291784084003952,0.2524819012699994,0.27528347126808544,0.34978798521536697,0.35416676916521683,0.33842494081396274,0.2293859344340701,0.3105746338162474,0.2603164982603533,0.35257447511824824,0.30274511035513807,0.35823345478838997,0.38526188813022527,0.3658108271203355
cgSYN000115,0.2584552838021939,0.26570434065506593,0.21068515449314812,0.1836961571939891,0.21645235911449043,0.24502000343999367,0.198940847697412,0.16310789228589925,0.13480418913412623,0.1653033746287882,0.19964654343273627,0.13491255232731236,0.17040737537972736,0.1896199815214668,0.14373253831041619,0.01704764872034137,0.2606302407648365,0.15111413817854197,0.0890269563959144,0.1375542605896346,0.2525010545536068,0.16418207445370878,0.1722561784060043,0.1355222891893194,0.18041573386516585,0.13477910690053857,0.2448472878509456,0.1798598553495985
cgSYN000116,0.2044304794209727,0.10818189563501208,0.13607536879161164,0.22035561395298803,0.09339971903248385,0.25576408138367507,0.23371579506323042,0.18582323179643212,0.16298457680093004,0.23776140334205298,0.2054818178003009,0.15592095566772074,0.268432924646409,0.1263847990739147,0.16997923039403207,0.2383266956015997,0.19206829173878343,0.18859909914819992,0.1538627732767879,0.19907010949661974,0.1894230185974033,0.19720233991856537,0.04030213016381998,0.24712350598579255,0.21704303236257091,0.21133999223883168,0.11532125825732766,0.09169647650205466
cgSYN000117,0.19264152929148473,0.23544977951222595,0.10891379595102385,0.1876027682658383,0.12927198014267946,0.13635202997606688,0.10992273054820606,0.15332895542774383,0.11518384531348733,0.07933156836356367,0.2157749696786261,0.211403385995207,0.050021789651323895,0.23771757354118772,0.18468569421157816,0.05543913832971917,0.16153783710638608,0.18833782085969095,0.20229289517294946,0.168717899092482,0.23554793136622684,0.1531239379703263,0.23399874936915963,0.10110834982818233,0.22858378262508688,0.10182120965314449,0.11230985270326643,0.17169153502530937
cgSYN000118,0.7590445769133184,0.7065228553051768,0.8138037049072504,0.7301682649176852,0.6544413679925364,0.7974814286507762,0.7479501949078832,0.7338154909462931,0.6285668612448836,0.8082109144436059,0.7865556258849864,0.8250803840534529,0.8806749877176705,0.8006566347706935,0.7033010066508587,0.8276484063524265,0.8067631618478875,0.7687189380364484,0.7089412102117764,0.7432624435426437,0.7270918572973004,0.6876561377810918,0.7295006295055353,0.7485535269135851,0.8472387495508985,0.8101066432649188,0.7644529000143336,0.7165804138249697
cgSYN000119,0.5843230019438372,0.4935032896773036,0.4813723630750791,0.49710248277698244,0.43448672470085525,0.5159807757540246,0.5801292761192558,0.5452161868791471,0.48992437510515063,0.5047670190286789,0.5121989671404513,0.5541083750218024,0.4811258162642725,0.47216800130733644,0.5427831805827157,0.37449483574290476,0.47345588095498703,0.4659169657982467,0.575899405262303,0.4203088546355461,0.5344897258353876,0.3801846323648282,0.45847118334264764,0.535904993336234,0.5065523206291794,0.45278404776503506,0.47441045851988656,0.5357338434789944
cgSYN000120,0.8488088247553902,0.7565070931369842,0.7517287337911396,0.7509270996577746,0.6810944956842271,0.8942024466420984,0.7715700676192984,0.816515591045806,0.8521389744236517,0.7761148488403488,0.7732603667641811,0.8227867572797385,0.8499965898294731,0.7635363860370792,0.9064549277339055,0.8448692068762164,0.8404705242832236,0.7900033104815849,0.8089188149264702,0.6401935077354718,0.8583139463498461,0.7908379055272198,0.7416060140763873,0.7189851790952945,0.7627091187135231,0.661648344835165,0.7501669397419712,0.7206660323601046
cgSYN000121,0.29939614655922797,0.2973817035293455,0.18168813824388286,0.12198617689078659,0.3091535957408298,0.29881061634394834,0.2649712414085246,0.2791003031857464,0.16425007102537034,0.26500871494095196,0.36078193477832243,0.2864376694701975,0.22506762761484772,0.2343128640661446,0.30548201778768297,0.28513851869736456,0.27788111796730436,0.40160851066942216,0.2592533758563747,0.1810085730401165,0.2308886329374773,0.24298042235107772,0.31581702499816255,0.3154657649754668,0.24388293250451698,0.35409094336283264,0.26018976830671475,0.19760819285083325
cgSYN000122,0.3395632123554331,0.3834717975662037,0.43023603994394866,0.36376928173927303,0.47204606002807425,0.4199560965285299,0.4617243924637656,0.331841222579327,0.5625784159293619,0.31808460366212365,0.361262917797085,0.33005894440131606,0.3882838016944617,0.4033419448481161,0.4697559346940811,0.3169378665613559,0.4751248886430195,0.389898645603718,0.37051818631151634,0.41544671867590555,0.4152027682446967,0.42983943349868853,0.4687346319473532,0.3929587194053633,0.3935458820650125,0.3942508480165231,0.40000038107611147,0.38178001006133966
cgSYN000123,0.4741601694680378,0.4686662629878785,0.44364616605644075,0.45224778055448167,0.39330441651962555,0.4400092448006812,0.5110369140550649,0.4675953692396449,0.578815342700945,0.4293546337363577,0.4061182893828717,0.45114269443275334,0.46473115604989323,0.5720130045179918,0.5308908492854764,0.5577088539143177,0.5610970041258947,0.5029439060287437,0.5261757366848993,0.557708891575474,0.5294181710640266,0.49239957849204424,0.5588179683496938,0.5237342021367025,0.544357206420516,0.5053790748470689,0.4929446128331502,0.5447622589285243
cgSYN000124,0.6235515232679066,0.5345612304067452,0.5317283584127748,0.507911253292166,0.5651148593925234,0.5711636841095803,0.7134060673778982,0.6474529260443673,0.6095392199759381,0.6299434303079561,0.6616999183994406,0.4988101721135202,0.6118792885436188,0.5298811385227672,0.5717883884985371,0.60841414671848,0.5874105098550544,0.6148635928178534,0.5367431222896493,0.5131111200421359,0.6801730419040702,0.7286529201838376,0.5174076026338656,0.5646997065849568,0.4334457503674969,0.4975179253791099,0.5577462229571978,0.67193357292248
cgSYN000125,0.09688734335431241,0.1854909016973251,0.2147846624236949,0.24980409614632298,0.16200618802238023,0.08272259210838974,0.27821184415796507,0.23873057932014935,0.24086633222498882,0.1798515789529794,0.2709752739076931,0.23744695514405534,0.09740343194376787,0.1487359521456035,0.23977811399224566,0.12759866824918667,0.10626738067826835,0.2110220903652871,0.1319798636047218,0.2819754740776633,0.2698816514675132,0.14001554565624938,0.21433434850323857,0.1743007872817958,0.14279757066907306,0.16286702046416293,0.2078491845042373,0.02352646029580807
cgSYN000126,0.6580787256631444,0.7082369418816534,0.6818894177077088,0.619801022872071,0.700754074402613,0.5799237676995266,0.7288600231981732,0.666314656010688,0.666250843242483,0.6161070708227407,0.5928384620122024,0.6238727870740266,0.5894808416626338,0.686532030817729,0.63811350495517,0.5754921068697154,0.6744230000976554,0.659861810404742,0.6287427606145499,0.6576423364774745,0.6754266939283505,0.7168948603522032,0.6166924073661618,0.6252844034218082,0.6902197938056694,0.6590127296849365,0.7224980053423689,0.6572855408001012
cgSYN000127,0.424287862282549,0.5638695359922692,0.5156477664587235,0.575618361701368,0.4818348880194894,0.4747049505456709,0.524233961313011,0.46885376175211346,0.5050643050130682,0.5094447643461555,0.5173833874800526,0.5747535490846514,0.5464453488988654,0.4421237921892265,0.5247463197958447,0.48983148615644917,0.41604624601847695,0.4864293110097093,0.6082815261637248,0.47445275204209403,0.5037230172751047,0.36632962748569986,0.5540014868421989,0.405835873932754,0.45770724424386255,0.47146283829867724,0.5071295627246785,0.4581073794687551
cgSYN000128,0.664231387814547,0.5584747580752384,0.6566000556320623,0.6747997172147412,0.5392555045461697,0.6361519419022392,0.5128798025009403,0.6228854539622446,0.6049449155088799,0.5459583363475565,0.58148880340349,0.545318887097423,0.5847098749434081,0.5879505150084954,0.6071389899691076,0.692294365993301,0.6200313649691993,0.5137570138054887,0.6621255790530486,0.5926231442504228,0.6789239524253644,0.5637360331759598,0.5990992836602584,0.5286752970885362,0.6468814007322902,0.6410978734624077,0.5772051505042783,0.5572118191028124
cgSYN000129,0.7573616587897809,0.7289528038434456,0.7011277220533485,0.6846977830488187,0.7244075841405342,0.7905176858457689,0.6733172887514358,0.6962975128896765,0.8077019220008828,0.6005903871746051,0.7292687338599314,0.6869120130150894,0.7359684885750771,0.6811121785946295,0.7616187226862277,0.723063522134957,0.7804610191845751,0.7145822585283135,0.6745301567596909,0.6831322470354637,0.6700375036517018,0.7452146533756335,0.6974635854111211,0.69821066036469,0.6565270356363341,0.6172134217380181,0.7908351080819598,0.6927610987188981
cgSYN000130,0.2817049073299951,0.28094969728192165,0.21467635129782112,0.24448325513574246,0.14866535610150647,0.273238595931262,0.29074300040603135,0.3674319961821402,0.2179711201609387,0.12916319234702955,0.23536262301301392,0.2719718783177289,0.2965742568122143,0.27760755459783654,0.23502062942427737,0.29319900345143135,0.2169156680416151,0.1983689527899447,0.20497350883511378,0.3447619199678903,0.1831587907124899,0.1622347989980638,0.18011498106026927,0.20167079238905788,0.31271863349934104,0.16498849814524874,0.15224756042468926,0.3384337981361439
cgSYN000131,0.4431500374076313,0.4200463972780155,0.46323789873500204,0.45136205628782367,0.49013110282571953,0.4452540963135271,0.399316822158237,0.4691982701293206,0.44094145815084407,0.3919483085470991,0.4135871892573194,0.45364209160984703,0.4947973436404408,0.41047483571681476,0.47412071358924746,0.47864436063689864,0.36033193633029764,0.41204470913532604,0.4386221589091127,0.5311151765445923,0.4584060762817988,0.4190337114077451,0.4951589196623943,0.42479153177485784,0.4073147976594175,0.4095077856092841,0.4336070655561996,0.42474915833042504
cgSYN000132,0.36526239863341725,0.25667461913439577,0.3103590426686462,0.24973909349863313,0.43203082830405304,0.2783576932479952,0.33572418800315473,0.40422856901905074,0.38557302634569557,0.39908901272895064,0.36956379530164374,0.332341598802514,0.41073644584332947,0.3771530979544987,0.42622835533075243,0.22426078478710182,0.4240438106550902,0.2891630487508343,0.33809528532476757,0.3738884167397983,0.4595071636057663,0.3985118350581451,0.27629727332763004,0.3642528250584148,0.3650964004724701,0.32050623624330943,0.2975825545920453,0.3400763717189169
cgSYN000133,0.5568623754491923,0.47260927456726504,0.5379111906536521,0.4978080596862153,0.47419244363972357,0.5192754009376183,0.5572743659614965,0.5220941213135891,0.47184686826729655,0.48027035877889557,0.5814971063785805,0.5334560253210151,0.4462001454449331,0.6290957067182215,0.5149817806886082,0.4873007570491944,0.4532613566990428,0.5707358295966087,0.541282362414587,0.574406564897815,0.6162332837372214,0.5800384903834824,0.5235272414947882,0.46914843625679226,0.4926360747194686,0.4439197314587619,0.5299071924006925,0.4235449722525579
cgSYN000134,0.11630763045214154,0.24747268389917676,0.1792836908185596,0.15782078697686397,0.07496972362449603,0.1729602860281354,0.2101731761312125,0.05055683049967906,0.1612320283253851,0.20929767029762536,0.10872517420402972,0.22127092545412402,0.21994985105150627,0.14613542116928926,0.24241992454962114,0.07527266352179968,0.20852539801506198,0.2116649783285358,0.20933141621948487,0.22054122421199301,0.1168937818003274,0.1475091376608821,0.2585930832980264,0.04480244089551699,0.16614560884636462,0.2082605649541549,0.22115580784497935,0.2193764133957969
cgSYN000135,0.7029958280984597,0.6803779587213213,0.7607114663231188,0.6348735049759108,0.749260247549301,0.7610027347548629,0.6922575650514031,0.826539444191402,0.6436778307146384,0.8285062248108997,0.7299307889351668,0.7568882834060531,0.7567982587721656,0.6875884360714557,0.8439004439792206,0.6959173423593716,0.7750939562453607,0.7565049567012411,0.7730210635537579,0.7474126123966679,0.7159689036596102,0.7411634361460475,0.7325696143475123,0.7304747021345549,0.7004623374520841,0.675354800035933,0.8574661189556149,0.8222316832140844
cgSYN000136,0.4481939687560316,0.3867654842792384,0.4592154998270432,0.5981734110082215,0.5876922684984965,0.5541586540430768,0.44618128938420465,0.522859227573706,0.4869220877415898,0.5135098684455036,0.4550329134468912,0.5083210553627172,0.4106751598195724,0.5868641967439752,0.44459648435580057,0.5020896136981394,0.5820483447522379,0.3578075376540606,0.3278218608492063,0.5169612140371878,0.42495921922808516,0.5958983595752655,0.5742939012386261,0.48392205590573467,0.43776237876465607,0.5165426127003563,0.601735064707732,0.6061173523119117
cgSYN000137,0.23253831769124667,0.23980803921875093,0.2586764378742376,0.3427690394352511,0.2733912402119297,0.3085793107147014,0.226675939506121,0.3090735807208942,0.2549960539275723,0.31201858994050297,0.22430678951456728,0.17480065816916013,0.22220690981546115,0.24434913204748368,0.3510100613917862,0.2498078704973461,0.25524914538335275,0.21179151715266747,0.1916122930515229,0.27670490396148084,0.29350997362483316,0.28459496112693217,0.27763667936029585,0.21485639081548405,0.32409988855513866,0.38295907396873086,0.34821047117833315,0.2654958403280666
cgSYN000138,0.6711600378526468,0.5438854385620808,0.6426532121230042,0.6493450918950443,0.6199694109832184,0.6204408264091734,0.5720540188100459,0.6950958716251641,0.6499416853741492,0.63757548927883,0.7000042014474468,0.5285223384595384,0.6799367076854037,0.5725083734582485,0.7029269677029563,0.5718447141478995,0.6352278042936095,0.6159172306580821,0.5075597406858431,0.6352923263562955,0.533167172070439,0.614931574852885,0.580912962121925,0.703838326977578,0.6437319948733892,0.5825154204385572,0.642988937731305,0.6337307507234192
cgSYN000139,0.16741311459565145,0.14622426964041227,0.20308161509095424,0.26141102632709934,0.19793274879011458,0.28312680587370376,0.18051192770765778,0.18829823240045473,0.2708182902410491,0.25907076779718413,0.12510415268971994,0.29838194613932467,0.19794440600955196,0.21347505335718567,0.1723520714164993,0.258777636140671,0.13350125547855762,0.17567089031562294,0.18007615855146689,0.20762137220289828,0.2314989961821382,0.21267971859265605,0.34329140640993805,0.24143662514925784,0.30876989752978573,0.2663669147631807,0.2081169291286148,0.17925739304946556
cgSYN000140,0.8084892628434227,0.887170766125959,0.8504033408104928,0.7193509111850214,0.715165494882795,0.7500357316296298,0.7173924197490339,0.7216465623817647,0.7762436016524633,0.6673007776442212,0.8142762502695844,0.7386319232185646,0.8201269837521608,0.7643196898767287,0.8293000240898728,0.7749079919939444,0.6705601507577188,0.6834852045440121,0.7409978164437421,0.7247352663622714,0.7147500061246671,0.7276862590109894,0.6938597017124761,0.7956328919433603,0.7061782812518635,0.8821344526547686,0.7314911909276944,0.704680683251071
cgSYN000141,0.3089455562007491,0.31289541519518516,0.2595314929829259,0.23822358438397503,0.37670934837110015,0.3359128036143412,0.30675764945423983,0.3712771747630036,0.3311610717147764,0.2723618342166576,0.32380399762293144,0.3669332514719275,0.3015870457626044,0.27730082800750266,0.42162409935824435,0.35845696323589993,0.3376169624702912,0.2918359274448831,0.23493440849612413,0.40820766823907806,0.4199380909554711,0.36507163216165356,0.4124819234432735,0.4325022833022226,0.3100395329572455,0.4238455052302235,0.2771888129752425,0.4109846921809196
cgSYN000142,0.525836919073688,0.4634473133808034,0.43702884966520966,0.4832091544899609,0.5369184806466752,0.5437430019012173,0.4924108272609747,0.5746407816586371,0.5216571123137118,0.5941445856983985,0.4313329922547676,0.5173654844865279,0.3915938823508482,0.5114786208858654,0.4940930290132058,0.48132953327889866,0.5236365214050229,0.5391973034156221,0.4810715828737768,0.3726692972513382,0.4641140624779458,0.5216918466347891,0.415492790068805,0.397669512040278,0.5818154274180231,0.46366598871436154,0.47226943394439397,0.5926466425378222
cgSYN000143,0.2560061423704708,0.14238404294521223,0.20345142462258864,0.19949223019043272,0.2568975754797157,0.08820654912613576,0.12028407558867789,0.10144012493488169,0.2404919887913967,0.16470926352031276,0.32496422495144256,0.10346058727481729,0.1870195615093569,0.18468915129794095,0.12294436076289869,0.2529994031664594,0.18354578463958002,0.17545067564284506,0.14019588828762244,0.2079304235781493,0.22801111105436012,0.18005806946616065,0.06384817838055253,0.28082004355873297,0.12630847880259327,0.1954652940225236,0.20106268611593053,0.38267150450586684
cgSYN000144,0.28919217377473644,0.3568527055252856,0.2605453467858264,0.31037639058944655,0.26113485323282926,0.38266526372376286,0.43369832847605616,0.2263175166162883,0.33981059394916374,0.36734743316725693,0.3000266540225209,0.39373124490336403,0.33383323908076035,0.31336282575653523,0.42200497601721165,0.19785831442752425,0.44684662057853286,0.3663050334761344,0.23275677928891988,0.22477467831577375,0.34322819106815194,0.3415975419751629,0.42161058017403574,0.34200607249113835,0.4166393494351914,0.2802121136212834,0.35167574225872045,0.30512255579575986
cgSYN000145,0.7199366759493269,0.6734437077577488,0.6920226801212968,0.6640573391766837,0.7619326939119621,0.6634238891822051,0.6579524065542,0.7342372649846725,0.6495328115744452,0.724736841446779,0.7155791508400512,0.6943001915410935,0.6789590316607067,0.7453165327978654,0.618623207233172,0.7051040836828373,0.6907568605558133,0.723712613170427,0.6632461396469661,0.5387735067977986,0.716752768605946,0.576568642719969,0.6778153158915717,0.7509686138515438,0.660356355377232,0.7923110799901244,0.6845530854305835,0.7541371961691666
cgSYN000146,0.7369865988019677,0.6129666020106409,0.6389612087513045,0.706862320697741,0.7538228069134212,0.7557100198678753,0.8440810968369925,0.7641092126844345,0.696267052158436,0.6674980833336986,0.6924555635026192,0.697007846248957,0.6939790973947013,0.6697910742713039,0.6525679591495509,0.755683631997426,0.6473153288448115,0.7736774611064009,0.7288997118730093,0.6772298136543593,0.6980033271280809,0.6936640704080506,0.6552943508443739,0.7917071105618367,0.6431601989509791,0.7434128656664462,0.7160264010243735,0.7580858438686964
cgSYN000147,0.1442002808612089,0.2287762824678674,0.2655442104929939,0.12394517737392466,0.10936889838233346,0.18932301150952685,0.2372055605616165,0.13436115663698306,0.15992870521912023,0.2389841923383157,0.19241728117342366,0.23631129884496088,0.17660171109736347,0.1566196228093962,0.2155890525293806,0.18519885688835763,0.1623428657867924,0.10601867960141084,0.08802784911260698,0.15744701791358653,0.11462631749408905,0.23202853928148318,0.17211456068428374,0.2756016837471512,0.15967959067776846,0.11129360911277106,0.15011893896199419,0.22510318370190407
cgSYN000148,0.31159244762876365,0.34666847306699405,0.3663593705775584,0.34406817119555433,0.4107479962273913,0.3400276666808155,0.4292959200939457,0.33733275820396724,0.26688428900447514,0.31553270124245414,0.4172208810286251,0.4200765112532121,0.4016599413184273,0.263119629836709,0.3603695841994283,0.3704551201649231,0.20609330622531272,0.39462771469209446,0.20435778240425692,0.363518346959727,0.2754558182826846,0.3183327185503493,0.44473303269139347,0.3533987343106818,0.3895683826117012,0.3484760464350722,0.4375699403773031,0.29465211653425943
cgSYN000149,0.3176133790309432,0.48878484431696834,0.3748981409656308,0.3358827424635359,0.45842411431654484,0.3956680142937318,0.3938573932940513,0.423413729086017,0.34230710754156646,0.3762449297502085,0.3366508414272581,0.4665531806144145,0.45544812738950075,0.3575447472724478,0.3734652619785209,0.4590266545425818,0.5408186316409125,0.5072830067550576,0.3854368428888326,0.3118090476869136,0.3775015233604014,0.4350779566235127,0.44164459635732545,0.5247647132472562,0.4010255970043888,0.4203640488004645,0.4565926673174015,0.346446915284121
cgSYN000150,0.35709880841437425,0.32685250918358266,0.25215760477506965,0.29159757477407916,0.40822364877351835,0.30087370295736926,0.33747456323089026,0.24630421425698068,0.24407776927463393,0.38306760931352013,0.286090625828361,0.365568363640286,0.3020944797303689,0.2843006307483041,0.3834531959550973,0.3150823238089813,0.327573400977761,0.33347302359488523,0.2521023023533551,0.260983896583207,0.2978369225500626,0.39882704175632344,0.2906345328493393,0.3858296879829929,0.378627631905131,0.3330469993753965,0.37156814911768665,0.28412105745759086
cgSYN000151,0.5509375311908449,0.583752623676116,0.6185124275913252,0.5660901284765731,0.6716519570127686,0.5825014067168659,0.6472890309214377,0.5604042214575345,0.6682290567358635,0.564615220183445,0.6604703261280556,0.5646367177879461,0.5209886011480754,0.5341114371435736,0.6103191415374349,0.6300031346026757,0.5341113386577891,0.5745820937946234,0.5830520417340852,0.5642790520676341,0.6256381223146646,0.5006274064101277,0.6071116348105775,0.5705225818015623,0.5460865957166191,0.523811434868143,0.5375738645356807,0.6803297627731131
cgSYN000152,0.18088866223666494,0.22362570951584793,0.14529595298284942,0.16306202716521703,0.1197676746316623,0.19715958522839858,0.1264987574152444,0.16921408686779005,0.12944219301195103,0.25160288015317356,0.10767081508245856,0.20206824393254672,0.19059207401308623,0.17083894493718588,0.23340058823667645,0.1525174301110248,0.2644335550296757,0.21880445732319057,0.10795087808734471,0.11812156946572376,0.10537082257762903,0.10386345397600201,0.11827232941125455,0.21007290329733377,0.13016250968985005,0.1659045732312062,0.2408547029855528,0.2375481061200994
cgSYN000153,0.6411059967199533,0.48344649318200017,0.5827848928627634,0.6341750964336828,0.6719065955619317,0.5959290750363104,0.5120014648351755,0.598368506594978,0.5963834676835665,0.6889198958740594,0.6043822009599943,0.4900962948021561,0.6157074048989665,0.5499475639022813,0.5908895684645763,0.561306905387692,0.709577512525533,0.6352155226586828,0.6273719980478665,0.6600477832058526,0.5367823462034197,0.6166504756746831,0.7142822781144604,0.43836816133865236,0.5571898447353566,0.540838596123891,0.6041763252159313,0.7595122754531335
cgSYN000154,0.6729244337248659,0.6537092505737675,0.7060323240655806,0.7346539549435037,0.6001901889297243,0.7394314387810391,0.6083507099292166,0.7349947989026313,0.6855459663421629,0.6027245555572297,0.6056089757036426,0.5870535787429845,0.6476890792845356,0.5856610219407499,0.6640880839976078,0.6031247599390542,0.5817843175626844,0.7143838917596278,0.5902323340473702,0.5704099630180753,0.6528502297410643,0.5740314247494954,0.7142862666577352,0.590957312457153,0.6076430129254442,0.5918150076461027,0.648340314231542,0.6369495941596955
cgSYN000155,0.2584859295154761,0.33611291304646,0.3024899199850262,0.2975578580667696,0.32498982637904117,0.2407922439550106,0.31251600318999245,0.32486873762412666,0.10682883127805343,0.2621864093882207,0.3885314922527888,0.36561375343464836,0.3240107432113975,0.34540165064236983,0.2896339816815171,0.3422966161856962,0.29537532241651154,0.27903375067925806,0.2163685899978019,0.37650974768485573,0.288537888402512,0.39284657824493835,0.2813378926414491,0.34057116479333815,0.3258272756050087,0.37394775445675243,0.38483759091579894,0.15075840522664669
cgSYN000156,0.8004943040098472,0.6640622807723953,0.583697585201661,0.6350923506294004,0.5279686588859155,0.674836717385892,0.5563532898947222,0.5955821148475939,0.5916113254678047,0.7078024651108509,0.47381981156020997,0.6579985013159672,0.5960584140596404,0.6479160933055885,0.6441216112147268,0.5425434504690629,0.6124334249539821,0.6654398059275803,0.661246955613242,0.526210404175131,0.7655531092960008,0.6708256693989527,0.6445040459010501,0.5442922092152023,0.6320020488228963,0.720606410240564,0.588427628819156,0.66460308845155
cgSYN000157,0.16785603519784045,0.2671692069245711,0.2143065742345316,0.23622713799043266,0.12200613054001694,0.21117836927611142,0.17626873584944358,0.20347668525851087,0.2067564556349286,0.23741121395195872,0.1614528390845928,0.2181522218196846,0.16280644212626527,0.11391451284774082,0.2430503987295268,0.13771902469668498,0.23113430939817628,0.2597546215626205,0.1494656565927315,0.201483922701688,0.20075458905134172,0.09541932000715056,0.2681005032235503,0.14903390377892076,0.13402367873030221,0.20902699762605736,0.11101392667123419,0.17042027423786268
cgSYN000158,0.5660497034351107,0.6252161471256551,0.49235758084987613,0.6208499963097276,0.5816490268327558,0.5923049388509203,0.6461986863529092,0.4555625902349857,0.6172072560112026,0.5280573425526077,0.6257941075537862,0.5437804316769104,0.6023793729164186,0.5969015774227853,0.5473288579112764,0.5699105877047366,0.6505142650817132,0.5002912833056695,0.6585344937050333,0.652589555549697,0.5487624082506105,0.5594640561219695,0.5725973224463454,0.5514785607193118,0.6176559173852256,0.5694254355826602,0.6319408514593069,0.5007829174620506
cgSYN000159,0.5781708205495859,0.6505942851166893,0.7528491586777453,0.6674066763619901,0.793610567099652,0.6723161350355419,0.5438527519937356,0.6481635144271765,0.6833972431419321,0.6084633773352621,0.6706177720145343,0.6298354717016844,0.6917367592185849,0.7647693587406973,0.75600583135998,0.6892018022264264,0.6849002205390932,0.6495268031425756,0.7341642717954925,0.7640261918705451,0.6751940166408215,0.6754692392099119,0.7078665262627857,0.6945791020868161,0.6415886818040721,0.608151941760111,0.7718491544218335,0.6465152958752871
cgSYN000160,0.23756170466038634,0.22649801684108606,0.17262132751741038,0.256710927319119,0.16080737509248721,0.19785923623195298,0.19594485672658893,0.0386794229648979,0.24761552448764432,0.22674196974543975,0.16153944009577434,0.1971334248572931,0.21552697621755634,0.1274003031335417,0.2314796986062288,0.1915511023283012,0.20122500387219197,0.18200578489417285,0.0958833090134379,0.26570087447869856,0.20200522289836004,0.06827058817464016,0.15761656604990476,0.1610939920123014,0.14542185547449432,0.1529980631847914,0.21448460175239592,0.16062435059182
cgSYN000161,0.5973120061008379,0.5941313836316937,0.6902225045722844,0.6198420829040577,0.7243005911221067,0.6618937886018208,0.6108504341610966,0.5883773156071186,0.6505731880466913,0.6670789073196284,0.7500576666835882,0.5567494128958691,0.6775055972455675,0.652032917572235,0.6323385465053993,0.640805876277431,0.6892745450713043,0.6309546472871461,0.5784539625957844,0.7177142258243608,0.6271651213743243,0.7866212372709136,0.6876230700374292,0.5955085645210401,0.6706178291170553,0.6763146123608752,0.6989052897234116,0.6790489283652549
cgSYN000162,0.7212216034584856,0.6670230425813698,0.8607035167645315,0.7248882373352437,0.6749835264804478,0.8275318042969328,0.8833573959215374,0.7801146468604979,0.7854707590172921,0.8677831243420923,0.7921718965564618,0.8275753669952058,0.6912685996128626,0.7927624016868755,0.8510754918617421,0.7312307335661132,0.7613279755022513,0.8141952339366467,0.7784278592317443,0.8385102304986867,0.8255480110507128,0.6366731981002355,0.699744405731324,0.6731016855359242,0.7310093352958176,0.8877868016925138,0.7399199793029912,0.816283775499695
cgSYN000163,0.5159130300344645,0.4448579056435004,0.5429232240482404,0.48931808860395504,0.4335262086046937,0.4039786553774827,0.5245483029347233,0.49335055779786646,0.4675918777845982,0.5207396738434282,0.586294653343561,0.4311699477220775,0.638222637244092,0.6216956251458153,0.5987872239923896,0.4617905597097947,0.5341801894443218,0.5233052171434354,0.47277974457813043,0.47096867952344834,0.5047428301920528,0.5296666190644039,0.714612032412225,0.5167696457201704,0.5245735290719664,0.5376288435166342,0.44479765467825483,0.4701372890010414
cgSYN000164,0.38314818663010997,0.2551427940200574,0.340195045882455,0.26156623591612504,0.3747500351144132,0.32087006656999084,0.4838121364739696,0.2643628847688989,0.3330630223402378,0.49714872332493776,0.47422347618491617,0.3783406486076406,0.3368832195750033,0.2985827644249191,0.391216827155648,0.3271659850749391,0.2879822488115187,0.38213244917417094,0.36508479694885215,0.1957277438027032,0.36737553326926725,0.26286561004782444,0.35871799476053423,0.4075907065054055,0.26175542933174867,0.4468847188946573,0.3948990441480891,0.34787836275305895
cgSYN000165,0.6834918177773573,0.678779656201915,0.56530861937494,0.6041966169665342,0.5977083946599637,0.579600594444241,0.7293598053450281,0.5316416677936026,0.6090304960452967,0.5797560974880658,0.6225933559783949,0.741332369765687,0.6391416323479875,0.6703454141444803,0.6763089021332226,0.6617195293918358,0.5829214647695963,0.6293819455339539,0.5351146491466207,0.6187629104836513,0.7112218868949134,0.5814992608931,0.6776784291524143,0.6458571141010716,0.60591459444508,0.6847673887994703,0.6492490168964149,0.594986991644935
cgSYN000166,0.7068356095808893,0.7273447421323407,0.728585721109845,0.7011019127842332,0.7005549306311928,0.647692030697065,0.7278237405988697,0.721689084322881,0.6041203740558088,0.8147185292177178,0.7318191900288705,0.7697519422667269,0.6141977363091823,0.6087357998728122,0.7528535166582234,0.6575529273566889,0.6896379684764828,0.6565179343741971,0.6880108332809153,0.6351712890137384,0.7275136424327573,0.7404781507418456,0.6655576719340625,0.614945797855098,0.6923194314467332,0.6697798165245599,0.6889365408906738,0.6932358893608277
cgSYN000167,0.19618249020617207,0.1830280264586224,0.21064551141340287,0.23464851629582148,0.20170698048497418,0.13266853710284013,0.13141780090659277,0.12074746252590052,0.03829648732148522,0.12077331066906455,0.10609952561462438,0.1957815336258169,0.042381474178417144,0.12675738756671465,0.10388047163711067,0.19583739535013886,0.17460348947951063,0.08787822152026063,0.18850195284413138,0.20376369836387764,0.06998390460072698,0.14594266034220174,0.13043198472810907,0.2065060246290408,0.029126260485610345,0.03436796285635904,0.12567325798774098,0.2522244523327981
cgSYN000168,0.5271227262723329,0.4590592436799761,0.45510102806262837,0.497285895030022,0.33785298097954236,0.4678022764375735,0.3744183889992524,0.5006597407958121,0.3889311693767712,0.39084456264610773,0.39056970723722606,0.47032385823740963,0.506314637918454,0.4480612460142648,0.5333461290148127,0.3941568720209801,0.5122937797904049,0.36838450250057864,0.34920680422356853,0.4070546929572901,0.4723742739386262,0.3382850308016535,0.41516063971165185,0.49509708638022387,0.4290646601034713,0.3797469164766025,0.4745662617793608,0.4296011056373221
cgSYN000169,0.727967021485582,0.6603336025648657,0.7414909838742649,0.7311321829512539,0.6895807694568064,0.8126612044627105,0.7723261326748733,0.815116651529612,0.7419917394489491,0.7746855061963148,0.8156875711970925,0.7549167220599171,0.8274455864329409,0.776700906594481,0.743325265093222,0.7940020785968968,0.748842262506683,0.88717558865434,0.845908953399976,0.7568277842320809,0.7672596654236771,0.8274676230673705,0.7385290664447558,0.7113235269304962,0.8046909481703002,0.7430327657555275,0.6927774769990116,0.8260900175524177
cgSYN000170,0.7258793318927734,0.7779287175716103,0.8431614303633445,0.7454106260406703,0.7150351890573843,0.8203163357763141,0.7126755308525372,0.6806708477947175,0.7872726663628563,0.737038812846191,0.8024720276129155,0.6087353476801816,0.8520115306009547,0.7971050284113556,0.7438325875440007,0.7631856701339055,0.8666562375162727,0.8256918915792844,0.840432982696679,0.7916396630202415,0.768836093315083,0.7813037280561949,0.722713445283119,0.723342124093248,0.8965498166354475,0.7217199955171044,0.7520419314109732,0.7861780793060055
cgSYN000171,0.24681771787706883,0.21277534030517986,0.289129365787506,0.1878806609194761,0.29272157529015513,0.2192276097726747,0.20648620672666104,0.21397833487239454,0.27291847400919206,0.3390803270613444,0.32541302527661137,0.3242496525963745,0.2885408914201053,0.2637138779159814,0.2875452305126186,0.1996996850506636,0.13809756456205324,0.3079290832006436,0.26762312328428123,0.3347043555724168,0.23613184241019464,0.1529469028420003,0.2518212460683499,0.35153811029041193,0.33014303086063584,0.24720151585395123,0.27555878921617544,0.19073206547325866
cgSYN000172,0.22802161867800025,0.3919039353022027,0.2653716526819549,0.2567665337361113,0.2989857311004454,0.226846584016538,0.27554461783508094,0.26073640224840233,0.30092692566751206,0.32940187401546195,0.20046443366908195,0.2819832583670097,0.3874873503548284,0.3070251986508867,0.24028414111686358,0.24513955381574112,0.14498525680548272,0.22791343159837185,0.4048868395821494,0.22478887406231596,0.35953662295070016,0.2018952155776096,0.21197114208475445,0.20146579022509176,0.3688569138531782,0.21892568044686883,0.253600997423231,0.2539711836049103
cgSYN000173,0.7000606675115917,0.6238327431698837,0.6007369505453595,0.8246572865214118,0.7984689606286045,0.7718903274578088,0.7693381399421464,0.7417054136571849,0.707722283612946,0.7583626678233776,0.7555882540399643,0.848296662840512,0.6471740067827633,0.7319060581486552,0.817363829724898,0.7620965898386927,0.7291800772968001,0.8398096177582766,0.7446332489992554,0.6702723396520723,0.7128850138465963,0.6008044526668068,0.7172922861196778,0.63812270633235,0.740804498301288,0.6655147726622777,0.6173200229203049,0.6531109915987219
cgSYN000174,0.5419829474037026,0.5205989190686824,0.6608985055304679,0.5401097412148179,0.5539561066084917,0.5616484990983818,0.6848415195255491,0.7206974159684686,0.48267182504101586,0.5695185086665276,0.6377280340557865,0.547993073996001,0.536385543143795,0.6223924336485406,0.547555001564189,0.7046852996071188,0.6154654423629143,0.5122977963700589,0.5478289031746724,0.5075547808733724,0.6033037552472622,0.562045218658047,0.6933228211369376,0.6089542936766116,0.571598194227787,0.6189049556900788,0.6131340462938865,0.5717726572276046
cgSYN000175,0.7089804456470568,0.8101308044714753,0.8485078461871494,0.7559154140773712,0.8021593794827205,0.8853871658376608,0.8355190639692264,0.6857181297938271,0.8371757020706801,0.7939480958827052,0.7333709825263874,0.7672705709488216,0.7337654203702108,0.670434098313466,0.737135530246001,0.7011610593162098,0.8621974752815436,0.7608249932112879,0.8968965001764866,0.7530719105084461,0.7695635614265725,0.7372763523765905,0.7170172537417668,0.8323884825051764,0.7966871164666922,0.8611663200975287,0.7484726156848756,0.7555971252442213
cgSYN000176,0.5575760285934526,0.5611040702831256,0.556534406903824,0.4669816806305678,0.5745839028714663,0.48978589776268106,0.6306691556754,0.5823855487064395,0.5352338936744855,0.5216276256363945,0.38820946366022047,0.3808745338775431,0.4440066254828879,0.5785265168660045,0.576939344655758,0.604907334253839,0.48339004213776404,0.48677340555355325,0.5447574341503896,0.3239744542592096,0.49608793464126477,0.49513229692495664,0.38230931262423085,0.47111376468911204,0.4471974877728757,0.5925647106132016,0.46643724202588327,0.5083233827580371
cgSYN000177,0.24335619422325233,0.21938114768576097,0.21887546981089467,0.23859898971936527,0.2053882588581247,0.212498947727021,0.29989999446024707,0.112049129685588,0.3450162958150344,0.2079922937722311,0.18668516781622058,0.23992662531898837,0.1643772593854058,0.16423564458844764,0.19008226720085758,0.2319666406310981,0.33865179873477647,0.2878516549799187,0.22742116980863578,0.2250601065083332,0.1747222443714636,0.2569040351801741,0.24646607543455384,0.19687384270563302,0.3025430049857565,0.2852818464171767,0.22711504353613057,0.330039621873898
cgSYN000178,0.4215507396501705,0.3066674248407594,0.3511531538676244,0.318229356907752,0.3398226382603444,0.3057661946603996,0.3769432362236005,0.373658635495625,0.385770582506283,0.41040474148632483,0.3082635282073574,0.3637870337637617,0.31609942068739344,0.28692725355170295,0.34095727313289137,0.3057706331942869,0.31953766447651405,0.3476770039125996,0.30774858830128116,0.35907364975288025,0.3763903401787052,0.3348267868946996,0.3777063196988182,0.460653263120167,0.4395246132184884,0.38965902008765707,0.32996437468554063,0.36351816329193637
cgSYN000179,0.4528655276686109,0.4148555042615118,0.6548448091364889,0.48409133679738553,0.5893778820454757,0.45003221645916697,0.5327871319792831,0.47698723238344076,0.5307653281006586,0.39564442616665424,0.41583612034854817,0.5067901424913129,0.4942655875878373,0.5352782155558926,0.4991432428257908,0.4345356970449195,0.4766464447725197,0.45722401233757887,0.48910048263160855,0.4866194304030406,0.5695201970855035,0.4361359123172448,0.5156978351552123,0.5672024599587686,0.5149798680921435,0.44557701103952624,0.47176010544716374,0.4635689985740991
cgSYN000180,0.6400608688305855,0.6091234591025788,0.6252166827879915,0.585617878697464,0.5586842028565548,0.5998946858581229,0.6234293816733668,0.6050585054361489,0.5914331440527129,0.5821496061482877,0.6069654303421163,0.6871653383652291,0.6258026324076814,0.65349810178865,0.6573487867358457,0.5953704557252155,0.5210764285345164,0.41985455795087023,0.6221064154455125,0.6317286012418788,0.47928118257033075,0.503167251203355,0.6089224465983574,0.7225335037063307,0.6102313247087555,0.5587151278247628,0.469891326677521,0.626159676100585
cgSYN000181,0.1476400389116,0.17782963130995894,0.13106601818768213,0.18565574550994274,0.13447529197391586,0.2705206090286972,0.1298148837190476,0.1302821695498647,0.15683403579443517,0.20375155733568662,0.11504679704964985,0.16081160264156683,0.18315606886292096,0.17405346856184717,0.13532245348089356,0.2651337933747823,0.16363378959063993,0.24037628431256752,0.16657385971816968,0.14635221102313584,0.2547348232032268,0.19672546302859056,0.17525378714797465,0.11536050763603856,0.25227228997747264,0.251184122080393,0.1543773323735145,0.12155770614472497
cgSYN000182,0.609091010135721,0.5380481522126932,0.6188025273400979,0.5909202337499141,0.6145332847035712,0.580723809188628,0.6514161504185745,0.5119069483524452,0.6478974451089761,0.6922973296383571,0.49974758528248814,0.52457366786331,0.5258802833438125,0.5846829990907939,0.7179919475456681,0.5707667512156969,0.5510708679667341,0.6694047609520061,0.6045311386035671,0.640357327842729,0.6690318422382598,0.6801509149980334,0.5805695105500723,0.6289480819290014,0.5055412590082639,0.5686704579699972,0.4888498103614344,0.602259424326632
cgSYN000183,0.1926283344348684,0.23506275289973536,0.18696575725692952,0.20183139447599843,0.20610932614863622,0.20577086771697947,0.3028083653871589,0.1789264734530852,0.3460807520984277,0.1692170719730069,0.2330384306541452,0.27591165188108346,0.16422360226225752,0.257037071143538,0.15075529748443559,0.16133201304501618,0.22629625237417522,0.28534598175032855,0.2315539544222252,0.25319462238518814,0.22282859440202765,0.1409322641185482,0.17019902345192325,0.17603781284485676,0.15291253463724683,0.2289370515264906,0.1777404516126476,0.3156378742252375
cgSYN000184,0.16088583826559733,0.04009740697434187,0.18700616692543526,0.12996056493351857,0.2085824488791799,0.2087327919662717,0.19746499180004146,0.07777092957423391,0.17320326160490004,0.19474244324106846,0.17643328209316533,0.13934080809313662,0.13302517081766363,0.1541141845277417,0.22531163952019706,0.19970481907012044,0.24508255230262982,0.2199080499893329,0.0924051180642812,0.14382486883042242,0.1455334669118055,0.14162836418329885,0.16394022073818995,0.11266529228313749,0.08831004078636807,0.09984150077599732,0.1587246425897457,0.174167968609179
cgSYN000185,0.5225655608955442,0.5184993945600519,0.4256135289868521,0.40353902523372387,0.43661598149060943,0.5412516913662145,0.45390135072044774,0.47522468962499237,0.5585590356221802,0.529566355531028,0.5150150300046022,0.5423665095834608,0.45178057537614574,0.5253937298674088,0.4881525778371469,0.38647059598316436,0.5973301210579633,0.4935528888418723,0.4646684339585876,0.5128782325225943,0.47463869586137275,0.5165816932665629,0.45116094707550036,0.5904034211327389,0.42135747748769864,0.39352121606415347,0.500625519801534,0.38818834930209556
cgSYN000186,0.7127652251841414,0.7314950594443824,0.7824922741667337,0.8374042578027686,0.6265846995874067,0.8677635938945033,0.7749525872041211,0.7680185905996562,0.8458873721445821,0.7832900045989184,0.6394380107552399,0.7379053182250015,0.8557686828233679,0.7273989860507941,0.6518046501611916,0.7646939553427248,0.7694860626195986,0.856057321232046,0.7231088422067129,0.7217386996996765,0.8846288424360182,0.873700000455166,0.7554485346285847,0.7844302773911558,0.7395836715506519,0.7926127525776724,0.672606973887413,0.7794682017003137
cgSYN000187,0.3392894677519104,0.34229119261672875,0.3639657779819827,0.34849254468868146,0.16498010995551854,0.22928028764864072,0.3262499413296972,0.40951860369058635,0.1668510683453981,0.3857438390920059,0.35900899102474304,0.33718552492738446,0.31258782039759575,0.3576366471548785,0.36976563404283536,0.31942875086737915,0.3312984308682965,0.3655751620552615,0.3627786827115646,0.3587630978201938,0.29162134144818896,0.24012874198237633,0.3120659036983104,0.22178964379225663,0.3010607417257807,0.40946777041386917,0.2827195926960843,0.3716194768812521
cgSYN000188,0.2713426081926059,0.26499643939719897,0.28362506828677997,0.28174214125621283,0.13325061999093096,0.2510577663534629,0.28676594671563876,0.29362236055106067,0.23988174153294764,0.2005548249214445,0.2914289056082153,0.21445982761191604,0.3095692692699181,0.412841614140814,0.19192547027371187,0.28166378169332607,0.26103892998816025,0.3219863317649646,0.19620285135254223,0.27722191217010794,0.3023673982353909,0.26606225925429683,0.29299143123407173,0.3621169996211419,0.2654928914955857,0.35005381036150557,0.25420064343981785,0.2714137236317713
cgSYN000189,0.4164267193923869,0.34072689663566746,0.44516247612298016,0.42857757029846477,0.4297017572657285,0.4018082781325744,0.311054388573606,0.3816752245782961,0.3895709021767397,0.3853075549686827,0.4327129132012931,0.3903482354164339,0.3533289682214767,0.2876414757664094,0.3993708430006385,0.3421134245032706,0.4991832028693871,0.4456431227702644,0.2833676363824759,0.47231825249132103,0.47826267504759173,0.3267715440478178,0.46166050248130075,0.35807740071382244,0.3782694465787787,0.4651603730332574,0.432075409459886,0.32678235999626415
cgSYN000190,0.7805848302536649,0.7576716052360875,0.6761233031974612,0.6664697831211446,0.7591357295643575,0.7662548355510599,0.7481141425282472,0.7038522804203179,0.7313431967243826,0.5558306402617872,0.7661856992819555,0.7199750915895062,0.7562637079940192,0.7918383787870344,0.8321267908949991,0.7090598822907795,0.6996697358554534,0.7570243835150042,0.707540453242299,0.7668608251866212,0.6051930561399206,0.651786090018433,0.7170438687872858,0.6554335051372805,0.7611403680714494,0.5984094849618983,0.6943525336104728,0.7503125986232727
cgSYN000191,0.42324582529366916,0.2826285635597705,0.47800669606980706,0.4274565598500783,0.3895218466193245,0.3209510000041075,0.4722912828127808,0.4200315407603268,0.4106142907518443,0.38856084203068475,0.426268640895193,0.35795188033015796,0.3702328920811845,0.33432985301581475,0.36889669194860686,0.40558381160422585,0.3530941326410658,0.17223552175580154,0.24015401230211397,0.40344187499680484,0.40994631494537026,0.3443757841553144,0.4159762060154269,0.3583771381459445,0.47491302730409435,0.4283074370949095,0.4126890662654015,0.35916237125439027
cgSYN000192,0.28738659265080424,0.43142643406339964,0.4175771810235756,0.4749669363555313,0.583097889367727,0.5368793992567713,0.45113270121996135,0.4529648135175432,0.5129168397765622,0.5756699649725845,0.42835672797338487,0.513675325073934,0.48322380732470405,0.45812843924782637,0.4894795527003114,0.5290286332345628,0.42619495920731343,0.42246537403134965,0.5099291634658152,0.5077466950040005,0.485472080616989,0.5040704190064842,0.4646116521945277,0.4838254345675009,0.46535822068766464,0.5217593763730958,0.4091061004939286,0.5579178438366081
cgSYN000193,0.8815405863140253,0.6978674909237843,0.7139067577606387,0.8184949213422287,0.59820969856088,0.7678890150105969,0.7304497519777038,0.7401280113033217,0.6645194715861134,0.749646787208957,0.7348430699087407,0.7352633731321627,0.6227133697012874,0.8078420488092287,0.8531252465163709,0.6789214911234305,0.6925468463546401,0.8039692182548097,0.749993843933554,0.7540054575945648,0.7424303703783427,0.7858400727653633,0.7762174059216702,0.7755889187814089,0.7985553694043823,0.6780025026575283,0.7986344841729666,0.7486867808750128
cgSYN000194,0.4745325237234594,0.576954821490685,0.5287774183431867,0.44520026255401934,0.5053861603648937,0.569569460639798,0.5223558939878252,0.5094642086776181,0.4669272271207472,0.6030052353121844,0.6179625052098158,0.556423767806747,0.5045539825395303,0.6428882445372522,0.4898441804009649,0.49520931605358287,0.5478783153372997,0.5601083259157532,0.5968065456851288,0.42768678268561794,0.5790909491235655,0.5620209302797559,0.47679913808281127,0.4545758822544987,0.42413062835350596,0.491262893308876,0.5346890983781033,0.43607349670689244
cgSYN000195,0.6399127753517441,0.43965942823858706,0.44484534931754594,0.5857483807821856,0.6141036566636944,0.5899920656619272,0.6086199102481374,0.4955524075425698,0.5513139818430608,0.6086986884867123,0.5477421643226491,0.5405894723570353,0.7402368529686641,0.5091826857175443,0.4856894975998698,0.5171191749191085,0.5249013058442776,0.5465592030076402,0.5990047269942449,0.604021197550865,0.5356670372455101,0.5504681425307132,0.501110340216346,0.5738117387430565,0.538194473581501,0.5813008533683481,0.47289437472926,0.612287019275787
cgSYN000196,0.7375195781462964,0.7482498447975772,0.7752618934891178,0.6541138614838055,0.7161207308615768,0.7610963290591435,0.745600162364271,0.6816333292524368,0.6919893303621987,0.7632810694031608,0.6662425455087189,0.6893580643710522,0.6761458902615808,0.5266988919686524,0.6915661383816896,0.7797163152414371,0.6291989569826585,0.673545106684814,0.6770086234751905,0.7398184043604762,0.6924354211913675,0.6588230685553258,0.7688019529815686,0.6040346059855871,0.7158591949121169,0.6508284044844611,0.7248913542006397,0.6100505894698004
cgSYN000197,0.7534430243086765,0.7639618121069053,0.838971822221422,0.8168884072423558,0.768232153395178,0.767965312853088,0.7492634469538466,0.7472891177411856,0.5869246662365784,0.7912757558786948,0.7719040711066796,0.6627623852399408,0.7800445615919004,0.7448028727491957,0.8199826685912799,0.7608791678028838,0.8554083778952243,0.8533122164077015,0.6801756863119885,0.7150078829199442,0.7829293748486292,0.7661149307102356,0.6756480394066278,0.7889440909702173,0.7837360308573366,0.810932012357815,0.7577100820828935,0.84529132435113
cgSYN000198,0.38845315348632464,0.36803154571614416,0.36664144651913105,0.347210216340705,0.442327820586995,0.38475420784554054,0.4494899714308201,0.4047902935335378,0.3327909110219152,0.4107009329076474,0.4006477516837276,0.44955668748928684,0.38925270409850216,0.4923314510877036,0.37032190756843236,0.442697336157257,0.3117449764500822,0.4083002762732925,0.38300060822631565,0.3954494159397531,0.4157288052539068,0.4893251187575092,0.34650384388677413,0.3947640816055674,0.3816107029915731,0.23690335803564033,0.3918141328420395,0.36527886494743683
cgSYN000199,0.2447197561814928,0.19826521585191315,0.11891877267200672,0.22047893207732863,0.22520018382573226,0.18453000272191944,0.15808233095415938,0.24999762788808064,0.2281874208852679,0.2733675917086843,0.11516114765555545,0.14522736366513503,0.2048881854985856,0.30364932110342946,0.17574302551238674,0.1814856574357538,0.1959109531500463,0.26069245032921323,0.12949253620047968,0.23186109550961734,0.1591675826553206,0.26592424435455697,0.18428992865954757,0.15837433008470997,0.074002963732013,0.10735639961379245,0.14485266970938054,0.15299202539594847
cgSYN000200,0.1747412659340071,0.13335663926404628,0.22549171983919664,0.10544772883606075,0.1903168756685608,0.18577173122768575,0.19583455490756624,0.22122646465550688,0.22530317816289713,0.23142637891792464,0.07974211483741588,0.08242451398606473,0.23100463981317426,0.13706010389539613,0.16579747245778942,0.29682295042579454,0.2750597103948451,0.17551791567257852,0.16655516353418767,0.19591666481000583,0.3201340771843176,0.15880358306009343,0.2511560022872068,0.08849112442240879,0.17654770832929242,0.17317015047085046,0.18566388620585997,0.1505575841477117
cgSYN000201,0.3814043492276908,0.38070041978981795,0.39241075093219874,0.3558056834700716,0.39514920207341486,0.3701772502632657,0.38702106564988403,0.3139516783305849,0.4373086525543859,0.34894696932046937,0.3926064167951559,0.36090486472697736,0.3306292916457971,0.3833338588120107,0.393982480762938,0.257180701274214,0.4337353693386218,0.3103374186354516,0.3118306266664036,0.2643310212015672,0.337922454386872,0.36223584465436437,0.44857408779548763,0.4056236994429932,0.45446415878145474,0.28123122596855854,0.3690013860023778,0.5156050327888708
cgSYN000202,0.4871901180342429,0.5328874670542127,0.5022959077504855,0.45068790320491714,0.3822487466163163,0.5125724267278625,0.5225282256097208,0.5350042168431188,0.4606919399580109,0.43838742987111173,0.4292409315625186,0.38069697325052,0.4781159546320677,0.47300651523768705,0.5553000924608286,0.4469372804125366,0.4381476428436363,0.5075438078871114,0.49117602291687035,0.48505191806706666,0.47364684428337456,0.39584336342322685,0.5050258087761148,0.4388532226937914,0.41700976244723637,0.3780370880057209,0.3793120265902935,0.3575951299509989
cgSYN000203,0.7182262657782239,0.7052449325089534,0.6617106457782603,0.6321188364673083,0.6572183999405812,0.7782051145557669,0.6942807132075132,0.720558222089192,0.7204946278880966,0.651422911870924,0.6170645623410059,0.7284052067991962,0.7679971150541449,0.7122653428519851,0.7425541395682289,0.562116363054717,0.6368885834711704,0.7402917038890533,0.6897186926246534,0.6147780259894526,0.7077171608542419,0.7057953946076118,0.6062115701706606,0.733102147541397,0.6284768397953051,0.7333501450933084,0.5909010695205081,0.6431145136294366
cgSYN000204,0.2896593512620478,0.3042940962703071,0.3389628623507285,0.32725405801248275,0.38104644443414376,0.47116356644475355,0.2959162345367152,0.23102134726354134,0.3269063943350775,0.3310624252952834,0.23567806574578087,0.3486246731719627,0.3220074756890207,0.24887510102905241,0.3386325147042571,0.1600526381375495,0.3042619651454403,0.3851547356962706,0.2832218851110106,0.2847193326820221,0.41703225335526617,0.3793637087222702,0.28690654282148287,0.1788739410725725,0.3170740231791492,0.3812135676205076,0.29709003170273,0.37038484803646704
cgSYN000205,0.51914805076709,0.4893687354601061,0.5131527818125889,0.4923820222328943,0.3631365737066494,0.5180036448555891,0.46673472072929795,0.48107551720465025,0.5470523785129293,0.41203846568058605,0.5443961888528416,0.5100561808815834,0.5332127362700044,0.42278737708140557,0.5779202958988696,0.5813749425232205,0.5794081061551575,0.5280978751295182,0.6058363033004175,0.6442247379002636,0.4058534369196186,0.5253923063306953,0.4952536691455612,0.45666096742115403,0.45902731077254794,0.3650498435945945,0.4751753783151512,0.4766131178949783
cgSYN000206,0.150198224817317,0.2404341968097616,0.19768165368442134,0.10313205199794723,0.20940963181878525,0.03329982454846253,0.0828928880112414,0.10612401231554267,0.11417237766339744,0.17860529038924244,0.16765806458893542,0.14463190610329316,0.17485630333165136,0.01,0.17438173542390323,0.10081374697823897,0.19733610972912408,0.13493491546676759,0.09395373693554608,0.16426769040664074,0.09028542231180209,0.13506483814686673,0.1457174522851811,0.0535854830238153,0.2612246705638013,0.14612159734259775,0.1537642264218953,0.18069738765073523
cgSYN000207,0.3006114176404986,0.3151216413466123,0.39315647128625664,0.41380693077895025,0.41155519528664053,0.24834966551619195,0.3539608321436548,0.2588603189861852,0.2925059159991497,0.33251248999237415,0.37883511088193356,0.23338489579177882,0.2545550581365819,0.3789627160637442,0.33091663259419435,0.3189570902056077,0.3440293408637999,0.16415469863423324,0.33915346877799596,0.23447487427744407,0.2969462765371029,0.29385089517817436,0.3424005267433957,0.387321879999101,0.23753251777706302,0.34651007670194933,0.33141238334845313,0.39183470532745923
cgSYN000208,0.32677099726555653,0.32086485091367367,0.27400104789726,0.29083645117807133,0.24235062135416535,0.2885974021610353,0.3429617824516061,0.2731595309419564,0.35865919216449593,0.25833960290644875,0.2366028744209539,0.26937082237045357,0.2803209793210979,0.197142025251543,0.27287036247693813,0.31983504648937694,0.30796232443927335,0.23832804440818736,0.23747185521000921,0.2546435512442957,0.24080134756278265,0.3097607480140102,0.3462044736973188,0.327354594969472,0.2984153162066958,0.2843290743901363,0.37157251996565394,0.29192637205282
cgSYN000209,0.2876559084753445,0.3294100391398263,0.24469727722229584,0.3869525009064955,0.21950819991652526,0.269931910702408,0.22939290287526493,0.3997209643787212,0.3091207172428177,0.37895049010187387,0.340017309452171,0.2797181779366203,0.33803287698951007,0.2860268256643707,0.32240108504214426,0.40337841527444074,0.40308876774315194,0.332388788829541,0.4093967013499791,0.4154376725082516,0.36701749719427573,0.37985838347017303,0.31594327505687225,0.14898280993824353,0.320485837155119,0.41491141067927073,0.30293103672915483,0.3012474121645348
cgSYN000210,0.5140872725038004,0.7291815361791227,0.7582630604084768,0.646612178736075,0.6903004216787337,0.7076788823269192,0.5659082169177105,0.5518768647346309,0.652029116814585,0.6477960947963659,0.6495054777036933,0.6692856636755864,0.6867115428767736,0.7218967092506513,0.6379257317989494,0.6075663275702416,0.6617681538598496,0.6670223236392496,0.7834555026192247,0.699713541327196,0.7420808665475833,0.6166799720358376,0.546415860416655,0.5741500062252478,0.6661668476369077,0.5312715686740745,0.7289263873081713,0.6908478820947231
cgSYN000211,0.7985279701433401,0.8118393723268802,0.6767569697221136,0.7685797455256806,0.7089065249029678,0.7332824684911132,0.6842621117248695,0.7888649018567314,0.7507861470570673,0.6434224538245017,0.7727338197451945,0.6667974069820062,0.6749756156716099,0.6490969789223553,0.7058489572767186,0.7762921010497332,0.769354384807359,0.810509315780257,0.6504664145228022,0.6554985123024678,0.8001618948367435,0.6627939299577587,0.6543812010952463,0.7580144178999998,0.6957501221792072,0.6637077117334432,0.7258321608150917,0.6398738807550186
cgSYN000212,0.274465112001267,0.2975947246620742,0.27992213111696773,0.2642226225034087,0.3020966156577664,0.31915281422297886,0.19128466374155062,0.27430040202746553,0.32005241570101084,0.27928870728612143,0.36130319093024754,0.26378071068184006,0.20046545121012854,0.2123506681121329,0.22277460694675486,0.21960289133217495,0.2804993129311894,0.3181754414204804,0.27361085602226365,0.3255064977235178,0.3048129280256012,0.31349970675549743,0.24381504616331756,0.2259036554018688,0.2669939590770589,0.26840348075659504,0.20818939056945962,0.12549891351282227
cgSYN000213,0.7150426502954439,0.6608409642051789,0.7890277304207499,0.7206071956992858,0.8449663515587875,0.696835483041642,0.7140788940022127,0.7259034877723674,0.7378936928299028,0.8053468237133121,0.7100403343207015,0.7161023182942152,0.8187149405411777,0.7575076766790443,0.7547047272220792,0.6593537500473109,0.6624339922893702,0.6190792412700632,0.6833684686651567,0.7503662752586774,0.6895977559944616,0.6454389265965558,0.7868333480571233,0.6680450466394217,0.7623784675149569,0.6308235124297298,0.7504128016556417,0.6824121353883635
cgSYN000214,0.06939527972862188,0.20258045644473982,0.042490623887647835,0.15222420768072978,0.14164555856512778,0.21650036061078196,0.14591924599576545,0.12499632339442115,0.15713224498945122,0.16316927156196795,0.11298006630671778,0.2442128806637386,0.12215410898455659,0.33786150528194125,0.21176559535419584,0.12474768067913461,0.1432736218469941,0.12194707807049593,0.1734265799729658,0.1160993858793864,0.10251136732587011,0.12000207303384196,0.1948628847430363,0.19284947460084478,0.21774232559171106,0.11482414856891174,0.20158242391510023,0.18381590541413148
cgSYN000215,0.649269732764217,0.5694116004931881,0.525075573667232,0.5787657215922866,0.6269468649806771,0.6803439243478937,0.5593913787782543,0.5381497041351059,0.5533202360166888,0.607033623256247,0.5172764261370677,0.6269452482698962,0.585348955425201,0.5949910171177296,0.5096515941246736,0.5954457121097774,0.5633775335996992,0.6255254138421847,0.4842210871304694,0.4983274471890894,0.5990757050474383,0.5298394770467396,0.6331120865108648,0.5523139482998388,0.5332256589479635,0.6291782176934673,0.5138541238765457,0.6468876741839626
cgSYN000216,0.3513728121181727,0.3918452734607723,0.43484393088234574,0.39106869894403035,0.3660547580467219,0.3718776663238274,0.40099766822494937,0.43377507333341786,0.381061174526324,0.3075115453456535,0.30009477653369815,0.34198048740373305,0.380149348351968,0.34245382010045333,0.43376723684671964,0.33854648133839715,0.47158164368388006,0.29425746268076486,0.3927083769083844,0.4430587432560572,0.3863868242639371,0.3153639254938408,0.3226524717362176,0.47251188531593247,0.40448145588821116,0.37063794851647996,0.33964756453981776,0.3447384541460765
cgSYN000217,0.6143992491374661,0.6031313082566854,0.6618919340425853,0.6632386657786074,0.5489508174260359,0.5816086656792,0.5326250357702509,0.6463822171302394,0.4693073367784799,0.5898495147614758,0.6483743685291055,0.6162264637374655,0.6944309153194228,0.618401017615459,0.5729214644058062,0.6546248894048026,0.4875297364845777,0.6487378791854498,0.44631808284149216,0.6011537128035926,0.5237250996251076,0.5749282653038279,0.5677240552391272,0.4686932944979217,0.4714020905209002,0.6638298222885562,0.6207190979978687,0.49303699494541803
cgSYN000218,0.17555118977789264,0.12730085348836184,0.35568592673611504,0.3792513504764405,0.24222037740602909,0.2862282185110528,0.36753312357803536,0.25275244195309465,0.17462232046168458,0.22211063083602067,0.2425899352512889,0.35338417956951607,0.25292881980411236,0.14709578917345556,0.19797370593837263,0.2785183290562167,0.36625604000806566,0.2562139934825069,0.227200374406059,0.28437780980101657,0.28279615705609573,0.2769357367793462,0.23350735887604973,0.3081031192369772,0.22840457637660944,0.2429283692419793,0.23389385078345215,0.2460951757713975
cgSYN000219,0.7864848269058945,0.7053880594412405,0.6683210567372045,0.7279511943451187,0.7919068494273865,0.7173041853676344,0.6287595922090001,0.8069511318567592,0.6721702393225091,0.8201125169383976,0.6220976748291308,0.6542937334161854,0.6896653686051383,0.7033197176982056,0.677536683862461,0.7337908794668025,0.756345995044287,0.7833561508039106,0.7705680550853024,0.6825655037290097,0.7051150114999659,0.6372464276853818,0.7172438672106117,0.6941448187491742,0.5381896584770286,0.801488776859363,0.7235247769390021,0.8130974736510544
cgSYN000220,0.34294740723200073,0.3473210188849516,0.33025896696942353,0.33035312907003184,0.31917612984618116,0.1944617200760093,0.3203248011674229,0.3124755987889435,0.19323339071564183,0.28953002654433446,0.35372581795037844,0.20570317360077267,0.3474709072495774,0.27618782532554537,0.31917108336202404,0.27118298264983887,0.303287214554257,0.3338930201351181,0.3683441527866067,0.3451284254136578,0.3544233592790515,0.29990210999905503,0.3097897366542921,0.2627567780828549,0.34332373946214234,0.28583803666437324,0.3644449056178485,0.35966282047036857
cgSYN000221,0.631759391610422,0.6329724885444815,0.6021584021209564,0.6522062678953247,0.7310554972194205,0.6432562208175325,0.5924423698068455,0.5806424594635254,0.7535962148436536,0.6461034157171224,0.71941381880836,0.6750414949633814,0.6432961015494152,0.6427133253343296,0.6530670332511187,0.6271542706833773,0.5710483247506213,0.5496087287347617,0.7227393473144954,0.6884141195030719,0.7367726110889553,0.7066762903374502,0.7445333039515203,0.5920605669348935,0.77031010520283,0.5695072370760297,0.7883994485494684,0.646743085319957
cgSYN000222,0.8170552557312339,0.8080780666337133,0.7633421779224665,0.8508183459878349,0.8597085898527451,0.8040759210556497,0.8144396971557097,0.8942855642452232,0.8290778953728672,0.7288312468246255,0.8340441357399117,0.777825149123726,0.7228836926104641,0.7903694732449017,0.6403446128716106,0.760149635277985,0.6728074215857435,0.8660453972425748,0.6896877017048673,0.7960885586541272,0.832643676777009,0.8365453081795939,0.6582060469551906,0.7841029025045543,0.7379614361508021,0.7575288937149158,0.8247827663298103,0.7882014512890184
cgSYN000223,0.6731299409095042,0.6152680926245371,0.6529202294209652,0.6997012895302644,0.5191495209276101,0.7217373025037912,0.5802867531285648,0.6454806121893941,0.607152816703928,0.6313958502505918,0.6245287245534846,0.5608608310043998,0.5654579864399466,0.6833505401734756,0.5772501142586894,0.550735226346645,0.5615537215910352,0.596907064513446,0.6060614326503265,0.4786088322755655,0.5739802256598256,0.6302388568037036,0.6178432582962263,0.6226823364161131,0.5749038183793068,0.5706509488285972,0.5911148608292909,0.623250647556767
cgSYN000224,0.16344313373830532,0.026374619859894255,0.06247254994791537,0.20241165495804297,0.121479038349424,0.1023142164931909,0.20851909175408162,0.16980342195211365,0.17024571752969606,0.17443648308117896,0.12645034008298967,0.0488441018219911,0.042857283117031644,0.19520803285926097,0.209432625881319,0.10927994853857056,0.09159802095684558,0.08945512760700378,0.2213219959909826,0.15050234826885825,0.08795324990002285,0.1967668807582389,0.13648043780104177,0.18281101091336732,0.1329157552734853,0.08345104017096425,0.22018328427366252,0.1753212173546313
cgSYN000225,0.5874745289122899,0.4786720564980356,0.6581681164474352,0.5802440238305142,0.6366820359950712,0.6629172184324557,0.5381585932893325,0.5769176637232071,0.5471282492232166,0.5507848443889181,0.5336923269057197,0.6304946862142369,0.6274699431545596,0.5098580778153073,0.6264279271466319,0.7073336414129183,0.603970253199025,0.6113225185398112,0.5720457566246782,0.5105221600161881,0.5658317705535088,0.5885397868978159,0.6273570798470385,0.5082168907217132,0.5521516222820201,0.5293385784401557,0.4811592319476643,0.6880727132619182
cgSYN000226,0.6777752840647662,0.7736074196697781,0.7364486934210029,0.6729239926392449,0.7198817759561494,0.6984304226460197,0.6982069129924857,0.7589837166181153,0.8000293573442797,0.7373695506272977,0.6432452568178316,0.7130650522188404,0.72272352654062,0.6607132699555612,0.7210436775285094,0.6571603536429752,0.709444513952509,0.7931461286962903,0.7148256571607599,0.7128118007091898,0.8379832791345826,0.6837774324926569,0.7078919610068627,0.7757787429445004,0.6940207783754464,0.7678039977333291,0.6321449520973448,0.6990786902593715
cgSYN000227,0.26651804383735556,0.15843174030484383,0.1161229442625178,0.2237072691151868,0.15522858586092558,0.2471288214643631,0.19385973263084522,0.17097940199546582,0.22289324326565252,0.20373208108043014,0.1442969377370964,0.08667646605185603,0.20274514641427105,0.3491404522560493,0.12773668511034747,0.2723892134136222,0.08445044198592952,0.1815697657113283,0.21764773601794554,0.25388738654099613,0.15904367059979369,0.24671807960933662,0.17760852483498119,0.2614870777694093,0.23996462416590186,0.2339952376358427,0.25243261541373674,0.22314583337475344
cgSYN000228,0.09802530740412854,0.15717125266632348,0.18349323122073682,0.28137504301208294,0.1856920574826093,0.14559935003291397,0.0973239896172274,0.1657544016052495,0.21683480803164523,0.17991678065047692,0.1343936064330143,0.17034980509252443,0.08077828091611743,0.12498303242744366,0.19864377249995202,0.19511605822952166,0.13877628236072614,0.21557984013592382,0.07031515957685829,0.15394319021671474,0.10649375922868255,0.24288509352705728,0.030812845576426356,0.10468805306504997,0.11948340500033902,0.07399155462689613,0.09053925901417899,0.16022459877163447
cgSYN000229,0.3186796426525873,0.3695285521747539,0.47800285204438825,0.4473585040376219,0.3801764305694326,0.4396863597338658,0.31988126555845736,0.3585919993885546,0.28183166555719974,0.44937435714722396,0.3397689666937884,0.40099382751453133,0.4311439307773459,0.26592753788115675,0.3806127435182115,0.4257827647251172,0.45657066538932584,0.41748328101675786,0.35711048496368647,0.4069613904602262,0.4032682359859284,0.3531481079065865,0.38867947898572097,0.4434125546824602,0.283385856864808,0.39690814560861803,0.4167715805882517,0.49139990640772657
cgSYN000230,0.3480471095838928,0.37037456013017767,0.3947582410915552,0.28365938500565313,0.35517537854583203,0.32123430403429076,0.24333013108214124,0.2509781775710155,0.2600249621169499,0.36997348016672393,0.3404617127331738,0.35930549321769045,0.22884749333698678,0.2703786262348594,0.24233880089292498,0.2331945390591706,0.22875057459178458,0.3643619083709552,0.23816408499884775,0.2026850813573639,0.3771895999692,0.36571756906747194,0.29733632463227405,0.2963083608161728,0.2884032827417878,0.22688152102671005,0.2367178689073382,0.2667210790021691
cgSYN000231,0.546825476461405,0.5735922982706991,0.5756544522654525,0.5569039337610598,0.5206087885562521,0.509565124672534,0.45737512728885255,0.41262245281613313,0.5584067046033793,0.46589413041724775,0.429763516443352,0.5933074489960039,0.5856156909348121,0.4969125159967447,0.49685224884924006,0.5261350134845071,0.4803942009360728,0.5561299907855025,0.6342826980512396,0.5856564764783972,0.49217281135618973,0.5281488618304571,0.6032932549981782,0.4903659392510772,0.5464525355015633,0.4582971142277233,0.5611861088650381,0.5301951948365868
cgSYN000232,0.3296266387942376,0.35979501672101427,0.2807852445928237,0.41367941794773794,0.27403451558599456,0.30480651766776773,0.49686236607779954,0.2400251113540548,0.28422392959756976,0.45375139965138245,0.39475659345327907,0.4103679848906607,0.38095560392616545,0.41358476551382173,0.20217925892287275,0.3885506883359481,0.22307371062506873,0.2990241043139746,0.43204572959165705,0.3536333612953878,0.2909869654901877,0.3109676029570743,0.31264975861013977,0.3542903244593133,0.2554715938568836,0.40131424272997046,0.40944954065233863,0.36591810139389
cgSYN000233,0.33338348333522033,0.2384518641141498,0.2851931911559881,0.09125877278717656,0.3071703817170484,0.3033381378854866,0.2873782093886445,0.22082339331491221,0.32983382644927517,0.3110840042286931,0.3568849672849616,0.15832143544694333,0.22022577749271643,0.2532703248119834,0.20312023162980114,0.3957052328156778,0.19603073299915902,0.3620830720555592,0.20572289926021764,0.28155524020318684,0.23391551290444054,0.27590678318167555,0.27637351920750075,0.26877899108906733,0.25372178608729085,0.2159408898818085,0.23940757729517342,0.2755498027076324
cgSYN000234,0.6735092239951634,0.8077179570267746,0.5969585722024409,0.7967486203760558,0.8560909166007534,0.7644525589707121,0.681300263540037,0.683518635906357,0.6919686765440756,0.8080012373128166,0.7319788396049325,0.6966472248966027,0.8515727860454367,0.6476743201834331,0.6762107340235592,0.5835193034426914,0.6286611531386299,0.7481816035872831,0.8121751895972296,0.6477393944268046,0.7251842478349193,0.654825390272791,0.6875336484979664,0.7632271063273399,0.7165769076869637,0.7282851109688881,0.7636735406995957,0.6752448392148849
cgSYN000235,0.6970483292001048,0.7286050834498535,0.7380230880805474,0.664857221910231,0.6499143105250771,0.7337188576614906,0.8180373530494789,0.8098728734672803,0.6814300300967269,0.6752453057704365,0.6706769472827283,0.7691607205824841,0.8627145451336424,0.6634576467028277,0.726123252344262,0.8330994285213271,0.6418311358212746,0.7102137130679572,0.7305440590839024,0.7824865123299571,0.7263159916504851,0.671582244755663,0.724776877254941,0.7115838581175988,0.7519454155343402,0.7639540615320892,0.7063537307177908,0.7362410791917008
cgSYN000236,0.46151862694533835,0.43217809583941835,0.5113183775776869,0.5360044085025213,0.4491104324701381,0.4660379196248456,0.483979279361273,0.3757312765963369,0.5096266678269932,0.5937382939819865,0.3857074641992215,0.4027061264080595,0.4942525398421567,0.465638234538294,0.5213667642062679,0.3321220451909377,0.48139911851479444,0.5271673565351067,0.47127435499488757,0.5234220195201627,0.43382966484981184,0.46307778476327954,0.4607170733367102,0.5233128815603666,0.5250197826513376,0.4494817611807084,0.32847489087795984,0.4049275372359542
cgSYN000237,0.5356233043163409,0.7590736872655216,0.5198357363471505,0.7172636512604409,0.670141483532064,0.5546882258269348,0.7333535507117533,0.6349878878417147,0.5288782597564288,0.5515829882295988,0.5922050039150389,0.6251227836379994,0.5908496032494962,0.4745768876192158,0.5105364229668027,0.62896354233131,0.4103963384671896,0.5963643926816218,0.4381979896846073,0.4375665528299766,0.5810575090624432,0.5667409109085032,0.4980807101375877,0.685478721792115,0.5752751393711182,0.4193487867956398,0.5718324612257766,0.6495511754314522
cgSYN000238,0.5042828789923096,0.6097516196547171,0.49926369338250604,0.568915024443939,0.47729838147045545,0.4673849199002791,0.5488539881764671,0.4654830066436895,0.5542952880855229,0.5750228532527097,0.46446820814697565,0.45585307271735076,0.46824108750062615,0.4430047949206172,0.466698492657599,0.45443912675894504,0.41609862363969885,0.5985020006793806,0.44703227887339014,0.47252998523720235,0.5150277101288185,0.5628914482880399,0.46836288809136817,0.4281644485812651,0.5289492217009654,0.506936873065145,0.5925765412926546,0.47399894350181104
cgSYN000239,0.563543107504035,0.5625736838350833,0.5233048438795084,0.5022301408603261,0.5818538587465166,0.6131557428142234,0.6040079338927311,0.4774924271655124,0.5461886860827241,0.6264293856819152,0.5848705898971237,0.5675557272310439,0.5294476357335429,0.46747763349341465,0.5571319874584713,0.5390530839246882,0.5000684888402444,0.5632977965408191,0.672549761336815,0.5482700099799758,0.6652505410406538,0.5345940700216115,0.6511471374335069,0.503017523086464,0.5205107050544313,0.48457268656570757,0.616724950591247,0.5353968332499264
cgSYN000240,0.6535388496215955,0.6531350492637695,0.4930333749336246,0.5347603928245689,0.5317426448641873,0.6018951330197085,0.5197752306006894,0.5752183026770509,0.41413550897024376,0.6094601092540045,0.5738770220893407,0.5599978421473507,0.5489561352768692,0.5810728566424842,0.5868837222414015,0.5150476987926484,0.569678122624991,0.6001525182745686,0.6076918775323089,0.6223063301624034,0.5639993007807327,0.48494267805740987,0.5916304967719871,0.4915792924769039,0.6474582824222934,0.5229856598459411,0.5429023343931859,0.6409395080758095
cgSYN000241,0.36251921389242736,0.2622537730479265,0.36170302467417426,0.4546268270511563,0.28055308188614625,0.37601103154511334,0.30322919249772307,0.3515687228828819,0.3579158928006022,0.20441766023563562,0.36152004665263904,0.5361044214292591,0.44060387150585995,0.43051947844525085,0.286521967535583,0.4563147736498907,0.5226466953361717,0.3150192844421094,0.3357595398725113,0.30002294543123065,0.4043847514667487,0.2320304278846597,0.4670496082021809,0.4119483413498034,0.4028991427195631,0.34455550620392567,0.2796338180461393,0.3765667242607608
cgSYN000242,0.3591273304436948,0.23421328689679746,0.29341082404303515,0.25969334879533273,0.1776479074021216,0.19742225890461967,0.20400004217231676,0.16765220975578315,0.2055460496056949,0.21629018152712587,0.31316314035020265,0.20580806754822695,0.25513603850617317,0.15492644533427813,0.35600776095344483,0.32646578818406297,0.26079906334463093,0.16928313183232876,0.23768652955545103,0.22979111232478142,0.2746952030995198,0.24525219169446857,0.31835360704887766,0.3119597709542964,0.2654857313140197,0.24416665225289175,0.32784020648466017,0.2950142829681662
cgSYN000243,0.5119587167513381,0.6271015375043102,0.6683406248843725,0.546401073190922,0.6458119185892477,0.485341190845418,0.5825945121917249,0.5749244099278309,0.5322723824943203,0.5580679144153602,0.5078701612065154,0.573804950141259,0.4993766094075504,0.5101787669251334,0.6286924775913705,0.577164726604539,0.5549100336871832,0.5421560948308817,0.6125045922255425,0.5463498868983816,0.5226589853294507,0.5032448900554131,0.6254908033455867,0.6404838456505844,0.561888280881024,0.6125880039015695,0.4934292446420386,0.4903030813964207
cgSYN000244,0.49560217760968106,0.4468345827403073,0.425311527798703,0.40763336250696197,0.4250871805542492,0.42300566789036537,0.3667634180561767,0.4614750064632732,0.4042172501520892,0.3992816325772144,0.4288038054748084,0.5176550990565927,0.31942308469543323,0.4381490607969705,0.40340352434483884,0.45316531917918623,0.41796130417206173,0.5794903697162572,0.3871177782942115,0.4280938312660343,0.5450454601781978,0.48358936301490985,0.4126677467287665,0.3300852863498662,0.5602901704665382,0.4057786088126816,0.4574953206551461,0.507927409371266
cgSYN000245,0.8055443053870333,0.8034178772062048,0.7343903759998688,0.6863246189079526,0.7570181977493693,0.9040454998204557,0.7960946268363961,0.7804468401655594,0.8196328055355602,0.7326445766621071,0.7732041744041779,0.7266656606388459,0.6365702722143626,0.7178024677794071,0.717408633227371,0.790288005220503,0.8523293606157949,0.7089167910426049,0.7276228970296097,0.8223953168375678,0.7007537573759168,0.7390751674853812,0.7627925679004679,0.8341808120675106,0.7327836249662412,0.6497587994222023,0.7500552615153564,0.7150627300013873
cgSYN000246,0.7062265586782379,0.6812830309990184,0.5035330813216636,0.7041123129556354,0.623068775476471,0.6326890015159838,0.6955646005209362,0.6882828398255365,0.7488881956195613,0.6182871252598262,0.6497569604923296,0.5801199585242922,0.7645005149298318,0.6394918981089984,0.6860400661724516,0.7506424458980553,0.7604847118631735,0.7572438545481175,0.6815864095750924,0.6356226848178509,0.756331446036316,0.6297261045308955,0.6681711375363796,0.718511551601557,0.7181407213618736,0.6673004034089788,0.7813133688486784,0.49908020263991293
cgSYN000247,0.6109228969916152,0.588641929953718,0.7210634764204744,0.612197725053187,0.6741402533897057,0.6464155799568071,0.5900411360462144,0.6741018978894147,0.5655406314505359,0.6553105762722748,0.6215566259275576,0.758698726242407,0.6321153099973423,0.49849979740657613,0.6116190704275578,0.6910972004074089,0.5653077288791494,0.6199927876969807,0.6670049879676514,0.7354850471553249,0.6128881910311225,0.6426966414802227,0.6559960295135221,0.6080899304625313,0.49361091898034304,0.638549847644473,0.5905036781653575,0.7341077441541379
cgSYN000248,0.2459002515726896,0.3462710276170433,0.35027244425822757,0.41926765436012414,0.3468341112440632,0.2798399309288941,0.4294513748749102,0.43768658474735256,0.2875741964665517,0.2853894259775268,0.4979816010166467,0.3823652060283906,0.4722139882850557,0.3982092047498443,0.4044709126763818,0.40062523246084447,0.42323090125864626,0.3079373490693928,0.3537732631247623,0.3885112341718029,0.2596371681364841,0.3217985327070323,0.327409830286533,0.33054682771232524,0.3058578715361389,0.36724130194357124,0.45746726733552506,0.4155807953048218
cgSYN000249,0.6392526963011083,0.5602428242515421,0.6938403738068392,0.5439795417588679,0.6199350444483303,0.5000895530062119,0.6137989676906439,0.5627283309912693,0.6078731562604508,0.6585079749040871,0.5508316050281045,0.5826619509912018,0.5289790701922527,0.5917536255918785,0.7045332994752356,0.6696407917075808,0.5002597291210434,0.47776101098553453,0.7024973842306049,0.5448285129566315,0.6246665898081911,0.6518603736689591,0.6912308722271632,0.5639031784318338,0.5657548034496026,0.5391454080509076,0.5332848865759139,0.7209515978207733
cgSYN000250,0.3243295351696787,0.3032032316000227,0.39899416877675264,0.47216019791173097,0.5318642759151209,0.4691874887816034,0.45869011518586833,0.3857306641633958,0.403251179675695,0.4503106084734421,0.47610587028153123,0.39978518517909284,0.41628323325125605,0.511020838651943,0.47972136521765657,0.4856016523852056,0.3980460523884165,0.5032587199060276,0.4858342069613998,0.4969207773701878,0.32021462047508936,0.5015985365487563,0.47396495829422813,0.4289836950100773,0.39127580929115907,0.5040589367182694,0.3385489266915228,0.45322797654209457
cgSYN000251,0.5148434437738719,0.4135184834756306,0.5128208147041918,0.5156236623726763,0.40706847340017344,0.4469313667725686,0.4349444172692679,0.5367494695523526,0.3466326725193579,0.6017788696319335,0.4835775753680649,0.554817047919109,0.5075604288757948,0.5045485930579334,0.576406925280327,0.45799873969489363,0.6114012412582985,0.4488021669489451,0.4713083191563792,0.40102883058177663,0.49578872961321463,0.43761313327314133,0.6016831961107397,0.5622437840978171,0.5019263745416149,0.47693638259344,0.49856358685376057,0.39624675646657614
cgSYN000252,0.19220215061007861,0.3094952718296464,0.2398093141166744,0.2791423158621129,0.15033950846262778,0.16669346642027416,0.2625831772736139,0.28101844417091104,0.18066682140315418,0.30639551773051527,0.27750390438689904,0.20129181913344502,0.3107284858526235,0.273640414655251,0.22557860993447892,0.25158709160144327,0.2608013643659886,0.13923281856072034,0.29762114584068056,0.25500373149265654,0.272952692704818,0.190136182735464,0.17221985290751485,0.20585048980295428,0.2465980100908224,0.2737838354120886,0.2167587189307867,0.190841753773104
cgSYN000253,0.4508995431751158,0.49224237995334885,0.46240676795361746,0.4280285246207141,0.45302473343770466,0.4437465623879544,0.5019310294925106,0.5289534764885674,0.4649203801414826,0.5278556156241142,0.5227719099121841,0.4822659811394407,0.4301584600363101,0.464421186838233,0.43417473981267946,0.5104035823916373,0.468732623139596,0.5396538444001682,0.4725222346195824,0.5667648405350428,0.47089216965110214,0.5157988734277401,0.540905872364759,0.5233412348997322,0.561142602853693,0.43401363209315075,0.4763509513877123,0.4942996313126424
cgSYN000254,0.3943849281455817,0.351207344967198,0.3858149018198402,0.33795234350748404,0.4621072114206049,0.3217975395289528,0.2772156479152324,0.44721395398324487,0.24973649148391308,0.2697894738932446,0.39536797126293577,0.4059342152113132,0.3836560591160462,0.29806560093009077,0.30732278848861183,0.3952646203398259,0.3748369838204632,0.3191176512434181,0.35879639386734,0.37065527795085595,0.3245211860909866,0.3457643032102897,0.3847936184146548,0.2899167838653138,0.3671874173645408,0.3261535455047555,0.34203148598074934,0.380176550495986
cgSYN000255,0.6247997799428815,0.6063107365103202,0.5880420744189119,0.6732906602867972,0.7030106118131443,0.7144057902250043,0.6318376581702064,0.6443641438342111,0.6930653538397513,0.5677004142007311,0.7044165198050297,0.6084836916736316,0.5932463367148176,0.5284174910754896,0.7103380970537134,0.6743229673343345,0.5631667986848156,0.7092490789649257,0.6825453649624097,0.6514135655796288,0.6608533220676301,0.5283540548588755,0.6931413602868752,0.7010407592608925,0.7105503981595862,0.6581463250229159,0.6521786341038797,0.712537764503353
cgSYN000256,0.37096037872614307,0.41168956674177687,0.4125624203808263,0.38096875942413044,0.4089232146943592,0.4407170655707751,0.43469585149440104,0.4083283967675364,0.31081175219660956,0.4860203262175379,0.41676480670516386,0.31143038819127233,0.4429073502546994,0.46240153320309885,0.32332447725179914,0.38013746318948016,0.3731281958093117,0.36827907112391217,0.30052537102301013,0.4607255978502014,0.3250555567521326,0.33813292791710725,0.39542924110990435,0.3943533653094648,0.42599545185974214,0.5080680234154812,0.403045372242143,0.33642622866138916
cgSYN000257,0.48733859973736027,0.4693713079214852,0.4659677128231158,0.41891158040942184,0.46910335248354607,0.4965455831984728,0.3849665856388244,0.37304404502062033,0.4400313841014514,0.4428578677110045,0.43446109451330794,0.5006384847501677,0.4846653944941565,0.406864644926586,0.4398480659038879,0.43881823890569815,0.4695394773575471,0.4384002357577947,0.4347801541920084,0.35072578668358156,0.43249853423884155,0.4365586134335969,0.47616904724831405,0.3950683861925588,0.5370894293273389,0.4181223668448444,0.48749805516375777,0.39304638669726955
cgSYN000258,0.31917388927309565,0.248922838631877,0.30197864998071744,0.2580232991788652,0.27111843673328856,0.2827906043031238,0.19214068487837993,0.3046017739974162,0.2958646903978571,0.3101159556481737,0.2938277147258191,0.27216621049108514,0.2852316851968088,0.33163831559304374,0.2852890965671804,0.37311201165636354,0.2609463437177626,0.24084031094179711,0.34958135375132826,0.37257611093959375,0.3035027281405961,0.3134769706530107,0.34302264364542656,0.25844647095891227,0.3687534033438058,0.35602097737235994,0.2343959456673506,0.33565524499493427
cgSYN000259,0.2571051163977465,0.2174985878515232,0.17163626244762492,0.20874387918904153,0.1382918401015088,0.15031950254484527,0.23778057347866705,0.19172199006811752,0.09054207211360431,0.3397636497482733,0.17667232166148905,0.025474661234875032,0.10184186239179636,0.25007953426392954,0.01824010050310386,0.2585288116156356,0.22821116882045955,0.1728814975954372,0.17749704559906576,0.10266281888465671,0.012905568969183864,0.2564993478387256,0.19290763910181724,0.12489923785005201,0.21469455211570415,0.147759142857248,0.343767783256666,0.20200757981956866
cgSYN000260,0.5113836959232005,0.5556869474417772,0.6344118588914455,0.619091538564848,0.701206755149158,0.5459984375069723,0.6683900494200038,0.5157828866843168,0.5566407367455638,0.6092821414461944,0.6263682965279617,0.5406874188924891,0.49514261489305683,0.5857201783053303,0.43791239233563123,0.6191596015043511,0.48567603498690176,0.5698710874237352,0.5121668094596578,0.654008262820299,0.5480512555277562,0.635938808814599,0.4643512917948283,0.6033825946112398,0.6532924193480982,0.6827128709770129,0.6986142867327725,0.6118660491701381
cgSYN000261,0.13554392265591236,0.19175526162198375,0.09076402747084293,0.1414781764012813,0.2113524273750419,0.2491023402032217,0.13864927879516387,0.10534838690845665,0.21164499567538914,0.21395857454068745,0.03150598528072758,0.08929302544670388,0.10189674585577106,0.06547619025484028,0.04743866714725352,0.21279846272115538,0.036205705080088066,0.11025162572192669,0.1932587354251788,0.01,0.07098645497422829,0.16562331405315062,0.2033061608039078,0.04937024155525978,0.08143101899356316,0.18905039254834227,0.2041808482575634,0.3070988673678773
cgSYN000262,0.5489480407175622,0.5311090514330223,0.3891006857386276,0.5119154497531596,0.2899346641754407,0.5042312556075669,0.5367051520873879,0.309545936883534,0.36931015307624554,0.43121340635837874,0.4224752796726843,0.4612623092137477,0.43013208548086074,0.3928269616788634,0.5259844830412918,0.4730133720934177,0.524712114067701,0.4029520666120376,0.5312385311874289,0.4534397854158923,0.3754852492252823,0.4624678851708505,0.34745167165133933,0.503496771145751,0.45656387722259056,0.4888705458669689,0.565056280777869,0.519505504916727
cgSYN000263,0.3961471724317569,0.4949631190913391,0.37589902199041564,0.4495532258227552,0.39239773041180054,0.5898045058111635,0.2895077030358077,0.4666785251584454,0.41122675817485094,0.42186224739068834,0.42175172174980163,0.43151861757226306,0.40937815830481517,0.3447268090036316,0.3969012048879848,0.47665392049026717,0.4191338656295281,0.42448375471108774,0.4752660585009661,0.4614610944519901,0.47833957605984995,0.38574158340411857,0.4398372293200246,0.44768110682969453,0.47103774703489215,0.6292354159902225,0.537848975409198,0.5432589584681367
cgSYN000264,0.6263398443809591,0.5615745735510329,0.7235596319025612,0.5211420919721785,0.6366301543828788,0.6626150855054214,0.6389484183577273,0.6902089127910537,0.6588625476509491,0.5968080552105588,0.639972278459126,0.6179720355198961,0.6639834965174055,0.5912181299586928,0.6703790451250186,0.7131650409791451,0.5708048903881754,0.6094272529664996,0.7768481456943939,0.7135811787348632,0.6924620475199486,0.6860349014142021,0.652782404764587,0.5545640727354861,0.6512806801228335,0.7138622528129595,0.8097076127325461,0.7139587102075264
cgSYN000265,0.21300384496118396,0.1022392507106311,0.2139571953684652,0.10870618634695565,0.06164483160532712,0.17112394556082344,0.27743974484784795,0.10127402776569254,0.20144089841105378,0.24269510876381584,0.2021014107266405,0.20459613778162955,0.12289524959571972,0.17965834124339275,0.04515915421503151,0.28688815414434604,0.06035902466036243,0.14659772586369701,0.15049938462296514,0.17757397893391885,0.2506681601948969,0.24028353887570553,0.22707286088652773,0.1688226323381607,0.164750637380155,0.2157422489839136,0.17475154248639396,0.19165040152437335
cgSYN000266,0.2522651633553083,0.26965728388455684,0.31142479476011947,0.17196324265463647,0.1667662965602963,0.2225677405211785,0.26474994687080183,0.318651581745017,0.21060867648043036,0.3345817396413436,0.2019358351747308,0.0847703205373561,0.23466568583637704,0.19459916794968674,0.24056793724397108,0.32090830702410916,0.23930799937463837,0.2542270626742572,0.22203883048069123,0.2417739660683782,0.25404663555027646,0.3909204484746143,0.24384790046542137,0.058734786348578996,0.24964993936748886,0.29957960357017566,0.31667252222889175,0.2345956897207148
cgSYN000267,0.6178067053998468,0.6464499426299457,0.592223166793778,0.5869556706209337,0.6031283868901675,0.6392107195015144,0.6376810077549611,0.5060612728809508,0.6613719905099038,0.6353009004722369,0.5801131741742802,0.6146038034596831,0.6931433850745253,0.7423636784696823,0.6382566418996615,0.7394494452402723,0.5884397224174855,0.7097868099209232,0.6216518085984463,0.7381983621719971,0.6317614870434146,0.6148450311818787,0.48639063845391073,0.5791434617683917,0.6573289168057599,0.6677684097328763,0.6159299915286119,0.7334155923156946
cgSYN000268,0.6386766974312591,0.619778514422772,0.49555594192372465,0.6358323258959389,0.5227139998361032,0.559617137146324,0.649104739469359,0.6513363885677216,0.6395652844541517,0.4874541144023385,0.6965799735375984,0.5695609690711088,0.6243000700944609,0.6900308886576549,0.5310298326909799,0.5339490669723708,0.6528767042653044,0.5891360550029617,0.6324556002618091,0.5241165716067473,0.6218973150919835,0.5778235385577594,0.6588282390822842,0.6904801286425494,0.6402033663374225,0.5530578417630609,0.608703059583501,0.6795427303742425
cgSYN000269,0.1551924219277817,0.11910060387525259,0.11947954956127384,0.1707717862123486,0.200670931139596,0.25361811587346256,0.1518645684896186,0.15126846816271017,0.22542032638679999,0.17059461393637876,0.13507632857363797,0.011978245360001555,0.11108836281900938,0.1628557578080069,0.07632974065359827,0.18456206743316073,0.2527496718280232,0.12668947778973175,0.07173638276422209,0.15662715846302044,0.21497670850278622,0.1017608324474516,0.19124369198441718,0.17520751736319484,0.19113393271502882,0.1825487146335355,0.18562574924926603,0.15762851343587883
cgSYN000270,0.1663440182818897,0.19121850328288714,0.07631142968912165,0.23182787886646627,0.21051108712418715,0.07956001454415468,0.20660778925252019,0.1325324786574092,0.19212143233811416,0.3218816111442152,0.13284040803991795,0.09867498755613871,0.193345351346457,0.057459192117120694,0.19563296283636034,0.1931008620645736,0.1699117257481742,0.1485356058351096,0.20098206380014555,0.24756748927063443,0.14559095034049374,0.13265794791985835,0.14595975053154614,0.24676255705826733,0.14979274519038277,0.20524983362881383,0.0947041020818194,0.16439732637048612
cgSYN000271,0.3198501047285779,0.2987107935108078,0.3857309264997175,0.4288798125007268,0.33827838485952694,0.3223994570508085,0.46134890948428664,0.38055336076000634,0.3210515047901753,0.4494512270376117,0.31280215623042257,0.3898841004981464,0.337573131372552,0.2563547949294817,0.31145960213918517,0.29086310294004636,0.3159325968755027,0.5370199246968372,0.3604789334099519,0.4295572273808683,0.3326462600268225,0.3572342238393382,0.2611905105068133,0.3428442012062484,0.2924593692724706,0.42337064870672775,0.38679005373583875,0.4736740073548531
cgSYN000272,0.7101080576161407,0.7722506526130501,0.6538441586897732,0.7264646498556271,0.6809408875476769,0.7481783907309322,0.7400171882093959,0.6947546928721121,0.6597497932408244,0.7026036440836325,0.7227814032820946,0.785385980204617,0.7264670241353347,0.6984261326537294,0.7682648210696851,0.6768991241814654,0.7052638458048844,0.7256735580544942,0.6829651705121225,0.6309800340339784,0.7123417584017866,0.8202859521925037,0.7521921332439971,0.7342367783053269,0.7024280316994015,0.7960869185076681,0.6906898694820874,0.7756462419146494
cgSYN000273,0.6496265456098628,0.7048388256346273,0.7925707665129726,0.6429045413731656,0.5364423695260624,0.6814014500872837,0.6583487990718467,0.6815153777051804,0.7464933861987959,0.649638697860287,0.6420777267183655,0.6181387026482968,0.6393829468526657,0.6767520313691826,0.7572681353268412,0.6716378289115355,0.7984965818281688,0.7541701812038647,0.7827146480053544,0.7008020381117134,0.7103922093975222,0.6838120352782677,0.7085592737896825,0.8117970988051743,0.7225062107115633,0.7175674911591385,0.6662973505025929,0.8472741087388744
cgSYN000274,0.5369235889835007,0.6019706041798604,0.560245637220319,0.4938437165047854,0.5025023615923141,0.5789503178051623,0.5030562443271835,0.43569998588294473,0.6245261057723971,0.4727690507546533,0.5354056388238542,0.5574565825146925,0.6224769026817529,0.5324172292717266,0.5037855507595987,0.5891365898682581,0.4466303520724597,0.6153629839437963,0.5326420560029498,0.49264854931670116,0.39116686809536827,0.5119262518683816,0.49995082105964195,0.5531837791636441,0.45257397576604697,0.579086397909444,0.6072812727542549,0.588696666547633
cgSYN000275,0.5049069720863687,0.3988129575197162,0.5044945773191775,0.5202588681128358,0.6750981619109377,0.4984173306325646,0.658848560410845,0.507585635186866,0.5863901459172299,0.6073009208321157,0.5254446357381085,0.4782367411071328,0.5428710128975448,0.5817437233288458,0.5556290307481491,0.5724813630745492,0.5374630382051093,0.5293696564339436,0.5625351990459654,0.5426329768727287,0.5503780314546899,0.5923062976849088,0.5514947781467054,0.5155739384891678,0.6695273944520634,0.6190685875736209,0.6913600980538125,0.6206676728405327
cgSYN000276,0.5272711505111124,0.5075994228508592,0.4063926150895706,0.4955907360140706,0.46558971696829893,0.5049885967160408,0.37162247026670375,0.45433709032768094,0.45229264322406376,0.5270974786471896,0.40115044718235143,0.4946263935225303,0.33014407648640937,0.4556658168692405,0.46748780410096097,0.4717331414087163,0.44846034075127034,0.5658850844615014,0.4500376681132772,0.4753514833852918,0.543550040431471,0.6105543618707282,0.5488740814786088,0.3922091620197327,0.45517310870404853,0.5712074777634437,0.5699740607074085,0.4683515442080174
cgSYN000277,0.2542896492723539,0.2344243313478056,0.2587384705834003,0.2075506078123348,0.1600935506363924,0.22701335152273278,0.17144305725323267,0.18213870190162978,0.2748149239944646,0.30036003840133185,0.27119842544898765,0.18683336811018292,0.25848512820106023,0.20346820096736434,0.19417646164402552,0.18947096951849862,0.20885563928081757,0.2575892868041226,0.13162769587585738,0.2826588467485657,0.29578529106536033,0.11729000166439595,0.18825750079448395,0.15284772735344265,0.24420821719632407,0.33262728854971274,0.19648374725042347,0.2787587976851371
cgSYN000278,0.29382020196101816,0.26859492555043446,0.2542307508636476,0.35713663222626796,0.23979312544284748,0.2745518010081761,0.25645187754719384,0.3256691870690403,0.3488142059279184,0.23071491217153356,0.2751801759428782,0.1905590324040608,0.39789622260398616,0.35040262754205637,0.2810989769206797,0.26886363489379683,0.2440335360741981,0.30174309830801704,0.3025775532555491,0.38833087491867496,0.25141751386721817,0.24061982807471466,0.3408705844009416,0.34958054102582764,0.35118407725896916,0.378862452712515,0.27473291948531714,0.3121669890813188
cgSYN000279,0.746105384299769,0.7647255390541674,0.6464775388519578,0.7373207190802353,0.7935833486177298,0.7289928168848268,0.7473995372351057,0.7635512215339637,0.74719746706032,0.7076878222646366,0.8059829649290486,0.766575526881882,0.7183877494245978,0.7993852674722722,0.7814617970491703,0.7636413725501142,0.6797476135448692,0.6505764214953706,0.7127736604962194,0.7941358293016331,0.6327993440493319,0.7142903330135474,0.7632811965178428,0.6882915190990837,0.8497373682400632,0.7721880800911443,0.8618253536134355,0.7548877220787757
cgSYN000280,0.6310393468200819,0.7098477130046486,0.5630950761623525,0.6094899985428226,0.618310129459367,0.5110131013293095,0.6173474661872599,0.6580111959548628,0.5568766771165298,0.7218980817855819,0.6599111978390156,0.6165399812088135,0.536525768378112,0.6358049831033356,0.6221459950636632,0.6762265533721502,0.643066717927524,0.49242040678640947,0.5102465406474785,0.6119425698477199,0.6070346319262789,0.6788338192915482,0.7090850108753034,0.6366992994768133,0.5065406480434255,0.6594375718675617,0.6192391423914333,0.6695041336826865
cgSYN000281,0.4443062227857883,0.613873064824175,0.560607584012557,0.48321866430793253,0.4689186356955331,0.5078967907424848,0.5652112017236626,0.49510610909673897,0.4977696890722096,0.4953284607408858,0.6179670524105817,0.5589528042811889,0.3986150326243681,0.575673768259344,0.5665417924242057,0.4123418088834211,0.5990133584200561,0.5278830374641372,0.5446710496552287,0.5343479406097753,0.48095151709437683,0.4625893030864287,0.5492503652900621,0.50966971929831,0.5814838935374844,0.556577044886666,0.5315509788881516,0.6677322110924154
cgSYN000282,0.27571056862061405,0.2822473861153727,0.30365730362207827,0.22754071515922786,0.2797933195940405,0.26006398506324846,0.2148655160367825,0.43046255606244127,0.35519171876058403,0.26805300890147776,0.30917390541817374,0.18773357320941436,0.185404746560547,0.33375256152827165,0.31876064183716957,0.28328642693865363,0.18815957446104414,0.37388196459720713,0.21706458590493283,0.27829011322613884,0.26450637303846025,0.3432182500688707,0.2494447268256887,0.2336460413322905,0.44066838599400376,0.18229660889472496,0.13369603713246203,0.30370692492380275
cgSYN000283,0.7801607823652018,0.716287687741108,0.7152338734972342,0.6518203236983068,0.6630845988828838,0.7941905044128889,0.6734806219228993,0.7826987315623919,0.6543546744160981,0.6830150825412012,0.5993167970436363,0.6584431189634318,0.6993823981423088,0.7285427404326471,0.8035484797406421,0.6134636810252272,0.7835625264534045,0.7397338306025024,0.6503563253817147,0.6947343897009718,0.7013377032950844,0.7393960471853275,0.7314256876354045,0.6287045565523175,0.6944706356335882,0.7088357088093605,0.8442995977836882,0.6884904687132114
cgSYN000284,0.7081037684041469,0.8142167706085324,0.7072313918359142,0.8130314517081588,0.7197446492438381,0.821291464945727,0.7636315994087215,0.7588526240246395,0.7247395213171474,0.8612727322545723,0.6527992449158694,0.7196111908658542,0.7655123997516253,0.6520280557353585,0.7074333504982712,0.7663298663896991,0.6674301311087986,0.7177297801238159,0.6735866411114044,0.8059678649608975,0.7910489098114599,0.7174108731757354,0.7719782403494497,0.7380927619786284,0.7183148091023546,0.8286446405142673,0.7674022336610777,0.7478267459387846
cgSYN000285,0.7943421459437524,0.7520420451862548,0.88392224967716,0.7300841321552292,0.7140698702070243,0.7459317830766264,0.7072432855243207,0.7365014596008627,0.7663381730726899,0.759120085924368,0.7707593100084441,0.8058511846682976,0.7561219881429683,0.770871543671973,0.6958213906775262,0.7929615750034418,0.7856995421423798,0.7362814219450595,0.7706641631486405,0.6944420531010096,0.7404447704347781,0.7151406765556636,0.7823299951131351,0.7883051185583005,0.7896221415527904,0.5871874597856765,0.7865661568665865,0.7062778212630791
cgSYN000286,0.21484860022946253,0.27794671041999386,0.3536366752604097,0.3461367697500732,0.29319848693134654,0.26070929709644447,0.2675498039666254,0.27335853499222457,0.34835777551092195,0.3287487830047706,0.47402827010084636,0.35804064748024667,0.2908899317193825,0.3922127016698958,0.2864289520228033,0.2563724556260806,0.3600768687505004,0.31522171316607406,0.37557406459973475,0.3003881427821253,0.36607713634494293,0.2920434560136476,0.38183294441470106,0.3132640109783682,0.43335485182518924,0.27257287913964023,0.4916596912371833,0.3231648060557416
cgSYN000287,0.4338816272643297,0.36830292801354847,0.4324435948805512,0.4730711056551225,0.3056887613699394,0.410842801854945,0.3145288502541377,0.3246118607398538,0.4562757197328401,0.33169978445246756,0.44125744004570905,0.37634669050925895,0.31643073311256514,0.3675937958353324,0.3178717708034472,0.27972943499987357,0.46215396406327963,0.507694638848587,0.35639319944992576,0.3736731975512957,0.33200709928452193,0.4056112157884863,0.38708287244945977,0.3315618183519325,0.3278767668297797,0.3527747044389656,0.4248319232102111,0.3940470782951658
cgSYN000288,0.4129596701301829,0.5016409595820566,0.5054814973409241,0.551425177304956,0.5940380510709725,0.6238425194542705,0.5748190213661166,0.48560142749474866,0.5017113142640891,0.5946544670014,0.6863550729621954,0.564991922706146,0.5462139366889529,0.5421946581683795,0.5783734674551257,0.6113711919992807,0.48129648685371684,0.5325259297490682,0.5536603485922901,0.5463153794498739,0.5335787833465904,0.6681462745717338,0.6320048112701535,0.44488591981833103,0.4651228826739668,0.5780543949945907,0.5425407466291114,0.467979958348609
cgSYN000289,0.5683293502073677,0.5298351002634987,0.624734924666865,0.555745401926682,0.5386384770697878,0.48110666170730776,0.4964879488824381,0.5117979154888402,0.529176112693983,0.49603521559185043,0.5230061023820038,0.5611772726165039,0.6125219679953815,0.4580292116176816,0.47397815072409993,0.4651767983751719,0.5370659836498671,0.5466843635313577,0.46202257975603733,0.6408500798957392,0.40378694668527765,0.49622168620868096,0.5397224067986021,0.5801287125687882,0.5946693584971748,0.4247520876179959,0.5077363360624105,0.5303502565489489
cgSYN000290,0.77811910061728,0.77221557609792,0.8121429184812796,0.7922749165243048,0.8683852007297707,0.855133180396291,0.7900712262906983,0.7669642556310111,0.8492533272297178,0.7425872549644956,0.7903323187573845,0.8013648016654643,0.9292949667366258,0.745902745687047,0.8327792326613682,0.7685160891233673,0.7312205866151068,0.7755044076983814,0.7668656177331821,0.6822935535076952,0.8681773500741723,0.7481304935783989,0.8576220952089973,0.7919577421280019,0.7462770966621649,0.7733576796837796,0.9018492037202773,0.8809641988302959
cgSYN000291,0.20687198121476175,0.12435204559920991,0.28501322152507597,0.29408122732966235,0.14772203549977808,0.21554517803294246,0.25581423484945115,0.28338124340671095,0.1478174892813728,0.1574316086387702,0.22510935292062917,0.2339879143788524,0.21459440635384736,0.3608214749324752,0.24030119865898794,0.2688882445127818,0.2936810877038542,0.27337531194443127,0.32910852061652573,0.08628372311873261,0.1664056906923705,0.1781537419629185,0.3086267732372888,0.18449164267291868,0.211615441544771,0.2724523415883395,0.16475782152428065,0.245374049698065
cgSYN000292,0.8112067114362385,0.7715007828955963,0.811703190585603,0.7345522540594281,0.800679027700056,0.6979172044822078,0.5840425262821821,0.8856893164665067,0.7367604530258985,0.8179937310236818,0.8480653010275542,0.8368000090119984,0.7276698283877665,0.7968206957495528,0.7868797713802564,0.7373068403887358,0.7838378647347212,0.8657432579350048,0.8210214550183703,0.7826669993519627,0.702627216722197,0.7940464028960398,0.7267568158996288,0.7853689448371002,0.7187085578803989,0.8083318485333341,0.7836791650867778,0.7289150278098092
cgSYN000293,0.2859399936036831,0.18501676998395533,0.10800236747906367,0.15975981979660928,0.2699361481582228,0.20140249919380332,0.23462513343774208,0.1601316293188648,0.2106336106091068,0.10320848522559194,0.14620902537990474,0.2725068479968529,0.2242251001980563,0.20433468121811432,0.0813149767076771,0.11914468580250509,0.2587954171872156,0.09264644189313159,0.1859140629487891,0.28228011995288,0.20023835730254905,0.14340800233790482,0.2426259312518186,0.17924380340053953,0.3054608858286708,0.14191451746994688,0.21510481535811365,0.16508899847186734
cgSYN000294,0.3842598465200689,0.4362220002383842,0.3373998806879741,0.29492548591131945,0.33614965694357163,0.48111635253849894,0.32628367197973696,0.3932671522862308,0.32746025587720046,0.43031876431025595,0.36729847368853574,0.4175647544600827,0.43719027562108814,0.36168812560731883,0.35193502566827184,0.35514907413486374,0.28916097755711395,0.3389074123321648,0.29725914492222194,0.31812297544846385,0.31610569628168717,0.3441437114885002,0.27734987100908204,0.11532241283588657,0.3699733074807924,0.3447719218159811,0.4201868927828592,0.18541276813301752
cgSYN000295,0.27295735976936775,0.4643419445599766,0.4259461988742761,0.3737484192247929,0.3872397678125947,0.5017449602144151,0.2672114603367462,0.42011975094535,0.39703499399797226,0.4847673560430937,0.45347335627379215,0.4307683053137154,0.405453868108671,0.3878470057276921,0.44573125401899616,0.40994158234884753,0.40053319419155886,0.37513921424359387,0.45438152116731184,0.39704099175522073,0.37095928147070545,0.406148206979501,0.43869386024735574,0.36857690829186496,0.4066520283264147,0.5349553926074243,0.38632204293225003,0.29054020219190957
cgSYN000296,0.6377521685536687,0.7258116610228972,0.7146264860010392,0.6927222090331515,0.6998981081638415,0.773414593309524,0.7560347714214841,0.7905111504928776,0.741002302989267,0.6911396150933659,0.6862449980050146,0.6727684144339795,0.6831969880029692,0.6691727326751965,0.6740667530860972,0.605187162138519,0.6131325382518308,0.7087540547929055,0.6495296864198786,0.589276667406812,0.6747440038418017,0.6979854459467949,0.657023775694235,0.720578071281435,0.6251360640873161,0.7300163749001252,0.7674161977236519,0.693774924944408
cgSYN000297,0.48585206981793755,0.4282884462656352,0.5047914125366781,0.59069921669042,0.51740655573763,0.46492558942495676,0.48693506391968183,0.49527007793877265,0.4355541242244876,0.5060049353630733,0.5857488262596995,0.5743863952227943,0.4583909865688377,0.4533872287024387,0.3726394564447858,0.4730403208017971,0.5005139339051758,0.43433021388699034,0.5442052239660228,0.4960082568966886,0.5703591513638155,0.48235146807635365,0.36699674593926057,0.5405342080570779,0.4363391044948517,0.4506942493071554,0.47530125935627776,0.40954594275039413
cgSYN000298,0.7534668739377949,0.7159817516534396,0.8254346649487704,0.6562538152461441,0.6878142655803999,0.6841836220855386,0.7167225267136653,0.5869431194448175,0.6780032656681739,0.669986683065853,0.7560048792547324,0.7553871702927097,0.652351593706033,0.7030891256800432,0.7072630077658223,0.6961113528655404,0.7596431714820386,0.7377457058449887,0.6749097767442753,0.8578498236377649,0.78278381979963,0.7830044793435721,0.6282343510494549,0.7664951137267126,0.7335614403390026,0.6620417693550492,0.6749414542930098,0.6475059696677431
cgSYN000299,0.1513655539541405,0.12569832637634737,0.11286663787416938,0.14469577151278862,0.06699605976824778,0.2712630608206632,0.12695804274348332,0.185084564936129,0.18909455167827657,0.11122328521974557,0.19815965241433564,0.19795908336885762,0.09779895688381962,0.14652918328401188,0.23941731755600865,0.15176105377704488,0.16348124242933237,0.133495113002334,0.1946280994109528,0.09190495159870227,0.2574788915654541,0.22485334752559796,0.18449523753509525,0.2011414039523653,0.20633084528582432,0.09024293278917933,0.14628856683177838,0.22931533775212787
cgSYN000300,0.5383749090134129,0.5778263533213818,0.4937558972479917,0.47569705127044826,0.45240940520730916,0.5250464653868974,0.4647714563286185,0.4976360610322261,0.4538909026873503,0.4175722277781255,0.3745128381770647,0.45391424394797936,0.49316788258458216,0.4773917792038351,0.47499677143331326,0.39987887830804636,0.43715880932179746,0.48872624244639,0.4810421474215975,0.41098432295509046,0.5173488554659297,0.5007628128863272,0.4882422767282714,0.4494173830236396,0.49842093229389317,0.4647296777184679,0.4674775294710695,0.47180783534347553
cgSYN000301,0.32278543258259446,0.28235665726846104,0.39281844911235503,0.27171887386062266,0.33691076892007943,0.3520043404304464,0.30744430899748737,0.34953498013673656,0.41254754008212935,0.3400033772801971,0.3532176724941828,0.36779368392040157,0.26708438234880816,0.24857590161648818,0.31843829756202374,0.35437043803430873,0.2425626614793375,0.3184429358910574,0.40782329695560987,0.3496518420123236,0.3418047439476874,0.3759125131595493,0.35802953640131385,0.40898792468533923,0.40591085618252476,0.27807858266718255,0.36435744270444814,0.4648232442732764
cgSYN000302,0.3100334647549116,0.3811334707114696,0.3332400985069972,0.3188484601634433,0.23640516651495155,0.30221888950462467,0.29607878200286475,0.28027718526666606,0.3256204974137083,0.23930695683579056,0.26115042048208065,0.31286964674271955,0.3011368006180214,0.366554613467278,0.38193757240890014,0.3468726705452462,0.3285472926312774,0.39496999171951747,0.2979192672534378,0.20420200423170745,0.291666998483011,0.31134985952007316,0.23885490429844028,0.24215045608722682,0.37325797701086616,0.2767315015293852,0.32429425733400885,0.19408144237737424
cgSYN000303,0.19878235474612907,0.2760000429118105,0.17327577423696394,0.2540698367871989,0.288529207955637,0.18393131850163055,0.25928563684614564,0.18436356023402842,0.22334867305878786,0.2563471483826294,0.3951842445191739,0.21528289176363904,0.16448934325241038,0.23845496202929745,0.21126409813657993,0.22708446797677584,0.24492263981582357,0.17880677177217444,0.1592083131978005,0.31425903359015683,0.22901981319751508,0.2501843070697812,0.368901535257913,0.1531137800856364,0.31138892554250747,0.2144675579016751,0.15354712069917542,0.3240887099289595
cgSYN000304,0.44947629814658246,0.3344321336446517,0.304086080304063,0.24716864276622377,0.2972524385762006,0.39645808553066636,0.28227029340019627,0.2533245288283984,0.34975459379086343,0.3067881831447188,0.27827779810503017,0.29557259198603364,0.32684038024756096,0.32694663547827374,0.2706932395056282,0.36278036215123516,0.3156672922999284,0.3089918668735646,0.1981815507525946,0.3175276515169695,0.3309530421183099,0.19736384128692513,0.29636470210056687,0.39449516367972,0.28086757076037117,0.3945992645534405,0.31108619329956066,0.38674449924512283
cgSYN000305,0.38358181415473225,0.38554472229132575,0.393122552157626,0.42548850301443175,0.440067989979935,0.4401619642597223,0.37734076929697885,0.38247628695087815,0.3176643826558624,0.40167524711194014,0.37890819781543617,0.5191704688071902,0.37341515926184593,0.39890789590228265,0.3190580812118797,0.3956820609887053,0.4230767235382556,0.4226574349527936,0.36502133580827695,0.31178347584113497,0.40929397725501593,0.37121113400851247,0.3214352041951249,0.3986655779636118,0.28659694400328223,0.3689276749337909,0.39667700946666484,0.5396207933950349
cgSYN000306,0.22365543110311906,0.2273008418632123,0.23317375106563415,0.3136961911335166,0.15911298019403053,0.3063390133548673,0.2596510000390998,0.2944818382078545,0.16708510477322747,0.2910403473825723,0.16500869724344994,0.17391081326535432,0.2963389778232082,0.2873209746577676,0.19044525290464212,0.2937656688653324,0.30762143830667354,0.3328471892232002,0.27398418459485546,0.2103859620882066,0.18640491047510208,0.180627997515085,0.26617443904170335,0.24262247022296368,0.23363781655471338,0.2429254531763251,0.22828985190349935,0.31276957912009906
cgSYN000307,0.34432315122183976,0.4095796307509674,0.38814374866466406,0.41558409869996266,0.45177348305551973,0.37726105321116116,0.34285869246994854,0.4160606636921883,0.3764670538151913,0.32799137187204797,0.35289057437215626,0.41286382794090226,0.2997056287928466,0.27710290665527326,0.39464036085939735,0.4656204663578872,0.43280068626459006,0.404444474647653,0.36146719066596766,0.3418087338347651,0.44056038172055845,0.35688960678391646,0.303512168217799,0.3493824390948741,0.43096329794851973,0.3059112970168177,0.34886492164504657,0.3578621356842077
cgSYN000308,0.23182682187222672,0.2676514285250767,0.25094330761336436,0.20295459185269016,0.40445167847554486,0.30027254477089005,0.40245936143214006,0.2680431908875361,0.23200045031882488,0.2660778370418943,0.2706232011835815,0.26569462430079216,0.30414201558902265,0.2381791307870761,0.31399720653070756,0.263378809740754,0.22409330609448647,0.2648491235873244,0.19797999408731345,0.24837460783267218,0.3682587230727695,0.2559398194339916,0.38844343155714983,0.2540347689480609,0.19799752534871196,0.30311924965374876,0.25749013510736574,0.3625251321753368
cgSYN000309,0.61003241473478,0.6937191341399275,0.7042224230563796,0.6943481415432677,0.6626298399695295,0.6676178812190392,0.7463771780622566,0.6670693089601993,0.6968842772657357,0.5733075181940694,0.7306924677318081,0.5718053341389856,0.7199756192652211,0.6466038737000694,0.653011455664043,0.697698848578935,0.5888389244930422,0.695668517017934,0.6809797817409196,0.6981905126848919,0.6409954169812537,0.6753780276682095,0.7873367345481402,0.7302322949750593,0.7153161402817274,0.7090962825535004,0.6893754668543237,0.7155207800942048
cgSYN000310,0.7697252913241284,0.5759139452731705,0.649444073050281,0.5597318651996603,0.5568364522593772,0.6006188740596882,0.5685129185049953,0.6219669646073306,0.5253568229742158,0.6004339010441253,0.694764878702527,0.5018175785237614,0.6619507842805521,0.6115625843116447,0.5862110179277212,0.7083224929839896,0.6674125113983953,0.5707487399081412,0.6031732480651352,0.6068949916008886,0.7079270442120148,0.6072022569193624,0.5927342459524967,0.6327224520948876,0.580976403477027,0.6156037098166386,0.6796261408986517,0.6479151224815182
cgSYN000311,0.6337478915915312,0.6561097439499517,0.7464400422603634,0.6954179014651282,0.6343940730567897,0.6952975129196404,0.6011214580098352,0.7712097195431509,0.6977456461751953,0.674315241742058,0.6651019598450397,0.6334101904298024,0.7385639009171189,0.709430606338889,0.6983914710497594,0.6318728128584779,0.7354542788182207,0.7672740955438193,0.7188030837387624,0.7074936099866269,0.7051238420193192,0.6581022835467719,0.7565632132059716,0.6186045948760803,0.6418955055461191,0.7620449124685041,0.7227183912046359,0.7104940266454722
cgSYN000312,0.4808929123133654,0.4775841077291551,0.43987442603566246,0.5108071336392128,0.5319098956984356,0.5052862571428295,0.5160625193423062,0.5074379365610513,0.45471916717474065,0.4875490789758499,0.4370514282782539,0.4583675879628542,0.4379350975720471,0.4272573849917256,0.5834845721996235,0.4236222579990181,0.47018767433615505,0.5224001457375278,0.45604601687253454,0.42322227232042153,0.3355500297176833,0.48145012956663535,0.4264762827403564,0.44214726022859874,0.543858851172861,0.44730978648701397,0.42181101711571173,0.49300624526976783
cgSYN000313,0.5342928879321125,0.6049089135569867,0.6170776637543222,0.5222529605048764,0.5681552944172057,0.49104588203626215,0.5550836663811164,0.6088186338424691,0.6249572327745393,0.5355467258471367,0.5970706504711534,0.549480590781402,0.5735143613409828,0.534878808422133,0.6653978142859116,0.5522923493581519,0.5000859942656055,0.5513613356146473,0.6251209333811283,0.48117288684190207,0.5002620247555176,0.5574793920488449,0.5782408011901748,0.6147110410406634,0.6071497460120525,0.6570876623579673,0.5944157465184573,0.46768511400929974
cgSYN000314,0.6782207280836592,0.6060479612768097,0.5080552117752832,0.5573083463274764,0.5871166153399399,0.5653876152350266,0.47617710277167585,0.5689319544411884,0.5786837016450266,0.41959038177988495,0.4906192903701321,0.584707184747147,0.48585948794132167,0.437857730437258,0.44519316980953044,0.5555313052327485,0.5036675855905645,0.5417603584361441,0.5445610057347476,0.5430277586911901,0.545238451678698,0.5323677542316582,0.6105768064321998,0.6566731659123131,0.5163808771658386,0.5514909066607642,0.5960109017326323,0.5240035742840976
cgSYN000315,0.3544520024306138,0.33433162072224787,0.28297595055922586,0.326607361442299,0.36524085239894494,0.3690638628885003,0.37820626986740546,0.328862222138178,0.34393766025709055,0.18925253965875455,0.3400969940038549,0.37425180796017316,0.33518838850890437,0.4432548565199034,0.31842846342514664,0.28457749560961854,0.31317524165078425,0.29424620818325575,0.29315668582206866,0.3768456058309903,0.2712926639158856,0.3911601424822342,0.40950858313894056,0.23492577392301148,0.25907061020548733,0.37732249418450575,0.34400314190060705,0.33778513207032634
cgSYN000316,0.6346223882922182,0.6501331644030681,0.6512890549412849,0.6518502507330279,0.6297544774617388,0.5513414554492364,0.6044339691561688,0.6970878886092051,0.5859088462030582,0.6502183442306919,0.5873187075664761,0.6801040383104777,0.754481317871968,0.6002264621475045,0.7144378043168574,0.7356082887097807,0.6618745917313766,0.575323808124867,0.6386740885996248,0.6778060720814325,0.6382014787279063,0.7031283199070368,0.6365792168885424,0.7041909608207895,0.6977015390411987,0.7275146328317497,0.5787455745565604,0.5849663335932053
cgSYN000317,0.6081535734933408,0.6656206391700386,0.5918542888121329,0.6663428941840961,0.6944238565486487,0.7496659917348214,0.8009392184870281,0.6951902230960257,0.5923542897987681,0.6860145390006394,0.6639793359136879,0.5652379110430581,0.6280256595276007,0.7196748001461666,0.6559462884868252,0.6147939254317796,0.5506988480313546,0.7038571087193768,0.6525892801712424,0.7136230469885084,0.655720256180275,0.6545360922309662,0.685255650322959,0.5963646037138207,0.7184397490715719,0.6299886963570762,0.6055116071313611,0.6467673237950998
cgSYN000318,0.6620637822932677,0.6770805401582131,0.7636736347490037,0.8571724589478832,0.6758859473260138,0.7816602507862997,0.7076749867007174,0.6948680448193201,0.7608882350016213,0.7688017510601985,0.6624698947557426,0.7482804031684898,0.7339485674106343,0.7650639092899623,0.6509862151619267,0.604447994758989,0.7406675797007255,0.7039172527253486,0.7414983182323919,0.8357403831891106,0.7736487031667386,0.7037865915999704,0.7785325310888394,0.7715041563613368,0.6740721495231334,0.7344875504630197,0.7332668401900696,0.7217400763562775
cgSYN000319,0.2733281559000047,0.25917705018341747,0.192773042512443,0.2561415451456802,0.3192661344574652,0.26742809849680016,0.2057610462217973,0.1692520274668835,0.19620826585624954,0.20589341945758285,0.10923277131064592,0.2830621846871002,0.21687415166743035,0.25990552589967336,0.11415945667456177,0.219695161990403,0.21257495687739802,0.27794129244511506,0.19294132134514744,0.32913963950890607,0.20906159797403162,0.20593497325907484,0.20908450752605617,0.17324728613459678,0.11015943294940816,0.2611969373096967,0.18463181715742671,0.15691846670623594
cgSYN000320,0.8088168495407076,0.862944402591066,0.7679243592665287,0.8705176877612903,0.8384735269608499,0.8178839397363884,0.6871852549054331,0.795106637533844,0.7241717159155573,0.7602665443350617,0.7127750850025601,0.7930920572094593,0.6710810284965018,0.7932372956348234,0.8027251162928278,0.8253802668299195,0.7172920963509212,0.752366407863855,0.7120221471353929,0.8560227445313655,0.8505631804910141,0.7571349710528485,0.7284139810054446,0.8268716937415066,0.7307175439206768,0.7550637413025019,0.8263677509172029,0.7477274435545348
cgSYN000321,0.3416829087758137,0.26631252141640627,0.3129843289069169,0.29105806544185636,0.29181871334232934,0.3770079287038218,0.2437138156604403,0.37257557087338444,0.37365807913632837,0.3077394716670275,0.37880971281695813,0.22110619300962725,0.28192705716730593,0.42211539386550767,0.3358027357370015,0.3263261754954814,0.2574594677447319,0.25943544316411127,0.2664929205141703,0.2926752897140983,0.32951435922090894,0.3932672384074659,0.3207211244259492,0.2985156487726809,0.2785347706006887,0.3306277698496506,0.2783228250705137,0.37722209453403865
cgSYN000322,0.28671883621559346,0.09174656518243843,0.13085144247811753,0.13814480839581522,0.15893904343332435,0.04469496289527647,0.19544178603744655,0.12444241380174201,0.23138060866724044,0.2511881033059086,0.2229207555183781,0.31128549656088916,0.17792192589768555,0.14844560845969065,0.1208952315587862,0.2808528845532297,0.20685238871823797,0.27637247753085237,0.09642555053920794,0.2184627121432607,0.14719130492636598,0.17411708490752031,0.16266579840094714,0.17642054491207418,0.21150294381682302,0.24994436764641578,0.1582406526867216,0.17133342008457897
cgSYN000323,0.3467861475565856,0.4872608330861706,0.41846319113064434,0.3552494952467089,0.5474468633491061,0.4916338040124319,0.4448446285830009,0.4017951875676805,0.3265213793738434,0.42198254114741485,0.4358618300010779,0.38615006806531854,0.41446044314825786,0.3924183035584669,0.36614938576560424,0.4912988437504249,0.29562320345947074,0.3474479862306383,0.3823768610349477,0.32100677663434396,0.37157118666162003,0.4380959766129081,0.34736095014480883,0.4555341227043842,0.26365719215294536,0.3657057671870909,0.3831681687447604,0.3490899134808144
cgSYN000324,0.4234451270267271,0.4026657817069618,0.3023184307260217,0.42460777766428254,0.3910867467092651,0.3292575063400024,0.3511492144273263,0.2889084450907202,0.40608630782904376,0.34091362396483144,0.27063308500713346,0.4241199191083863,0.2809932564834089,0.4621297007126176,0.3171045723956915,0.3330443356242561,0.3169328438282421,0.33332693909740313,0.3290836264737629,0.27186068729457896,0.4016737884529315,0.5128855128114601,0.36019388025278404,0.4530794940650801,0.35089409149426554,0.32714138559993344,0.35540092451879707,0.33872740283736186
cgSYN000325,0.4970627442185501,0.4962439281965417,0.5341006357048662,0.6075781038820929,0.5146591349914824,0.5074141264420313,0.5263940110671272,0.546960880709867,0.44720622562459755,0.5715132222697616,0.5413066807463242,0.4723342275563422,0.546215533460825,0.5117952157375864,0.5240189602558999,0.5067088783563076,0.43916065552410755,0.5696629352864047,0.6073396786552188,0.4924533352836416,0.4317975957060243,0.4434933343647276,0.5067246308813462,0.7081831242385859,0.453977856308785,0.5805525007853616,0.5217351708389588,0.6311134878981283
cgSYN000326,0.36068618976647887,0.3007065925411765,0.3358150215003927,0.330403392773107,0.3138901788824776,0.3931972571466795,0.23693263410643156,0.32829357273294063,0.36725909836039383,0.33474934413687796,0.25642128793895935,0.3337959216746161,0.4267578562928745,0.33520130712022245,0.34411384904189707,0.3709832608891187,0.2992611332909133,0.30048821529478636,0.18076557783021888,0.2863516667469244,0.36114750519637095,0.3362037894582785,0.30716906694404905,0.40808989713015187,0.33259278936953923,0.3502011674232618,0.3198304517809505,0.30271444493795163
cgSYN000327,0.3213503329776574,0.2782060800169898,0.35336381099835945,0.27857766662871225,0.14699672207233713,0.2398155727251121,0.20831335956036368,0.35512310017189413,0.24255080561003242,0.29668174819204646,0.2726279681984174,0.18125265856969514,0.23337741100400605,0.2628996095630704,0.33499451985725415,0.2632041579658871,0.2917741514413974,0.2908935732665002,0.32604541646699164,0.24053437071675396,0.28046322340921537,0.19825271751532728,0.17797538055640458,0.2172199010802747,0.3622051350815794,0.2777521851857856,0.2656565656998937,0.269377516705622
cgSYN000328,0.32250317118249416,0.3264727876616543,0.2580650281221838,0.3236956616424286,0.30209224542854596,0.2688977558635637,0.4008938709048535,0.3212132344501272,0.27544566728953124,0.4013912263736237,0.3488407166159784,0.33671457128763244,0.3959450464023997,0.3443234125221236,0.27763955738177903,0.33346213871231045,0.26270066548482157,0.3226813353333058,0.28655854931406144,0.3310451488462021,0.31637156946494005,0.4526918322315113,0.39727329112180354,0.30661208083520153,0.23050948269108476,0.26746703583986864,0.3498964007692732,0.37133182784214636
cgSYN000329,0.3451739810928534,0.36054004679256996,0.4739955808957117,0.4057853171485356,0.32017194756180956,0.3755371017850059,0.4121952782349471,0.4422087112676124,0.3726933184747646,0.3825259416923467,0.5210757789297782,0.4169810469190885,0.337313873793584,0.40638112214930916,0.30861643395160276,0.44772315305975013,0.41327153808050954,0.29073919800201203,0.45640317097171745,0.4520138558818299,0.3596368409390127,0.44293335749119467,0.30224293212256115,0.33456820992460123,0.3277656794097637,0.3931120712025312,0.3910255867667629,0.39116122839920775
cgSYN000330,0.5237352959131305,0.5184182816650996,0.5353702376819666,0.31502633306885375,0.39838216576015556,0.4089305120345676,0.38840856095484144,0.45675305685640377,0.4683810707802636,0.4697799352080269,0.47527324174825497,0.47185009319449667,0.44714135191523724,0.4251086846037706,0.27116832322543133,0.3992052080707245,0.44547748648160534,0.48100639892132047,0.45437896549143025,0.4804900198346481,0.4133284420284269,0.46333013056809463,0.45894261098079486,0.35493629848231834,0.42461487760287464,0.5334328572022038,0.5771311577969418,0.4196258791950055
cgSYN000331,0.6069705456737778,0.7689915934042817,0.6702068410101881,0.6646864188587024,0.6576226120837441,0.6642113097181264,0.6966887358811067,0.5652136101125472,0.6171580432429765,0.7312065626161974,0.6513514810487737,0.7026678016352625,0.6595411978956764,0.6704095939267299,0.6267550266939729,0.7425444737641899,0.7322975753262417,0.6856814227290613,0.5795447974542651,0.5639965054214481,0.5845163813696708,0.5716904425468958,0.7463499039364893,0.6305544474784633,0.654303180537608,0.6935780275118772,0.5132135814297053,0.6194076849322137
cgSYN000332,0.4816789462666839,0.4605826606488119,0.5375528567902599,0.4207616370176941,0.3932466213480447,0.3971801312750527,0.46049101571740975,0.47268905227553076,0.4961520047762521,0.4703987682226827,0.4480562383897669,0.5000756334737704,0.5023571075176878,0.45272608011183574,0.372777796572791,0.5230521443871707,0.4241487259176302,0.3989906793358414,0.46101809937672455,0.45235439485297513,0.42503937813011305,0.4782370244204973,0.5620727929048139,0.4841743804854384,0.5402429060870746,0.6225411185033769,0.3901327232738081,0.5064947351965549
cgSYN000333,0.5355356848838946,0.5126960488437127,0.49934848794251346,0.5048026080374234,0.5408143890109833,0.6207269314850159,0.4961609107179663,0.5108970521046367,0.4895010246172603,0.6105637847930654,0.589347649224322,0.4700615253135008,0.5315104231091883,0.529724088397753,0.510303562902399,0.5885415555136243,0.4489823243278901,0.5494352290302648,0.539201303983752,0.45258174934656126,0.4869838162547467,0.577379469248373,0.49978010848947496,0.525594929652913,0.5882344565667976,0.47740784428853206,0.548991018241756,0.4517008139692711
cgSYN000334,0.5132410107540298,0.5702563503338289,0.5420359526753135,0.6297534159478556,0.5323551100171449,0.4724077586086868,0.6280238505875063,0.5842517885592899,0.614116429457308,0.5433621114498511,0.45117772125866534,0.5331928651810547,0.5743655680840734,0.5526890028129546,0.4875211692492073,0.5413852979247666,0.5519114883692947,0.5673915088844602,0.569777702126695,0.7170324254937156,0.6140264834106249,0.5531447859428924,0.5719544457282852,0.5449442213518826,0.6027848666871688,0.6743073028835139,0.5583935087930912,0.5533876872237511
cgSYN000335,0.606579805779969,0.5966169313554084,0.5830965587897946,0.5390172745673352,0.4457040853428083,0.5171016563642422,0.4935434203269106,0.5719411313358471,0.5514662238633252,0.6507302523782357,0.4542454162500471,0.5165087474094658,0.54116213157994,0.500824878829345,0.4320923990941346,0.5644198511384216,0.4913352324605373,0.5607251843595776,0.4910096063442876,0.5354915348922475,0.48422930574167034,0.4464461243115093,0.6150648338453076,0.6523852732514269,0.5795646916337949,0.5280941550695272,0.4915031381182935,0.5196365361914496
cgSYN000336,0.3459530326852168,0.3481389187365081,0.47928650376298787,0.45562498401437085,0.3725761149300431,0.3992183115603908,0.30332198823863626,0.46645776992062987,0.34637813035933757,0.43112924235598493,0.4108969783027962,0.3094230363519106,0.33633724119678665,0.32227657357738626,0.3517857299693317,0.4338270427755033,0.34215754660878017,0.4372985346316985,0.45996831433013174,0.3589207842947362,0.3831791254326327,0.3156166649697359,0.40482054766507386,0.31129158021198217,0.3942422751843877,0.5310844994458671,0.3673718244564529,0.43279325433310384
cgSYN000337,0.6738899808496215,0.7663534442647693,0.7956221291164349,0.744424403704636,0.770706915298596,0.7921864401185009,0.7039140194561327,0.7432690605639772,0.778851596773671,0.6218052168897973,0.6537088881106471,0.7100370868503761,0.7556116196314814,0.7290326836831851,0.7746861597937411,0.7065864008508448,0.6456403543175784,0.8369419158163529,0.6679134434914741,0.7246782957130896,0.6362899218940844,0.725632908607731,0.6195698587447528,0.8039896119584823,0.6169692344019351,0.7274241662545037,0.7537099873225468,0.8066352500888521
cgSYN000338,0.4861652865641499,0.5675480456691344,0.46818866812065685,0.4999111885579796,0.5372037461539172,0.46068973297049015,0.6409483001612034,0.5478774606797977,0.5482638208863239,0.5648098740822323,0.6423216418281268,0.5487531166961416,0.49805976253470735,0.6820061071594345,0.5486120235416384,0.5334416101328912,0.5284317087229613,0.5013285374416243,0.6003469998075623,0.5981354244478044,0.586171027965471,0.4810762005827829,0.5989067454360354,0.6944992027034538,0.6146330038966089,0.6247928075590148,0.5065525621273835,0.5927374728737534
cgSYN000339,0.17950032136115512,0.2772825505611381,0.11127137987015157,0.04267475648570827,0.12409896309539933,0.23804385383610363,0.16088594421856778,0.06879691073452525,0.12277939269211668,0.1404473770625974,0.1385368552343054,0.14221920511464264,0.1943055130340505,0.1502324707990907,0.15518015535408436,0.22084125124733517,0.15952884566738268,0.17637364885752857,0.06172566235449303,0.2117056952284003,0.14786225051014804,0.039695978178190344,0.10698691234085074,0.08534933982831615,0.18064355062472223,0.15589991494929276,0.25209011408135606,0.16338619953015346
cgSYN000340,0.262107118664627,0.2349611916100013,0.24037826434138135,0.2099231224173454,0.39598947903871906,0.1808707159560521,0.22716040240984262,0.205832622325136,0.3726889807454937,0.3390636839962762,0.17146073835973094,0.2580280967885426,0.24301330215396955,0.27429852249970793,0.3623439299359745,0.2891202220937489,0.27252976847503,0.32050411250252914,0.22764622241370686,0.16816916150563171,0.20023809622284836,0.2583341356722711,0.2659961395938374,0.16636451777177336,0.2520801484711091,0.2707275063647836,0.3223425673002409,0.26816856152261964
cgSYN000341,0.6761898386334463,0.8003337070911859,0.6437728888830064,0.7462215182008601,0.6962518575582541,0.7130141179090898,0.6783762418135119,0.6800749745754249,0.6680078527201454,0.801773097043467,0.7372945729612763,0.6964663271174554,0.7884470241424816,0.7822482526505343,0.7401423410284917,0.6509180290732555,0.8183552394861952,0.7339958072553837,0.6262421818280619,0.7643509608492128,0.7770267904633988,0.7190138936431805,0.6578619968874291,0.7716287843067615,0.6942081114232792,0.7554033831779597,0.7510284253773638,0.6671843228350358
cgSYN000342,0.7307044925248324,0.650616140757594,0.6891098631441024,0.7623201491459847,0.6354767671123144,0.73176974334068,0.6574767655477366,0.7035758024053832,0.6710549602921847,0.5842028435447959,0.612287553445088,0.54390207950018,0.7897101053377854,0.5801116636581095,0.6753027621400028,0.6994230206401875,0.7967073699402911,0.693166234233342,0.7051443556207497,0.7552990813234038,0.762992123309571,0.6611568021633166,0.6982924707095325,0.8031783077289085,0.7011307897246265,0.6330605586104089,0.6409279990580755,0.7558220580535372
cgSYN000343,0.3447031585608664,0.358677989064823,0.38417113884428594,0.3140960036232867,0.34221174107161095,0.3835979848757079,0.37393478560210025,0.5047401893500124,0.37455507541056665,0.3310741752315547,0.1910784203295683,0.39797545639147547,0.30963556386967656,0.24188169574756113,0.2951039442298493,0.33700494971111533,0.4397005170813199,0.30280877798475975,0.2970061004551329,0.3408250930967004,0.39068365686680284,0.36032592089072,0.511564877384524,0.34370517658619315,0.36304344567180113,0.28053690874050047,0.38033932292345196,0.41859727920479467
cgSYN000344,0.3909475788824313,0.5954906394643563,0.4415012613955704,0.48734034660539693,0.48564310227811724,0.4776282922408829,0.4489627477302905,0.5686098414089964,0.3524429949211716,0.5030871488279011,0.4577961031808618,0.594758779959724,0.41095626166499377,0.38705616268004833,0.5201571490020226,0.5736804449056296,0.34535338412125893,0.4787595008864862,0.580089850636749,0.42716298231798927,0.4721850245109259,0.5153823694439221,0.36857781388102046,0.4718142491734396,0.5762856843947519,0.4316099308148058,0.4886450060168714,0.6799647630361998
cgSYN000345,0.5978406279922749,0.5181344153162227,0.6273515481478475,0.6595840978026143,0.6635365314306603,0.6824914206674267,0.5989463797588663,0.6652124796421838,0.6286860132540316,0.5927492909941703,0.5205465915142545,0.6576612297298425,0.5688713514795396,0.5106130856774876,0.6505080269501486,0.5728459327987733,0.5278470536103934,0.6043904788856329,0.5144333835511168,0.49933189682942636,0.5152546436438172,0.48275862100296024,0.5636527193579022,0.5282168869387137,0.5620561086798889,0.6071584466012927,0.6163080403565934,0.6541878241677697
cgSYN000346,0.7309103460067827,0.7746283891606641,0.8479837062872171,0.6666961382096231,0.7311018608523222,0.7495078978620193,0.6944181255207825,0.6903733120834037,0.6573662034526327,0.7742221744694768,0.6453674813498681,0.6346823794290318,0.8109260610952358,0.7266388872506808,0.6641717958074452,0.6825021471831361,0.7590723707271103,0.7154434411136298,0.5706013762866863,0.7094956085769423,0.7771489037259115,0.7665945391841484,0.6814837057530818,0.778687993842301,0.6794758391028475,0.745877131205092,0.7243157456716623,0.7575869215254736
cgSYN000347,0.28399532038486863,0.36230678221665363,0.26623578457383235,0.4248333015102923,0.3124856132835417,0.3536314993157735,0.3675513388738043,0.35768151362510486,0.3657648212508597,0.391063144576044,0.31646669086728085,0.267134198871511,0.2801363145504508,0.3546405662232006,0.34706713510382103,0.3358718577631511,0.36486691805892785,0.38568911291306146,0.3410557201225886,0.3333199871169561,0.25941717348115,0.2801903137122813,0.3053695219050837,0.23055014018839792,0.24389063260134056,0.33666516907563915,0.2558121173968484,0.3009521488809504
cgSYN000348,0.4868158689862545,0.2878122831040984,0.38422960482921736,0.3860225501183036,0.3177490718058778,0.23808956214853405,0.35252913559717686,0.28773314241449416,0.391666851309274,0.3432644484874966,0.30657745376449086,0.2959019501234039,0.32848670743572894,0.36890209637282934,0.2656600165934982,0.38279796264247773,0.28158215476649096,0.21972957480716926,0.3852721950734331,0.24145533895493593,0.3971242291838896,0.26672239140561094,0.373015990316577,0.31765328217873595,0.427229816119029,0.34383711003096684,0.33472788570023476,0.253563844539194
cgSYN000349,0.2953831667289126,0.06227618996401538,0.22666272164201068,0.1137785876475569,0.15323342842800786,0.15767056168394689,0.2553624968485731,0.1376067623119816,0.33517195592383975,0.1800705923861281,0.23482858906001933,0.16712028357758538,0.22804823169298727,0.1667894460788693,0.16729204071604442,0.2852988847020311,0.08751093451495146,0.19313296032983407,0.18187669093542183,0.1777881710806323,0.2112722252594744,0.096224618735645,0.1331783615668383,0.2004133449415656,0.2345152187675022,0.17358368063680008,0.1329361883829322,0.08951926475506179
cgSYN000350,0.9053180062938704,0.6838065802290512,0.732975678943695,0.6941639362151459,0.8008461861757632,0.7376086974866125,0.6813650201484085,0.6395262939259838,0.6622478634073833,0.7258856741840133,0.6918693490258457,0.7057893196965331,0.7713583472891088,0.6905067235754601,0.7953708787746121,0.6545707416994195,0.6967894227607018,0.7479077338542157,0.6770885806296408,0.7453966109407293,0.7178808596384849,0.6205556636089773,0.8165958358861836,0.6452759469945387,0.6944760389032324,0.6951075947632649,0.9016537846428969,0.7518295922611895
cgSYN000351,0.3153224035004585,0.3734630495855618,0.4870349242783981,0.42843369924452646,0.3550623367124572,0.4288734291517374,0.3839048216148495,0.3515557166101795,0.36890569953918256,0.3276778762925511,0.25987161330676367,0.31774999608199544,0.38577789076441105,0.3893636448715957,0.3271661602331111,0.3509158279430383,0.31406368006171786,0.4075987289695851,0.26358020999325105,0.32575940097473305,0.3891601000739632,0.22196471627904596,0.2813786355235312,0.41298836158589075,0.41443441875932674,0.43667249485267146,0.27832397912398354,0.20424021083310245
cgSYN000352,0.47934339183835206,0.4904672567416625,0.5037439123915061,0.6713203852272382,0.5859951576520505,0.5652073038886224,0.4254086534742646,0.5647361670585311,0.4943791161439614,0.5453577100695342,0.5673470315450134,0.5550641312630983,0.557784343985439,0.49079243715373067,0.4857770424669908,0.5320262069638784,0.4908905832089706,0.5966102699531088,0.5965726888287768,0.5602562630645741,0.5362081371128898,0.564833172773624,0.4668037677345633,0.5160236611881956,0.519440783445458,0.4424520175728782,0.5439795754464312,0.4657022638921057
cgSYN000353,0.30841458106558867,0.23199686593156854,0.31729912859271414,0.31402393181171195,0.24809104663847678,0.22022249088889306,0.21970104232946164,0.3362479754309797,0.28088073577212963,0.28174887904215273,0.2926864265168215,0.3813254186813984,0.22299390452946583,0.2461114674597771,0.26627112091179245,0.3396692140161742,0.34183087304998694,0.1715087779041857,0.33249176177661355,0.34845810669842303,0.3038866328213062,0.35382392245895933,0.2919236157714214,0.30289279150801934,0.27710584676858374,0.3423421992193588,0.2688818833042094,0.3804561663659549
cgSYN000354,0.5154558424526713,0.580241906230044,0.527333558979363,0.4682678439476491,0.607686347374027,0.43542951845038913,0.4863306292178505,0.5769912631614627,0.4484887907128259,0.5017152535614277,0.514049305272197,0.4931810360111578,0.5442028473503324,0.4641385338373196,0.42275828315091457,0.47101512505517823,0.5255299350009885,0.570218421721473,0.548535557922454,0.49494541227113503,0.46845090836901343,0.51971986781569,0.5471911360863282,0.4817576921379126,0.5433616846853989,0.5579516985326514,0.48790900057339154,0.544272656291562
cgSYN000355,0.17172390887776606,0.22949815733681003,0.16033788172760852,0.2655600540843255,0.15562535909480255,0.2051443918537666,0.20700122279274735,0.19719127051177163,0.25164111483712065,0.1745133403407927,0.2518977883922724,0.2355194431680201,0.19688242766983105,0.201642233257347,0.3269778692221139,0.2932224225911529,0.1880611001487232,0.14054003828128717,0.24538780428505005,0.20336512684510294,0.2648449059076136,0.14440370089353086,0.16755007816045786,0.16461248388454713,0.15371547576131883,0.23862446200581758,0.15312506697275896,0.22551681226058018
cgSYN000356,0.8106671090371103,0.8269570663299085,0.7527437187107042,0.7067198166325788,0.7562151285746809,0.6924434046334671,0.7667010998377854,0.8298093478102166,0.7504447450313062,0.7807149713311721,0.7230416946374881,0.6796299586602568,0.7136493603932167,0.7747443287078466,0.7364124667715054,0.7652542216785719,0.794142175009291,0.8788899885051585,0.6830482832786594,0.8091633616047745,0.7054793483422224,0.724300587255332,0.7789854555515858,0.8325473825236462,0.681571699325581,0.7902557125821723,0.7813847491919605,0.797838055258486
cgSYN000357,0.34661161355534814,0.17907006649587645,0.22341067636626175,0.24511671078221603,0.25235013752068475,0.35638320602429874,0.24052148516439278,0.3893399776972848,0.2415061889736791,0.21840962634910221,0.3604056288371807,0.2398394563770928,0.3062293200219754,0.2708410804225808,0.31644782617032513,0.3588288309553076,0.2777681988004893,0.401692542051429,0.3805819389133499,0.3128909250712858,0.3386206997034388,0.3051034108191728,0.2470835032564409,0.31705901467296593,0.24511395537084144,0.25745183982368686,0.2967231044233705,0.2460226924040843
cgSYN000358,0.3561023929643425,0.3703468128236595,0.2941426394427521,0.2671525836999979,0.368915626685684,0.22097778926405204,0.22200485641094025,0.2238837703471972,0.24461048709596495,0.3492252449431747,0.24601872704818728,0.31481751953628734,0.30505697362047873,0.15742174025313638,0.27800711170362213,0.2114026486309707,0.3944467916805217,0.3936974606649926,0.323791940967935,0.30491946764652,0.3692769242082317,0.27345102113992664,0.2516185889064945,0.24567840445338032,0.3716156535794144,0.29892494203587605,0.300903644892649,0.18559966457687424
cgSYN000359,0.5729763164855781,0.7218033067564561,0.692393923033706,0.7255447915029546,0.6876619077966516,0.5844559178157284,0.6188807350339606,0.6281619953867204,0.6564657383856777,0.6584314287411887,0.687442679092686,0.6568783681476842,0.6584985041566724,0.6515744804131457,0.6651715661413399,0.5269374011416463,0.6860206979659722,0.6066255941323104,0.717210198472366,0.6286818433114636,0.6931638069280837,0.7049053867576289,0.7194383354701201,0.6161014917212265,0.5896302032077541,0.6655929193856657,0.509176284442763,0.6958797045023255
cgSYN000360,0.5528084468584494,0.5947285882602888,0.6206386038497866,0.5378918856791405,0.5718589889777171,0.5359001324042654,0.5750828422571828,0.5207455112820754,0.6006276938737163,0.5544812402006936,0.511924733609853,0.555565168600927,0.6293836860492984,0.5002178681233158,0.6211597852144086,0.5805161460257373,0.558562741957401,0.4911513610218066,0.669191357037179,0.5369503670947583,0.48344556560633484,0.5690209302331657,0.550206178777995,0.47441294542820517,0.5220988441292974,0.6491654744774515,0.6362523172407479,0.4486702782796863
cgSYN000361,0.77812957564697,0.7503721570449112,0.9229311858143243,0.829077666055426,0.7754756173740567,0.8397300629604025,0.7524097534911669,0.8478318716706332,0.8397884953941777,0.6872512457900009,0.6392534275705167,0.7614055201673103,0.7305186096577296,0.8056437858991228,0.7347884906711764,0.811908655281352,0.7275111920115345,0.7175200986971393,0.722946675657388,0.8251631712724803,0.7426591217500401,0.8437037347488476,0.7566477866730038,0.8470776369859124,0.7786924383042084,0.743469755643605,0.7361264817052614,0.8333490447950092
cgSYN000362,0.3903262896066506,0.3265660390030882,0.46599139095801867,0.3761508862353407,0.2322741679277625,0.38023421966242815,0.3826823252069115,0.32130274035413714,0.33403557559990893,0.4191139956468725,0.406384807756017,0.4573122440270172,0.4473804202423447,0.538209352328048,0.4070799849638664,0.4175947044319447,0.3702987939818173,0.42597250824112687,0.48728216850037953,0.2806978182746395,0.39503380219778106,0.4399985430460997,0.3716928549866041,0.4933020034559904,0.3945827403225679,0.45535511453564903,0.35273178275882794,0.38316786106273554
cgSYN000363,0.7128033802966517,0.8433698255693315,0.8095095129895502,0.7605825922185643,0.8729440315857415,0.8063776435448673,0.792225952869084,0.8198188917573669,0.7665806939438344,0.7433995219929244,0.7317148922931349,0.8127789909359978,0.7201467833524989,0.7700577800190994,0.7599098413881724,0.7547867131954907,0.7272842931823891,0.8280472544065283,0.8202115965119783,0.71426656619331,0.8313596715161559,0.796717740681022,0.7318694447408243,0.8754161397688689,0.7502625917378384,0.8459132872364956,0.8141819451721419,0.7713481048908665
cgSYN000364,0.29479188821256863,0.2693283198113478,0.30000421217557666,0.2776401850710631,0.23369119074699374,0.2200586221377236,0.26101308719584465,0.3093656075135286,0.24625974910125595,0.2635989970527485,0.30002041119104256,0.3082290434326088,0.24982934340254845,0.2711311614196068,0.18662036306382196,0.2791369741779726,0.2757791588566657,0.1773223079929443,0.32564784050447915,0.2998042759814951,0.31251506622034453,0.29995250246924715,0.15799224502692022,0.24610964219464232,0.3466305845108112,0.2868288439982486,0.2680401424640216,0.1989357625913334
cgSYN000365,0.47026915305123707,0.531955178035904,0.36547875344248004,0.38109356330782124,0.5094593707764656,0.38064045460768503,0.43591223902784,0.35799927511992896,0.4606174262945556,0.4280368440701249,0.4242989484035694,0.32486206406952567,0.43911343956877635,0.42342971841606397,0.366371134567441,0.46288609759411986,0.3975244737298592,0.41825934230151096,0.3312657584577145,0.4161951093962423,0.4483080044408777,0.41138448136130124,0.49479883928749424,0.41934150362028977,0.4260283832908664,0.3213769685364278,0.41708086890445156,0.4519373490061137
cgSYN000366,0.45793174300960016,0.24713204245307555,0.3896619970044874,0.45359616674921366,0.5839758436071354,0.5467318147759566,0.4440989807858681,0.4509432004559034,0.30422669890838805,0.549108143706273,0.3964547806958278,0.3991266569944857,0.40347189543820816,0.38731788374734627,0.36437676958985643,0.5044472861777469,0.48795099636624506,0.38197046392766004,0.3452400321517717,0.35654952023092645,0.36853185787140064,0.39029114277523086,0.5170256597556442,0.3430374149423822,0.32882522731665903,0.47261007541281774,0.3580239312627425,0.378640559478862
cgSYN000367,0.7344857518798816,0.6958832687402441,0.7868071701323756,0.7564190877172341,0.7473997667754854,0.7155295197483306,0.8456107046487937,0.7479868319234094,0.7300274820034894,0.7280610578422972,0.7448632998118849,0.7355340756078889,0.7171521783836142,0.8310958246875515,0.7394244764101852,0.7036298806714743,0.6698137739234341,0.6943135553782965,0.6462924735022288,0.7611439510293053,0.6606737217051927,0.740455467788276,0.6097833744287129,0.7394803490946353,0.662531804655961,0.756766466448777,0.7390836374045752,0.7908865964181334
cgSYN000368,0.9119866311394363,0.6460368147554246,0.8071010872239887,0.6972008359742677,0.8464098465042356,0.7598557517133367,0.7023852370205768,0.7241662993136838,0.7003566916517114,0.8274531983586225,0.8956233286782068,0.8259975871642433,0.7927318798304896,0.76676942498726,0.8285379172143673,0.7401930764357448,0.7738994150389228,0.8263717186412792,0.8999912471975877,0.9241335854193554,0.8109650808921536,0.7561081625165802,0.8104633081860272,0.8353316807042166,0.8014223021829959,0.8497493799396275,0.7829100908988772,0.7980191778150645
cgSYN000369,0.37514995896518066,0.4829714200954745,0.46285459262054435,0.3514667878000046,0.35622422955481114,0.40017043625612897,0.41068975005706415,0.4617339991585981,0.29816442270297344,0.44426270046999317,0.4811476340858867,0.5745520652975481,0.4146739146422763,0.28820699691674834,0.38304405823452226,0.2920441467640319,0.5294403601066283,0.3320326521854521,0.46509455337731315,0.4077427182017257,0.4474299402778162,0.4253010517867234,0.4848291461202946,0.4657405954776854,0.5159193039462454,0.3465127883129499,0.37116667223461863,0.3992086063357536
cgSYN000370,0.550345819473346,0.517143353966769,0.5976861258607662,0.46127496720189687,0.5533102652781764,0.5460935974294996,0.5897609226023421,0.5440810567375267,0.5461725818145394,0.4509039086961444,0.48829183857171493,0.558763329703877,0.4854394160820235,0.49782265236147405,0.5568662282132524,0.5456069056037389,0.5052692895297406,0.486224275273209,0.5771374236804049,0.5335694758835857,0.5467729359800639,0.467147143006284,0.5077492504706489,0.4634643965917852,0.42889168283044893,0.43189824303110114,0.6135977124514946,0.5805246544041428
cgSYN000371,0.6593592002136835,0.6453998428680968,0.7430928900476337,0.664890722702009,0.6590605226281803,0.6750665950982152,0.69703937220463,0.7183043251047107,0.7205916382314221,0.6324454781036516,0.6034002794925066,0.6804138962180909,0.8095998321482123,0.6023604248668544,0.6411324999849624,0.6837783339608003,0.6121793068020823,0.7319282077125417,0.6354881575013713,0.7522565623186913,0.6840691587418446,0.6935532452016504,0.7601639034807635,0.6925901053622064,0.8353400478886208,0.5827553428100511,0.6821678916394541,0.5788447882476422
cgSYN000372,0.4164323850076722,0.4442552335041219,0.45570555030054827,0.48896193642941493,0.45448013395606307,0.37105447748102954,0.4710555337824661,0.41761435433976013,0.482450524421439,0.3899512571391534,0.48295251590291716,0.4150900535411291,0.42433221735469556,0.4550848377538738,0.47595588869287603,0.546121955030433,0.4573242489401981,0.5517229848652451,0.45142887454084907,0.4502585942804274,0.4485729366276867,0.45945982020391674,0.4126004720019753,0.37233839553363013,0.4335434468444964,0.42161965971654314,0.4579286956502078,0.46750320359674075
cgSYN000373,0.7763090784121844,0.8084301814583804,0.840138083669605,0.6682198496886087,0.796586633138196,0.7587870579085022,0.7076850022288653,0.7850704168878351,0.7936545875014581,0.8120171523158503,0.8115187512025719,0.7856111432034597,0.8853612289654345,0.7983475931748822,0.7725423651395331,0.6904548374991151,0.8103700131363852,0.6981274446713616,0.7495537228652198,0.7761487322709025,0.8177745035750627,0.8260337698813994,0.7842459685062583,0.8318803284539301,0.8155485274858612,0.8724469906851788,0.8750498576445036,0.8736214784567812
cgSYN000374,0.33654958255945033,0.18267863073794166,0.15552158365343666,0.2426614974091297,0.18337097141276074,0.2872389991229036,0.2738849380239008,0.26990427155727276,0.27799910804016736,0.27523789415496114,0.19752844560246696,0.26152823113812207,0.31669555627778656,0.1017936993773509,0.20469414770880992,0.2339365295036841,0.26876620785554745,0.08745714167287424,0.20240203598625037,0.20161779022813822,0.23290556123086992,0.2226464270852664,0.2017238900017602,0.28045200997357883,0.16773354264493934,0.19423339053118663,0.24985231592476004,0.28367994328524937
cgSYN000375,0.18730193700096653,0.2885411455612725,0.31958356751421707,0.36225323207528687,0.3141365836563438,0.2947975163167856,0.2326924152230822,0.16768594119715652,0.24930876983880335,0.26865795751748067,0.22333269527222088,0.22784150701263184,0.24829821751853862,0.29210056613568025,0.290228484780809,0.15165144708205008,0.14396641013892078,0.2284509816169056,0.12046199541057176,0.2961600784156113,0.17843542403339663,0.17186374867466747,0.20132664917429877,0.4116328266003414,0.35518109645920865,0.25850334088061105,0.24637725914887837,0.31621642832348484
cgSYN000376,0.07139460680665555,0.12170386773974147,0.1297901997850701,0.09078304492050934,0.14062203594344336,0.2479436237634556,0.3475484578423567,0.12041111268792815,0.1602438763323854,0.19864451932005692,0.14328374528413781,0.2142022433017457,0.18213815604799433,0.18990911495515156,0.09907010412842868,0.19269048180683243,0.22686282671128505,0.15373282405683536,0.23271184838308295,0.1914667352887549,0.10766224121780367,0.2060728167305079,0.10862464251890756,0.2682022394380994,0.1885138392512543,0.12549508047946945,0.24629997829479588,0.27351254071324793
cgSYN000377,0.4399555442112948,0.5308310438981929,0.49623446817690076,0.3613940315085552,0.39638534251685853,0.469586452058446,0.4270364067176717,0.3449666844273947,0.39406502292054696,0.43041960021791764,0.42466938700516255,0.43065416478601337,0.45328870973672664,0.49752467371620107,0.3395071893642786,0.38148966033767817,0.36395380138433003,0.516779509052582,0.4688333661621574,0.4879938023092676,0.44459369278558397,0.4625254598804249,0.5126482326054714,0.4230703941770106,0.33854461211108855,0.4374008475413153,0.46853856735299365,0.4553700065822037
cgSYN000378,0.9022928766069407,0.7848758956396004,0.7911393425672365,0.8188413993635094,0.7719247515709259,0.8405948599974545,0.8852613355328577,0.8181252055923782,0.7836985291973796,0.8104760403804733,0.7541495142069415,0.7902621948617351,0.7867731191329626,0.7501087439612194,0.8074309834059155,0.7752224187755321,0.8451399808323536,0.8303497799245115,0.8936591388112495,0.7456877474473315,0.6963603327278587,0.8143775855724014,0.838703121509853,0.750434897409146,0.7738408139676258,0.8017575390064509,0.697581886490387,0.7103987382080973
cgSYN000379,0.6643257307591703,0.7262723628636033,0.7917711715365532,0.6994589605964541,0.7830345219443906,0.7458539819804574,0.6610242546808415,0.7138496672087475,0.7535912529796851,0.7615317074599438,0.7952077240668736,0.7584371085106636,0.6974108590846078,0.704718953633697,0.7490704053399658,0.7787110166539969,0.7079718589842569,0.7098605516636916,0.6661834447745396,0.7696794525129863,0.7155026334569894,0.7836077349273399,0.7369971562873585,0.6996238960868317,0.7520954565451311,0.704455742384038,0.7432250485764562,0.6227948250153746
cgSYN000380,0.2262612299062014,0.2743813058718246,0.21915737790418874,0.1615101715384603,0.15661425595436718,0.2225391095531351,0.17796086834606392,0.1539259796612577,0.31584637420364065,0.28426048505673523,0.3005677476541051,0.20651683668118015,0.20467119697532002,0.17960847714020275,0.22298570819903551,0.2807452633285408,0.26892971013815065,0.1167153729703064,0.2151178535554022,0.16904711940790046,0.18296471012728674,0.23998242972520323,0.22979456639152235,0.28145561291226884,0.27327823616541685,0.16708094349916527,0.2087590028586845,0.2516999061910429
cgSYN000381,0.545478110883699,0.5237104630328621,0.6336985897478684,0.5230506039631315,0.5704441881959016,0.4902331423732747,0.5382942778554234,0.6051157296244668,0.5395443379137851,0.5751140087997012,0.6945516256499291,0.6217067508569225,0.5444778089637227,0.49121268628755343,0.5518008320250898,0.5157050969846729,0.4904779287968605,0.5964877872405033,0.5657925098778014,0.507198040247874,0.6493809571649322,0.6369892650132803,0.6144939133728327,0.551800008971755,0.6147248700348797,0.5535791489373262,0.5658201882518172,0.6205969624043981
cgSYN000382,0.43511381256632725,0.29816960215161575,0.28673689691272153,0.2808769381441072,0.40042210310771753,0.4032832113569032,0.31994251632486836,0.3379353954055885,0.342691685948813,0.41843910809857715,0.3907661055736654,0.4631180143959917,0.46572515463196984,0.40626749839424137,0.45102932494916215,0.33918201172350565,0.3323318176857996,0.41042180551825885,0.30990978806451186,0.4378913216853935,0.43833490100973105,0.40356418045164766,0.33084266261780004,0.440749488471189,0.37238531468648456,0.4159959887613814,0.36870447892578934,0.3838586724600164
cgSYN000383,0.3042311535377514,0.3464247701722046,0.2913137993281676,0.2891203859713216,0.32033709537029553,0.3244019433398042,0.3472401103166565,0.2709600518296989,0.3898119899488912,0.33118787286966483,0.2910648312736531,0.3111625364261849,0.3318848216953525,0.3133837534022755,0.284573064482563,0.2995142933678613,0.3237296727499407,0.28813434790841164,0.3251233713145641,0.32241340936151985,0.39744415388947935,0.3705771858985055,0.39095581242853167,0.36334304908697335,0.36462191939235045,0.2273066974158453,0.4123669299802129,0.28750760633018674
cgSYN000384,0.09913348389890905,0.20999309925060775,0.12376106825923557,0.18189570077676356,0.07515002389358356,0.06098238855515414,0.12644272716157787,0.09765177337283538,0.12461396067521595,0.1137897837629903,0.11448045735226986,0.15495865590978708,0.1539386187476068,0.048838274308539306,0.1949825689322529,0.0815488164547303,0.13772449594442449,0.14094816586632472,0.21412167070274155,0.22853127985071414,0.21845210301670362,0.2061882208415001,0.25688878909352014,0.16476664056279397,0.13665479469260192,0.1710154926304468,0.15170413466846594,0.16047209812122035
cgSYN000385,0.5565800440501917,0.421627716704338,0.5215899469326424,0.5051763677265944,0.4711692720261978,0.4887281466924917,0.5881511559538694,0.5797991960126565,0.4475148225019072,0.39033401946032587,0.5108014572038563,0.5658690436564903,0.4348076795235821,0.5845115902263518,0.5627511398500195,0.5449983629255187,0.5255442313145376,0.6169597690197864,0.49442867581011063,0.505253920142562,0.46402431255288434,0.5049944410687796,0.5087960836063875,0.4850084563216867,0.5882396815298607,0.5209522919131444,0.5800550092773347,0.4018902574250346
cgSYN000386,0.15734667661279825,0.268930703031582,0.2565070530739216,0.19376421277335867,0.24715636558971332,0.23377741766632082,0.1801152920276838,0.17657676325172822,0.1409017957829354,0.11837107209724915,0.10922822754766207,0.16440294200217773,0.19717748972431046,0.12975305112854968,0.23534549739115126,0.14314778867457847,0.15216987450194408,0.24617306994805196,0.1884139592863452,0.12709180722225655,0.21703599807794766,0.1974728121571495,0.12615587049487742,0.14026481059211324,0.16729331639897285,0.14600064236081067,0.16378645683252735,0.15601230418777054
cgSYN000387,0.7072131061979592,0.6418035964509241,0.539386194064184,0.5321441053533256,0.5217136211750489,0.6532321548932838,0.5600935747363665,0.5656510353632843,0.6683058663569169,0.567566015312316,0.6277292475308959,0.6788757787759354,0.5033523079504861,0.6415599052223867,0.6307441641154862,0.5837666570651552,0.6446501061482042,0.6082721494825042,0.6066122843498302,0.6463204533895114,0.6137724093308029,0.5269762693791085,0.6390998498961431,0.6005405400425267,0.6133186024118467,0.535162198543367,0.6054789573547636,0.5058997292571741
cgSYN000388,0.18949516335766742,0.3031148044455324,0.24334655910352732,0.3074205301659503,0.1832005716047511,0.11457109884284691,0.14198420603075124,0.09244759647174927,0.2188024985991031,0.15327522618976228,0.11973069552491737,0.14321488282264894,0.2720735521614178,0.2501966580714879,0.23938137733940487,0.2378012435883147,0.2700159420784454,0.19821520585233854,0.2734232147497294,0.2391237765588746,0.2908327802561605,0.22584646754290835,0.23142903988394972,0.21594071549738428,0.2394136069873078,0.10955952003062733,0.16847076303138525,0.2364524489289638
cgSYN000389,0.15564971339842498,0.26381973953709703,0.2504062680226765,0.32215558819562085,0.26361705534546825,0.2839024440449315,0.24118546690058368,0.21525787635191906,0.2235524700874561,0.22521339293108636,0.2506490970553708,0.22265881546397148,0.22884758453628282,0.28989032225550204,0.2785163105657806,0.18419771580371683,0.21186561833364226,0.24601294822382638,0.22526377651969048,0.14643451957624667,0.26548312059064066,0.19068086388275074,0.27656747318672076,0.1916740082919266,0.2217264491700802,0.32633003377648734,0.2052087276906578,0.2630723741737204
cgSYN000390,0.6515388594241568,0.5400692892000057,0.6114816200890226,0.6831026230519754,0.6218361463797345,0.6802383450095066,0.6013529351557244,0.7522113747497726,0.6468224467109731,0.6337697650718568,0.6475455775500821,0.6769449659388144,0.5908596827348004,0.6173131890705748,0.563523534416961,0.7371565900206617,0.5656812667916797,0.6825801754103497,0.7268546807393084,0.6197979747666479,0.6561529205944923,0.6228884679238597,0.6687500330772302,0.6482173885670531,0.7307119192257938,0.6558987213828921,0.5829136293297154,0.5472181605616575
cgSYN000391,0.24340922928165792,0.13858535820252882,0.25069773898245507,0.25801367355911264,0.17881623575657518,0.1188466906369033,0.1423823211224004,0.1473902180669383,0.23450658520782955,0.2282098444011943,0.156558859959644,0.16673641816710083,0.21623610492133333,0.1939281460678706,0.21459479091351988,0.08807426178847769,0.17270471751722913,0.13995418133684007,0.21837294340789307,0.19334091216694696,0.26594186137905595,0.17111321061995036,0.2190583833740467,0.13723736980713885,0.19865589054720154,0.15003871457235982,0.12492490347220209,0.14339779249676105
cgSYN000392,0.27948230862897716,0.3437891943176472,0.1688122911402966,0.256711803229288,0.17591945227165007,0.31363774684279383,0.36155053654489283,0.24939304775912494,0.19409716340110844,0.23600554701926946,0.29112647844518347,0.2572212660939056,0.29871053299414957,0.27047818227114123,0.40533099683004253,0.4107216136637143,0.2018408146876029,0.45859016834826416,0.2468770804352154,0.2454384028568328,0.2214480764649011,0.16581247835056204,0.30907584932075344,0.29631382801223893,0.21361961546338992,0.29444756861754445,0.3036469144362102,0.24631612021317084
cgSYN000393,0.32116531127597964,0.3348666413300015,0.26555486821049085,0.2605637045684841,0.32313770916955636,0.34962348757112194,0.3384004312642192,0.3219582687943265,0.3501268948218883,0.3794823599256901,0.34553421131822465,0.30059316687482546,0.4326739159343495,0.34485417092443404,0.36538978879238343,0.31111369772020925,0.3658164478099691,0.328776787253926,0.47532684868203934,0.4140940576179286,0.30081648353677404,0.3421109159608447,0.3179493503066664,0.4294212968319607,0.405881055413669,0.21250218593577846,0.41640235950280763,0.22255349118526502
cgSYN000394,0.5043349617251732,0.5284562585679713,0.4920340595579992,0.6058523612063041,0.49807570469177614,0.4443045541069672,0.41800474165095935,0.5803432386991192,0.49540716358329207,0.5975850226652057,0.4409561592701899,0.5106224685653821,0.39786719236964296,0.49322919287624334,0.4992786155088905,0.5242953966902908,0.44990510309567366,0.5176676487537833,0.37417524928232515,0.37555367742655016,0.38876553873231146,0.4829071456408476,0.4252217675066359,0.4733331544227471,0.47921617199475836,0.43037338960584337,0.36220370910697297,0.4953002353659918
cgSYN000395,0.4188504388250736,0.37138168563765006,0.2781707052548298,0.31789829875915465,0.2800820860186401,0.34795334902305286,0.33223038406139016,0.3512374885781511,0.1621653960194666,0.4497727446992915,0.3290118596900561,0.36674542137897,0.28229774818003406,0.22726360635604623,0.28712608659031796,0.35318234288910744,0.3627873821441447,0.2720360988621165,0.32534872657408864,0.37855962783468994,0.33625397538641827,0.38939108167546993,0.2977114445595786,0.3680898854955251,0.2962324991302555,0.4070750488363891,0.3597992240058171,0.3948727298249426
cgSYN000396,0.5047453213140212,0.6619312963295839,0.4765581078135918,0.5370408692160323,0.5274132988660294,0.4193713869295459,0.4862931209605762,0.5018388525237314,0.5634754883853166,0.6309526045781154,0.5967680412821552,0.4861073802453345,0.5216310512279494,0.4948772272524704,0.5165136332899806,0.6489233614017751,0.576310979336218,0.5102066437801656,0.6637759449295102,0.5569046724488204,0.543552386521336,0.4356163436990814,0.45633349259903855,0.5528366577362975,0.46353444708493624,0.5155023754405383,0.5289964692806987,0.5590401655410979
cgSYN000397,0.2333293715352493,0.33844977995484193,0.22462108185663418,0.10211458361861767,0.10994494390048733,0.28025956832463417,0.2540639155191379,0.12591115597650876,0.2760389385738441,0.25024924833705436,0.24126632488943395,0.2026481127068264,0.21492617429387847,0.24858376802299492,0.16118481973961943,0.19847936855104303,0.25086786976243514,0.22109679384144992,0.18155822745468808,0.273321749339277,0.13752533989273596,0.13062915510889625,0.2905707033564723,0.2145571462231698,0.19109555759113647,0.1086644541416621,0.2798919378511291,0.30730248961022627
cgSYN000398,0.5085708487123934,0.5466712498221661,0.46467014392307776,0.5555510259929212,0.5564299298936436,0.509840375779163,0.5495097955827393,0.4456163459907086,0.4943493337687719,0.5077112191229727,0.47007055936427744,0.6240547812730977,0.5411760697608949,0.5994294929504893,0.44205401300995995,0.5607803260222962,0.49699696381841274,0.4079758938208017,0.5213159571086753,0.5799903720796004,0.5462041811515101,0.49220474748161025,0.4797197837821368,0.6807944839619472,0.4956573570482858,0.5164032503760859,0.570193380833771,0.43996372505514875
cgSYN000399,0.5906150606864375,0.5211454359243627,0.4808679360128235,0.39991186811138285,0.5150072132051465,0.5260884801158374,0.4858181891299243,0.5732628507522619,0.5463580015084573,0.44338877509401986,0.5666472635243543,0.5028466090868075,0.467874932740146,0.43255893997757544,0.5116550327489185,0.5941652299360408,0.5167197354258369,0.45826751115260883,0.5439568330310951,0.5382000304294493,0.6196621764334815,0.4621294558207878,0.5218140411018106,0.39524033287561294,0.5724780815371412,0.4518892809267083,0.4756157302431006,0.4975154617898358
cgSYN000400,0.2473437947574897,0.3373810346763677,0.355090148463089,0.48569207921915714,0.35894042370914025,0.3014211485915552,0.45485084223667493,0.31628409361606025,0.35560323869032706,0.24026927849563273,0.41943319372996746,0.4056151741300694,0.43471082022269975,0.4430896049842803,0.3472950809741895,0.29975230729179914,0.38451295785583506,0.39762241873274257,0.395613829248455,0.37228866500392704,0.44943720613841864,0.37942762257550083,0.48450515597965227,0.32155419199183777,0.35967613869140147,0.4658910803532886,0.48253254124912287,0.4093769802175313
cgSYN000401,0.5058079051382762,0.5521252807997211,0.5001713037235251,0.5129154231004336,0.4224216566491349,0.5650261252642599,0.5464397925254052,0.5111404122488208,0.4868243305455797,0.49157850093179867,0.48357604100858936,0.3985565660963678,0.549107618000768,0.5248211784943347,0.47394933400886735,0.462493612217556,0.5487497331062611,0.5556834348836492,0.4836920475905076,0.5103332437353663,0.3940112410600236,0.5692413888263435,0.5101940329521564,0.4457024691814818,0.44501710290068475,0.39339618943517585,0.4325074688880836,0.4479871916576025
cgSYN000402,0.2733496589105772,0.2964237587422303,0.2741540976032001,0.3143949928803463,0.38550162541660193,0.18880113613690205,0.2273360033384652,0.33437757975881405,0.1577167512471889,0.1654161240855728,0.22081261563711907,0.2992795352073212,0.19794663372022828,0.2396619511921482,0.28189354857487725,0.31925203480042796,0.23225685026674447,0.28991592638895747,0.3041598735350078,0.22611462143249844,0.2354326623827031,0.2906770749771935,0.29674091415875103,0.4161357822093361,0.311732022376114,0.17561608494395897,0.22556684117783782,0.2877318592794761
cgSYN000403,0.4287051255177009,0.305470042547729,0.40639025981929744,0.2590904306685468,0.3802175398141873,0.34921215861624855,0.20286478161365012,0.3480696889285618,0.38236434816444226,0.35422571827864086,0.23768252457124256,0.375245822120302,0.38369440190904874,0.4415764382026893,0.30973946185752504,0.306979329466432,0.28781574666933574,0.35483802443718065,0.3663033683734461,0.2999913372990169,0.2832334692688538,0.4276720907627126,0.17675992328200807,0.35232259371443486,0.38930978406999694,0.25861087140975875,0.37841690771543485,0.37166821319479737
cgSYN000404,0.409862227416541,0.4772575403858352,0.5429768927883026,0.4380938489502552,0.44266651956406877,0.439176707817204,0.4307566715882648,0.5039116859540865,0.4795069513539636,0.37994380119205634,0.5086069758493075,0.43569710316925153,0.4628873176334405,0.5247354380019598,0.4435644443327655,0.5662293121231703,0.4494501323227379,0.4132384670300713,0.5422894122958463,0.39298101398206986,0.39275704550921386,0.48403069215721684,0.6149748989156963,0.36828579392691313,0.42856535357322134,0.3865773656712049,0.4991132126288591,0.4186908306953041
cgSYN000405,0.045712975552794244,0.19863920507684354,0.22269919958404727,0.22079923656892717,0.16725887307494186,0.2355722454834949,0.15734554132768172,0.19958713150930524,0.22123230353813292,0.13897690090857182,0.12952125422776406,0.16745714275948306,0.1755713620239626,0.11164645768500857,0.05790232580202134,0.09321080229101895,0.01,0.2096676490481006,0.23728735376235263,0.21720477198978583,0.2854690795992892,0.12248694169967489,0.22711180581350576,0.1899294084479428,0.2602183351100321,0.17520680282710815,0.18017314273527227,0.1210967045317811
cgSYN000406,0.6802708220756429,0.717329972456596,0.7046449174585079,0.7099484791996313,0.6656409218736763,0.7753781930843958,0.6877686351028065,0.6175834547832686,0.6386157076140888,0.6712643157955555,0.7147122504934548,0.8211675454025387,0.6540941852140861,0.6000948551207852,0.6115289207346133,0.7394462196565786,0.7046286561030625,0.6737525977167941,0.7020979535268425,0.645317695616662,0.7698532611920137,0.6814791407539244,0.6701315157507028,0.6376993425466867,0.6337537480315847,0.7534321696721683,0.6773805612686988,0.7344707631253093
cgSYN000407,0.8080872523112227,0.8694001157586851,0.7770143173408357,0.751104542195398,0.8441445377759602,0.793702278128342,0.7752359684696941,0.7441922895480221,0.8070225431445266,0.8038731656006083,0.6718842630659028,0.7902960728030335,0.8399674502541852,0.7960759829569862,0.802858428050602,0.8171291769693465,0.6965343743136573,0.8746234280856123,0.7371189642737266,0.8160120316313929,0.7911885865378752,0.7106298174517459,0.8193341543107042,0.7843608884313924,0.7809102208620483,0.7269913460324614,0.8476426353517915,0.836706179327701
cgSYN000408,0.4062036734092783,0.315597421087106,0.3080327749463143,0.38391805790251765,0.5213261875932806,0.49041957135769176,0.4029721843584759,0.3573378510434764,0.3746086433827036,0.34670313577060236,0.40942521153457034,0.2858126718240827,0.34232421444223193,0.3723332525241905,0.29885565475638454,0.45744625667041483,0.386250881006387,0.3604827943031425,0.4588846861802475,0.31030017693264644,0.33653371851401154,0.4601445247716923,0.36825885178693396,0.42242394630389724,0.280779220819661,0.3013170313836051,0.4601474673794954,0.3585675605265912
cgSYN000409,0.3352833111841973,0.19722266497041863,0.16565774867033395,0.2561578520009183,0.3417544267994337,0.21444661854224917,0.2736973750973477,0.19551551379423884,0.20598570851063158,0.18527336386168514,0.1961565814319415,0.31802189080176674,0.0894678797216685,0.2646216087354138,0.23147397478003626,0.2827167784188362,0.2832608780889383,0.2390806238963183,0.20014381088900804,0.2436175369822568,0.18628970399066205,0.30842427686949203,0.21549464240908553,0.3234013310004627,0.17510549197210243,0.24590907495920936,0.23090741023175645,0.25863716443827706
cgSYN000410,0.37476950293064426,0.4867671235786214,0.532241136804397,0.3996926022703317,0.5121227481463256,0.38035408802790954,0.5145720816710486,0.41632179411215703,0.3874338998406087,0.5335832085235444,0.5208862846370614,0.39974230296602936,0.41009093607142655,0.43449933699955934,0.3685382496734049,0.4648007566709153,0.4900297511143717,0.35436846983741127,0.44726629249679245,0.4122500175410767,0.4150884627326556,0.483234094817952,0.4020734046974837,0.3500069269770545,0.382207560455026,0.3965709548574661,0.2825392799222264,0.3927915473490382
cgSYN000411,0.576633220350169,0.6131853363275139,0.6538167877270574,0.554188929574883,0.5307420620553233,0.5883088657007058,0.5139164903275822,0.6906689039456279,0.5680359826894577,0.5542722553074907,0.5502171066295,0.6355774966961929,0.6286440192349048,0.4384464433723786,0.5372586079194587,0.6945042528659434,0.6117134098484155,0.5241605676559651,0.591420653792516,0.47073718654809726,0.628154653431711,0.5032893493509137,0.6785920649684094,0.6196295640020105,0.5560195642074836,0.39902786884460717,0.26784887405251756,0.32197149472983316
cgSYN000412,0.3773698824273929,0.40279937700604873,0.30680681492032835,0.32583521057358183,0.3248988705945552,0.3124858818659686,0.39554858029440426,0.3725128146482492,0.3493119628873297,0.30235108160003954,0.13881603304820272,0.32715444626334705,0.3230639125243107,0.37445187620419773,0.34777518529663215,0.24335743178170077,0.24774091099056872,0.20734396010765138,0.3263620301228749,0.3118365461214787,0.30046161552302403,0.30065911277705526,0.3145721381324708,0.43073160607704064,0.3035335799668227,0.35399072613298,0.2573659390877597,0.34886552289233874
cgSYN000413,0.6195437276891367,0.4711386730507051,0.6682316795267231,0.529399348767304,0.5874624243481449,0.6704255230262511,0.6138515919876361,0.5652585063634776,0.5612364540639305,0.6182891625080493,0.5521710876030179,0.4677076517595413,0.492971492491669,0.5871839171425536,0.6470803287753463,0.6898837937205777,0.6093840311524997,0.5517429793822313,0.5118040972751158,0.5217883045320776,0.5708744062157332,0.6381515363845053,0.571495585298769,0.5680695453754864,0.5631923121902032,0.46287738726133704,0.5399824254188919,0.6429120878652003
cgSYN000414,0.37856768073406216,0.3690771825227837,0.3183036958239743,0.21232560831698094,0.32959856126980475,0.3326329558307845,0.37944858060692005,0.22979854611646772,0.25484118948531675,0.32286928342420007,0.3440229121491075,0.35918681386152485,0.25843692315924555,0.4070666578997513,0.3990040991852455,0.3828222994871418,0.3029587400517076,0.2752354865622489,0.3287239658995837,0.26890436634335213,0.4284497417569151,0.2837625169061249,0.264808353717785,0.254783476880726,0.29229679581186574,0.3223035389513596,0.33915722710873414,0.29973188766367914
cgSYN000415,0.5240254077695413,0.6518645034000774,0.6414050375920977,0.6113452973734449,0.6135648592041334,0.5623783101754998,0.5155393627801459,0.5680152103739888,0.6898129110108925,0.6175132950514504,0.6265152422302628,0.4811840605416261,0.5783626862565844,0.5607391844913706,0.6756190453427655,0.5666934793863876,0.6288298255259772,0.5366349565851302,0.590249345647788,0.6672991399586818,0.6241694323903376,0.6075073425101983,0.6512544600205188,0.5324103214147263,0.583887622465971,0.6780876657121763,0.608788389977744,0.5543186763176401
cgSYN000416,0.29623027127765084,0.23892391349462433,0.3891737768503181,0.42340904883758446,0.4126597462692403,0.32834665330929386,0.3706648670031456,0.3623898579471854,0.30251919818027606,0.33158595772611915,0.37010498586971846,0.37832594889417925,0.3018148495828379,0.34803456300843905,0.2994594660324669,0.29068776789756323,0.31390482265834924,0.3573185539091578,0.46140310338603785,0.4817544005580345,0.39857256919971973,0.3572682086194615,0.5143997034902228,0.3002264516134263,0.2884151782648234,0.3514345980119904,0.4025143581613757,0.36315012616770287
cgSYN000417,0.2884184040229155,0.19444611726784033,0.23294189506728752,0.19443473831212385,0.2629533068704989,0.23642270161282633,0.25424496689543974,0.27271565597470937,0.2763515882738138,0.13684368326747998,0.23525708714451388,0.25725561693436605,0.16870447571162023,0.1730807560540985,0.13827079930434827,0.289220490870839,0.2661725780627632,0.18892674460332343,0.11495718916159643,0.2795167038874359,0.2247458045116498,0.22937846827405492,0.21192322840275513,0.2613358977907967,0.2120630938951919,0.2394386851654134,0.15092058666937658,0.2735154463331524
cgSYN000418,0.7054867523434295,0.6752711450384778,0.6229304838979801,0.6259668830430889,0.7569842905090353,0.7042220741549752,0.6863614558843867,0.6309891432740732,0.6861958972475279,0.8283649692524635,0.6626611640814088,0.7804532142953425,0.7715349701191211,0.6847339680801345,0.6081866132322171,0.7026279272908165,0.6803159118178677,0.7509810325953037,0.7080637730735663,0.6984785501521236,0.6565716765061418,0.6256693851223062,0.7008189049847235,0.6901280862535736,0.6903419253601253,0.6722728898746598,0.6512337382813095,0.7228829730624969
cgSYN000419,0.7789928754461571,0.7355339304776443,0.7065426847186088,0.7448089076366184,0.6572345244000676,0.7143697190486038,0.7236586982971687,0.8125937305259516,0.7733998045622038,0.7131904033695593,0.7623680233136265,0.7808385146409553,0.8810661475978029,0.8210856175181335,0.673039835504454,0.8073893250664855,0.748118368202324,0.7511576190907987,0.7813264960720517,0.7765871471595798,0.8256046547877702,0.7604212533247476,0.6332006613980343,0.7924042116974845,0.7699356959664353,0.7896169378597575,0.7525415043166186,0.7934763766959108
cgSYN000420,0.6692515083961705,0.7936933491187964,0.731402589374818,0.692120287597516,0.785972456603151,0.718657512288334,0.717228742702934,0.8831622064226712,0.7039165162471342,0.7838147064081695,0.846260171200651,0.7595637227824896,0.823781289416299,0.7318937860014774,0.7001902889644477,0.824877146321539,0.7028637302535908,0.6915486636426681,0.752460968251697,0.681880836509464,0.7211348970091137,0.6496481626445789,0.824466147814573,0.6698828109837771,0.7263088583540096,0.7247014983150786,0.6913271564987952,0.6015069413435665
cgSYN000421,0.7869119133621303,0.6909057804997228,0.6367667479166751,0.7084693481487281,0.6214960548256859,0.7446665453467534,0.7079587109156609,0.7041569741038101,0.6535046609887692,0.658937495479913,0.7371718572794626,0.8537109735740024,0.6729291759269767,0.7178660872212589,0.7924214924315816,0.7345018568744177,0.762240514948459,0.7303273995502406,0.718845784809101,0.631298020601845,0.8021390210694092,0.7154495198905011,0.7897188750644335,0.6443981668936396,0.7606365934492354,0.7214637231893715,0.624736377958634,0.759595780083508
cgSYN000422,0.6643333115791215,0.6969951984156626,0.7347045391216045,0.7411351372689728,0.718469131718541,0.6938547791339038,0.6646603142893993,0.6604989264489245,0.6813647684814903,0.7477874584036024,0.7244691403122319,0.7120288751353717,0.7988956180281501,0.696069235032901,0.7097354844116304,0.6411302483703146,0.6868977958926694,0.7630464583029251,0.6923908856771478,0.5606000130837785,0.7639211273176357,0.7736540002695201,0.780395108595483,0.7258874874137052,0.6968664983889352,0.719841616476501,0.7288984908443006,0.6588668365550098
cgSYN000423,0.20442454379505917,0.22134913497692077,0.25470682591530847,0.20276498041165092,0.2462561286216719,0.14517504337184245,0.24695680537994674,0.44288643913715076,0.25286227646225456,0.28181285522581184,0.32678294305080896,0.2981065993449449,0.2730895284841409,0.3421615973950162,0.1734229641883373,0.21384384591287284,0.2641288377659387,0.25295200046186234,0.15235940593573688,0.21787124256264087,0.31492825855807927,0.2608352889532287,0.29538050942072885,0.26151027049152215,0.17841335724051094,0.2623924631022658,0.23701104823479793,0.20385437894565067
cgSYN000424,0.7123762914049778,0.7094695230887962,0.742905507452102,0.5933666860959195,0.7176274250506943,0.7288789267500541,0.7316322209650318,0.7788086006478846,0.7070990210617277,0.7794961361534846,0.7279577252765418,0.8418710882386984,0.6942451933525485,0.7211432665848648,0.790329458522725,0.7659724947869982,0.6945466068439772,0.8700354213614185,0.7884046703559648,0.6771747945281051,0.6437033332007633,0.7755535430743781,0.7147092915744009,0.7816043708945453,0.777489046365096,0.7587789338128096,0.7665972321993996,0.8129171227775182
cgSYN000425,0.2136824602224418,0.22831752021220847,0.19232775769757812,0.17053740908462722,0.19957300530459748,0.18715795432244664,0.16979189150097623,0.1534656952409411,0.24526272567685764,0.359537452226996,0.3254800862090459,0.3242228519759508,0.2677364357790772,0.15137662483634667,0.14148975670108785,0.14881827685358928,0.13228632584478794,0.20368183644003554,0.11845168207765354,0.22293477664665404,0.15122684110359427,0.28884383304555455,0.3570611686491771,0.23984183012643723,0.14595143619945714,0.10294315060619037,0.24732261442241515,0.20502498191116372
cgSYN000426,0.3485441462566455,0.33619924422906466,0.3540177876579544,0.2878250161738125,0.3265120724153475,0.3534496035606823,0.36970036468603207,0.3337165331981948,0.4167279140557773,0.45249682560335525,0.30111436189244606,0.4047347406627172,0.332586740937329,0.4233735491015637,0.2385292917709106,0.35089416420221653,0.4136724917216257,0.41104434062670175,0.3641531671284813,0.3163531214891723,0.30430879104779723,0.45756959237644645,0.38690144285247074,0.29267493097553454,0.2988753252001061,0.45048590774712294,0.31734970095588405,0.4479468421759964
cgSYN000427,0.667677931163236,0.662986689843213,0.6751783496942472,0.6618466855011299,0.747485220978454,0.7143810151970439,0.6510885467738329,0.6863158627106462,0.7279447636717744,0.7388411215865693,0.7378788069747287,0.7180374354478858,0.622393518207059,0.6950253183988072,0.6932182362252346,0.5211449133221981,0.6620108913759954,0.6113606170939975,0.6665763611051142,0.7405985465727327,0.6051049008423688,0.6768242599969734,0.7700212635969725,0.6254797023164972,0.7091851345243484,0.708621769435731,0.6118268440176352,0.5973727162206642
cgSYN000428,0.2587783826565569,0.20952036126716023,0.2365449783716832,0.2597910291340306,0.18370613094062277,0.2694147526354114,0.2554737693980941,0.30575424688103026,0.26437236990422325,0.24696159899892792,0.2440478715216478,0.3423917789200223,0.25472680287746746,0.35547555094883954,0.2672217755936071,0.3463448127498484,0.3108714960471243,0.3936491127341776,0.2474477120597547,0.2257372432371207,0.16502745236808264,0.20867724794712256,0.3161452701168742,0.38907565382460574,0.27976830273541,0.2952370199271989,0.29723878714689345,0.29933210772863794
cgSYN000429,0.6717488646808382,0.7535950122214157,0.6593821660325034,0.5911794948801389,0.6580581469645008,0.7079847280628244,0.724475800986047,0.6720085386915399,0.7116755233500194,0.7543699314097028,0.6382792487366715,0.7237911030659163,0.6192186795610208,0.7932029973924645,0.6852969287575471,0.7968918162610724,0.7372116654735854,0.6651569220778172,0.6904429073791185,0.6597415595040398,0.7456149177190897,0.7304004380582965,0.6700124201177484,0.6992340208226795,0.6210864031412927,0.7023032835341307,0.685150240877312,0.5933408296692632
cgSYN000430,0.6039917160045544,0.4770884595368605,0.5455869931593955,0.6354144730416873,0.5616268320050196,0.5733485076450354,0.6739595977954067,0.6084085295085876,0.6733313882588451,0.721739785889886,0.617792150424219,0.7665180494899662,0.6609687349724644,0.6769379315142519,0.6299883104104016,0.5582908886385448,0.6121048134143416,0.5750228324045568,0.5420055689513971,0.629189156348447,0.7087541062439531,0.5666235451809447,0.6313289612108341,0.5959270316681692,0.7087790461885822,0.6607145154915944,0.7386950482544788,0.669482804456172
cgSYN000431,0.7445076272359399,0.7871056512290495,0.8398665104064694,0.8165634532235273,0.7090440473171205,0.7951155152816108,0.6787042468911146,0.7349469975942172,0.7948163795993991,0.8458753491327542,0.7938751032010818,0.7145936178236144,0.7671718287375509,0.7881826084046265,0.7828847326870473,0.7901946980543963,0.7526242972380316,0.6730203612283169,0.7938349351638009,0.6656960668125239,0.8140528788488133,0.8242614641383585,0.7703734731181453,0.7629834775825859,0.7571272273865248,0.6892005696005818,0.7303319504781957,0.7755787152974447
cgSYN000432,0.21308007121058337,0.26755284093077714,0.2944178651459078,0.3865759483249618,0.186245675106682,0.21239936543556007,0.3534619838479454,0.3249197945324935,0.3884843326094938,0.2791927973848836,0.2284763262723042,0.27938178393887364,0.293310433958524,0.29815653754632626,0.2174697437849934,0.25476349509019225,0.3265182853895393,0.2544775076135624,0.27005493017481935,0.2392531957346246,0.27122298469198175,0.1792011497089266,0.3064271196427205,0.39794572155659974,0.3064198744520441,0.3702498257048158,0.3191962616138436,0.18043769373334465
cgSYN000433,0.2557193407140306,0.3177864765121372,0.25879642614907805,0.24822952515912022,0.3201237780405001,0.2708976361496906,0.25517279204197946,0.25279410088159354,0.14512700297536876,0.29570338510290034,0.3349215303758593,0.2560699127357817,0.33822630153765454,0.2660409787318017,0.31092246503956794,0.3150689068204565,0.32365654023545354,0.16951820348812446,0.3213152445517914,0.29419891643209495,0.25286885164525763,0.3117707213091756,0.17807332005125492,0.24333246833510652,0.3412390781130029,0.20182140770525928,0.17865783490194903,0.2848488867220484
cgSYN000434,0.5008394907211895,0.41878140192277885,0.41447387631794275,0.49093063528639613,0.4989051662020494,0.4662786191679354,0.4375183498955377,0.4477315150188816,0.508930464899896,0.4885450430122393,0.36009216731062493,0.46761444425453025,0.4230882155633128,0.5777336684069165,0.5836646582485567,0.40772289968900016,0.5127694965069926,0.40464085968266295,0.5107431454159324,0.5517423312360205,0.4711952203529261,0.5014947845202268,0.5156541470748092,0.37197511672529215,0.48781072558684746,0.52681216212894,0.385606931755728,0.5221269316083104
cgSYN000435,0.5810826282653277,0.518272946136317,0.6284091759456455,0.6517419587975588,0.5899850436732794,0.589343431070221,0.7045433961961969,0.5043398518465998,0.5294319118989232,0.49411577112701754,0.6317207102628501,0.504280155301414,0.6446427606085552,0.5811092910949576,0.5690536459712934,0.6299159570984029,0.5540930868687126,0.5379562830378039,0.5738354955000228,0.5856698246224973,0.5537264125324598,0.5998394071757781,0.5452813367842918,0.5007475113868554,0.5507911024429306,0.5928853590985583,0.42884757611003943,0.6585497537160613
cgSYN000436,0.7736683094283114,0.6960164957321755,0.7375043191560748,0.6907480293162683,0.7497336629069657,0.6435438557559485,0.7472139319676574,0.7344109910482532,0.6521283207603563,0.7548655143093149,0.6902760973590384,0.7868890514216185,0.7578082097220273,0.7535171306352796,0.7205501376744269,0.6532625628409525,0.7500582932997695,0.7297057831587851,0.6371923401833737,0.6442898407303869,0.703740288384385,0.686426715667652,0.7187824105468138,0.7071665087496408,0.7012198574941733,0.7147534245713009,0.6464292052341911,0.7573039960343767
cgSYN000437,0.5982089995417669,0.6084260321991973,0.5784249767068878,0.7270961462392829,0.6370774248585996,0.6244893047658858,0.5902294516237919,0.6966623369448635,0.5814788418616351,0.7053516385223354,0.775693722101452,0.7665028425306833,0.6597655078602751,0.7329336368635745,0.6880786942104706,0.6255108849181228,0.6557156313453182,0.7263408176930916,0.6240107687270834,0.6125642042636674,0.5986746483203751,0.7580887996737535,0.7022556182769147,0.7370203598801803,0.6095219483617927,0.5872853348016054,0.8114015191803624,0.6892910141170208
cgSYN000438,0.8130599877839702,0.6391155999979843,0.6193021062202503,0.6517567335780758,0.7195563760294783,0.6338457454496702,0.7348272365994465,0.7273853439810213,0.6738218164246267,0.7483556187147219,0.6532522166465534,0.6706512112564482,0.715782445798959,0.621483471113761,0.6556064504777461,0.6829663255292328,0.5944656448576036,0.8137477623523133,0.7296853722531478,0.6632840711187031,0.7280266700766438,0.7453545872661653,0.6701937685990333,0.7853282412937502,0.7082732959330611,0.6505016052517933,0.6626644724762585,0.6033951824868501
cgSYN000439,0.14829689758460074,0.22468267907850645,0.26649899529833454,0.2139056158457618,0.13279181486536437,0.25099381562919676,0.2643624506507114,0.17071172298367643,0.271513224651495,0.13002603766125215,0.22870408707851492,0.19302932729266709,0.22738202922017095,0.12895390043049212,0.06886844317294964,0.1094890604638117,0.20462928209748138,0.1383360832419346,0.23967165427982678,0.22385957084333197,0.11177334887168175,0.15721535916389873,0.09995062587156846,0.1477629345719981,0.21632937801898486,0.18489836157627432,0.21088955950692323,0.21120127841312017
cgSYN000440,0.875412290901681,0.7188520616232468,0.8315713211702288,0.7357850317648429,0.7618650599540315,0.7866977830311874,0.9675304811791426,0.7819644687962487,0.7385655813425769,0.7531061372095574,0.6389363281002134,0.7870177231060163,0.7093424656168451,0.808125980821653,0.6933972033571063,0.7673187257586557,0.7805435056677061,0.758006951700146,0.8499120578538607,0.7727224413299159,0.6893143661413198,0.7285342854662099,0.8033927103954468,0.8338085649301974,0.7090079356825318,0.8242264998845961,0.8867048091572776,0.7801804377613438
cgSYN000441,0.7186202313515596,0.6096220071487399,0.6520561681468411,0.5189304327043618,0.663423693104624,0.6474687595406539,0.5528607171541013,0.6621208873267251,0.6433016154888168,0.6235726015334632,0.6036336109785398,0.6570145360510505,0.6760303627368288,0.577319817100386,0.5952452731605322,0.5469967456287571,0.6260488916123157,0.694291863464109,0.5888469646067712,0.5995358915328566,0.5931070985331004,0.6205512477281101,0.6709262686343731,0.5840452463275922,0.7590735553085843,0.687859891358587,0.6845471134861371,0.6702991497495265
cgSYN000442,0.27528688697767234,0.2249290414799745,0.2767009911815431,0.18579693377891987,0.28154016335870974,0.3267074817796875,0.2950955471101047,0.2956904000108538,0.2907607838605112,0.22670592520739163,0.21734987264719702,0.2181079827267036,0.28947375735883285,0.28562541495085936,0.2741867665470739,0.16486347629648096,0.30811763950833576,0.3114660239955123,0.2522266795659016,0.23513266453774417,0.21787995527837972,0.3121361085966817,0.3860877485729967,0.2675064164736623,0.3469780003452766,0.2786664854312737,0.2900058445590261,0.3255508486439394
cgSYN000443,0.5270674514783301,0.44481804311857404,0.4852105728353596,0.4860009329229841,0.42509119035791276,0.5032514649160329,0.5604380890572005,0.45009077253289925,0.48401037160114446,0.5171539743149627,0.40182312566830125,0.37187317722453567,0.5018712263763832,0.4816562496707604,0.38839531626497914,0.5616753108727756,0.5655493542115623,0.5251746776195676,0.5922030778362388,0.585505478189025,0.5148943288566371,0.4834418348952956,0.42117737777070985,0.499060684659075,0.5188955380960121,0.4108608083782709,0.5185458398801072,0.5333713855092441
cgSYN000444,0.4897009409642468,0.5640599755244059,0.6706541238817919,0.4940419522083705,0.5950317184881903,0.6193490995243779,0.5717925457046186,0.5611482768156298,0.5066847784244357,0.4915648677605456,0.646759037540723,0.6059744586337105,0.5144577096543181,0.6458991008425561,0.48928214792426383,0.5627588669891969,0.5188652438548071,0.6350808068991002,0.505833060262051,0.6929951228109824,0.7287282718026058,0.4891934999228814,0.575592890163653,0.5625418347778937,0.6349811070744719,0.5765634313135546,0.5450472136457725,0.5013736640418089
cgSYN000445,0.5637387679778765,0.6517792380845833,0.633003316099732,0.6292006287544262,0.6527136642968113,0.6569106012515624,0.701529933747385,0.5836075388184488,0.5829901000762607,0.7740034317414052,0.5829195454603793,0.6192078854932586,0.6020775062313337,0.6666225098393836,0.6619662211042374,0.6883722014070244,0.6826971373188933,0.6276901483553045,0.6013981303791203,0.6199210782197895,0.7251808197649168,0.6107820809980852,0.6700574406139184,0.5903116220446891,0.7527782672891976,0.6519619614828573,0.5647763859711161,0.5595412916089884
cgSYN000446,0.6398021909780676,0.6296735552295705,0.6504712014638069,0.6442170333055787,0.6757847532132729,0.5998583429312372,0.5197106656080306,0.5878042980660706,0.7196605886557242,0.5900815245450622,0.5634787247520063,0.6623685639378296,0.5697856165406677,0.6099785227433038,0.6105883094517023,0.6265196011027954,0.6575046213405588,0.5984153152244193,0.5511895790752095,0.4970980237556259,0.46561019737292386,0.7322873737664721,0.5967480910985761,0.6266084723730598,0.7301713994350812,0.6739733612025197,0.4648238951431677,0.5655517273189435
cgSYN000447,0.6484888292311967,0.6880986927242182,0.6289178250943138,0.5716209375839046,0.5918310415731233,0.6229384523146767,0.5369592704562197,0.6131141862273525,0.578840612096265,0.6077175460963093,0.6321267481537456,0.618146665819356,0.5239324325312427,0.5693274172717342,0.6095183443424893,0.4885082131765652,0.5763680958737267,0.5780411588288522,0.611785508877421,0.6511486811050637,0.526815673147707,0.5417971003533891,0.5704687022582089,0.567174590024285,0.5757293817255336,0.5689782858159481,0.6089862251596226,0.6823505429688956
cgSYN000448,0.7052778473816647,0.5224526755902122,0.6328561051747502,0.6868711897080866,0.6151359631437487,0.7665975550071845,0.5936817273849239,0.6016334021370652,0.6539612906088589,0.7060991706089262,0.6711145493402974,0.5607026697121917,0.7264678066448733,0.6267996708626596,0.7220142729803062,0.7010339239927217,0.6951384121002397,0.6034381590619233,0.5915685548482653,0.6491801635720413,0.7007256045606968,0.6109915176939579,0.6321752444527529,0.7094996921991656,0.7763286883398587,0.6337963350786171,0.6798162591215381,0.7259760758627235
cgSYN000449,0.5068163175701219,0.4229804706724013,0.3263890586671079,0.3436539359227224,0.47034799704029556,0.3905129117457421,0.40318972257957497,0.49952921780173054,0.37365818593703426,0.39121389149770963,0.43069790945435027,0.46929965406866586,0.46358322298592725,0.5333714870593024,0.4447152197951772,0.4433284126589767,0.3932776772724287,0.3625903587504715,0.4525235569624195,0.48643834714608464,0.4710043616920212,0.5073347184802302,0.5919348681204304,0.5016261482064698,0.3917752367453311,0.4835293525348611,0.5156375685065037,0.4558742969074032
cgSYN000450,0.25030609528949804,0.4444562576811941,0.37816519009708344,0.38306883365043276,0.3925017998275505,0.37165346798148274,0.30258341305031405,0.41582150219930636,0.32262985721481374,0.25603126075586113,0.3685766150371444,0.312652046714909,0.3583191357762793,0.4526068847440625,0.3468664446152956,0.3803764172936869,0.32072218843798345,0.2544771458419256,0.21049210901794002,0.37048566921055043,0.36398718528749663,0.2487017762708737,0.44971253527471045,0.29212686604071514,0.35211878961193616,0.3731367960893903,0.3141131523525411,0.33533422120159295
cgSYN000451,0.6703007943968747,0.5678208281994598,0.673601508529184,0.7334103904928918,0.7615163017998767,0.7052871006608487,0.614388794810417,0.714034163786433,0.7680610567601113,0.6185082003077013,0.7406839481187133,0.6688005536364245,0.7671855310783539,0.7587510765713161,0.6209993610139695,0.7307165368364754,0.7334590220444999,0.7732260976814695,0.6954175347317102,0.6763160693945611,0.6395978531427043,0.7925671672237233,0.5890961213937707,0.5361051550687247,0.8058847712015126,0.6942287679436283,0.6136282702688612,0.6869237073700937
cgSYN000452,0.49579252588174355,0.5459449724942785,0.5091018837251148,0.632986044961968,0.49266689126281576,0.49042762374580695,0.5517918827482816,0.604834585629259,0.5954354535511837,0.7101768922670154,0.5656725329707126,0.6232968832184234,0.5579442523392788,0.5505031812147313,0.6196908108258764,0.5397281529808534,0.5363590778189091,0.5387390406470136,0.5713796900638122,0.5456132321519194,0.6472978476713277,0.6167281976328334,0.6266358978998526,0.5171551074443711,0.6438159756136459,0.5442774081380466,0.49359224676365215,0.5926515943928168
cgSYN000453,0.7812912340990487,0.6683605263246528,0.6112439291846414,0.6905744141132495,0.8387739392338518,0.8220196378724092,0.7761447293317776,0.7239287946134748,0.7449471521115959,0.7919569082603263,0.7702706584630369,0.7777920849110681,0.7255882933794802,0.7322262747176582,0.7651187041373835,0.6707089402479629,0.7118919949582234,0.7539704529656469,0.7397419609132884,0.6607884403868907,0.7083044190868292,0.7676148183566547,0.7277489628193913,0.7406165037173332,0.8152643740238844,0.7611684722654809,0.7033528089833575,0.8038366490624544
cgSYN000454,0.4452546793833182,0.35768549750781997,0.4080669542209537,0.46283923096497165,0.3516106522991611,0.4413753439299352,0.41549585843650727,0.38189287042688624,0.5167387929692001,0.46893298918902737,0.44298859863155693,0.42522182945133524,0.3806582240728475,0.4243355300323258,0.3608679894682188,0.3637160617069121,0.3946460226323949,0.42181449061422766,0.35712626259858904,0.5080571168891842,0.3555186379792703,0.4210072286737009,0.41755505805829907,0.32779974707243026,0.40993741652367854,0.26895459848573455,0.4115899263030437,0.5152854169962968
cgSYN000455,0.5148617340788212,0.4840451193623857,0.5620766826965492,0.5788395195842535,0.583572091385495,0.6840849990754648,0.5942181212689426,0.5032009989531974,0.5988281724635489,0.4716131207587524,0.5570132870829049,0.45540386245052544,0.528464104289528,0.5925927724004726,0.5233679026344362,0.591204011428328,0.5067417021815263,0.6395902991845288,0.4553762820471168,0.3964402030788544,0.5673298939197635,0.5621201326827745,0.5512324313926613,0.5035461435171789,0.5941139742474548,0.43323804197266835,0.6294459051603731,0.6610190894786773
cgSYN000456,0.34777683555102035,0.39294759219571995,0.4495622403844012,0.45282673217021296,0.4399834989903593,0.3814283753027767,0.3725134608324246,0.4020419772200307,0.41608434562287494,0.4489961610781124,0.523840829328913,0.3644964181666469,0.3668712724909592,0.44785705216253,0.38865816687117843,0.34787158018344927,0.44157598689383154,0.39872505022827676,0.45263363869000617,0.37056844913728587,0.441729945228446,0.37835401167076016,0.4291890218889634,0.39684759474246695,0.4816385950612532,0.4948189025329892,0.44765803805676774,0.42101177688583863
cgSYN000457,0.5103998763086757,0.4681999224388382,0.46825527683503276,0.4044734443226695,0.46260174781433144,0.4655611887284851,0.45723200234745415,0.4355832145877182,0.40782428064519033,0.4140475385260668,0.4619114230969359,0.5229683003963065,0.4806243329959241,0.34355372371111337,0.4891096632341328,0.5272270887273067,0.36725871420448275,0.4237798363468013,0.5135735729466545,0.4316170118070776,0.5396702755212912,0.5044331533052294,0.38761831630606186,0.4770610658293067,0.5427480202956352,0.3868199693636757,0.43915019339729794,0.4014698974908985
cgSYN000458,0.18882259948307165,0.07145566409045653,0.11462563971863227,0.1409949615548138,0.24959313348899664,0.11616042310799246,0.27749229501573563,0.0976879476092776,0.19977010765593856,0.20116967541082598,0.05525908703727925,0.11665200409721833,0.1757741798627768,0.01,0.1489201418505008,0.18045005926514512,0.16687865485427572,0.17284562611946552,0.04017880780351596,0.3084702980627897,0.12106875162164771,0.19729530218683394,0.10410770936755176,0.11821090408661633,0.1411968971603535,0.23814638940658434,0.04292647696736601,0.12726593316110962
cgSYN000459,0.772385195050889,0.8535526657727799,0.7833366106147988,0.8076441148976934,0.7445033619584666,0.6744452718798218,0.8076170307532584,0.7851042812153403,0.7964026465493071,0.7985032433842932,0.7798649428448181,0.7897019299346939,0.8599451607178091,0.7666618809218666,0.7362389215773945,0.7545817731411206,0.7396402335760147,0.9370097216038404,0.8097828597742225,0.7642952285601315,0.9091243082795923,0.8438836339200306,0.7722439313179681,0.8242470088094098,0.8096861888397937,0.8358918486481736,0.7881105396918645,0.8437143806104869
cgSYN000460,0.4203644269799714,0.46542860088313737,0.540041915486365,0.6273614799172107,0.49550976237410865,0.4306822100147892,0.5538809044217796,0.4455651307629889,0.5280307538473268,0.4436021674040814,0.4636063131535461,0.5360833442336908,0.4959703602541208,0.49803962857413175,0.4551950955793407,0.43416447265381447,0.52256847986751,0.5092534125302715,0.5352534866023619,0.6164783596592243,0.422661053688982,0.41185761695001266,0.3737813741116855,0.5375490083931098,0.49265775645465104,0.38541668389753275,0.4502492968008142,0.4492567194105827
cgSYN000461,0.3172259532918775,0.33914022921180936,0.3615431365399071,0.32742294592896376,0.28726759053965384,0.30587384140198776,0.3403721895036236,0.325220330762472,0.3149608603172366,0.3161100404098318,0.40413559527158827,0.37480389952261806,0.31766775499314126,0.3038120174538978,0.45418791617632903,0.2977380606808295,0.32037010911124814,0.2548820313819474,0.25406744720367913,0.2830775783658188,0.3128443541741433,0.37420187810076655,0.24362323252253637,0.25373339197331934,0.3125112486872328,0.2396119814854717,0.3647225142562244,0.4159880159467519
cgSYN000462,0.35233317004133863,0.35805602474188297,0.4022932088483646,0.40438342144565886,0.29766452260975884,0.3107367571597217,0.25781147970145435,0.42697527767886345,0.32183364265374936,0.34047118264533793,0.3646489162390431,0.3894207561480405,0.34821900342903817,0.3813227357101118,0.3830639263234068,0.27241910882726394,0.31505232616678436,0.31511186392358737,0.3941210698915414,0.3590032585516701,0.3189272856877196,0.43765622737541093,0.30374316622082076,0.25419496451414525,0.4389774665052243,0.3104715643004546,0.223716473042944,0.3587876344383259
cgSYN000463,0.10211438624939109,0.20276218226592752,0.2737182497202311,0.2633037320364997,0.2656795373714451,0.27670369115977567,0.19746745251472475,0.2681310785738885,0.3051801626868749,0.358540967197431,0.2507957864593972,0.3048956973417828,0.127850809742941,0.1744001734929791,0.22484914266408487,0.3608874666007262,0.1687548178901018,0.1159526826051291,0.17285517392781075,0.25466445893098627,0.2687640884069611,0.40499666143772084,0.23063498919235484,0.23777864286008352,0.22139466051669646,0.37817328404488404,0.2802841834704112,0.2492095495820924
