Probe,SYN-REF2-01,SYN-REF2-02,SYN-REF2-03,SYN-REF2-04,SYN-REF2-05,SYN-REF2-06,SYN-REF2-07,SYN-REF2-08,SYN-REF2-09,SYN-REF2-10,SYN-REF2-11,SYN-REF2-12,SYN-REF2-13,SYN-REF2-14,SYN-REF2-15,SYN-REF2-16,SYN-REF2-17,SYN-REF2-18,SYN-REF2-19,SYN-REF2-20,SYN-REF2-21,SYN-REF2-22,SYN-REF2-23,SYN-REF2-24,SYN-REF2-25,SYN-REF2-26,SYN-REF2-27,SYN-REF2-28
cgSYNK00001,0.2373617245728078,0.3355713010412586,0.25718892045543407,0.10499025357296736,0.16139306356609523,0.37318848060106724,0.30992787121114534,0.1994287306255712,0.22552252638319625,0.25462036389118214,0.2529168366049376,0.30494523382499955,0.13375591391385844,0.15686264085894264,0.2880523886644655,0.3108786802305611,0.2368303619549732,0.2567786894590108,0.27757459727016487,0.229711075235838,0.3000904969253109,0.2789406708556907,0.2690794660711529,0.2244216066499441,0.340549240261961,0.34339804897183535,0.33313065847778084,0.4049742676177367
cgSYNK00002,0.7963371816818173,0.6736998960834703,0.8153940519156813,0.7981219419748193,0.7835789111481348,0.6677703039455213,0.8056366760648601,0.7996817069816307,0.6457882594966732,0.7975423194724593,0.7770624040777963,0.6622534260514544,0.7094695134609125,0.7339323957057747,0.7827452171338598,0.7561940636276676,0.7798957168203675,0.7934770888838473,0.7179198395378455,0.7406093095136278,0.7279101023628798,0.690400416498726,0.7812601823303454,0.8455323057933661,0.7748409587120512,0.7968952755181565,0.9393819772792172,0.7511875512932973
cgSYNK00003,0.043210777018448776,0.06287652778285985,0.1277760977776925,0.034613103439412346,0.005,0.01346502028394457,0.021951086961884136,0.013822954140744345,0.047057461350475116,0.05856441373559618,0.025638883775843974,0.12980295309533482,0.005,0.058640403642593125,0.010223634711871668,0.07001704952386395,0.005,0.06514767736776425,0.0365504696153717,0.005,0.005,0.10082279241361794,0.005,0.005,0.01914779401363345,0.1434008702521167,0.06569871471355167,0.1217960541251426
cgSYNK00004,0.2803867706193278,0.24777084101235794,0.29194789561690004,0.24670937018179936,0.3077934083495404,0.18689529293268456,0.16753719108982704,0.2063538388592834,0.16409122511060012,0.2919055667205116,0.14992385434385982,0.25415313979837917,0.2665981177032769,0.20512924252919054,0.20941242968902615,0.28106400107269625,0.28957656945488164,0.2973663092955625,0.16789421381351002,0.17994157574811406,0.1731355546454654,0.21000697813687327,0.19466012252785733,0.24827628069179028,0.22044360235867452,0.4007184460404085,0.3563908810544426,0.434625933558775
cgSYNK00005,0.6583894233899057,0.8269638316424981,0.7816728114638396,0.7568549563142049,0.7697670391966733,0.77141444637792,0.7396200003961249,0.6751957355977329,0.8042361664102797,0.7443631395771231,0.7761214022686391,0.6775046786672254,0.7655783349545211,0.7415143498363488,0.7979409742195449,0.7817987663220973,0.7483134682208938,0.8099107988249894,0.7560309508557217,0.8347609933337186,0.768991822435583,0.8440229288448531,0.7209035347108346,0.6668214702490289,0.7144457875121257,0.9012077235236355,0.8277858148398194,0.8681652646495442
cgSYNK00006,0.029891617068668302,0.05122690384415632,0.07381218116745875,0.11440980013676583,0.062449035777190964,0.022737335303879447,0.03321532488069939,0.12408703544455829,0.005,0.005,0.06362711554370584,0.005,0.058054208284217396,0.04087786091044117,0.03422108976427672,0.026392905644838843,0.09977759135777536,0.061549185271764534,0.028241449948991984,0.1140801058112168,0.15610113287751817,0.16133287391141074,0.030882749101468182,0.06760633698109114,0.08932718427438816,0.12147422120636553,0.08047937298675205,0.12317804883975299
cgSYNK00007,0.5377444249770382,0.4976868141026733,0.5374514782393629,0.5573199446773458,0.5113434297276329,0.50584736282547,0.4979449029996916,0.530479113387251,0.5271427139324117,0.5680820307976017,0.41479402019352235,0.5304010720085902,0.4264250752745427,0.5400583392980597,0.4624425453653354,0.5514804552450329,0.5909180274506236,0.5462367021756982,0.5133312132916741,0.634098465166007,0.482878682678552,0.4147074789996344,0.517573671997721,0.5913776830653577,0.538152050795554,0.5339315890773282,0.5756081876258106,0.5873300802166641
cgSYNK00008,0.40202681455686584,0.3962949394292806,0.42592039111544466,0.4750739977234284,0.41385188931808725,0.4003532137477477,0.44063680939915806,0.5552986586270989,0.36705882703467463,0.3946029605425877,0.4433667564785908,0.4225668245709928,0.33132236794539494,0.3927351024001168,0.33168840032546465,0.39366705266465496,0.38165827696945565,0.33145404538571244,0.3518733692408673,0.3536430115589434,0.5267999321943467,0.4292497777630715,0.4383593784319705,0.2733746143649992,0.4726847208288819,0.4529889604885967,0.4863862726855142,0.5159033966456953
cgSYNK00009,0.24162903337014574,0.3132293338528201,0.2929361293493354,0.31693190731899823,0.12714874581867347,0.28103956919738293,0.19599839431973348,0.17045708988908087,0.2372727799864887,0.21176713860203428,0.2527060344125679,0.22788325766343648,0.20870153450973283,0.3236747366807122,0.20497602985187585,0.2850558356172874,0.1292499015657916,0.2649822662571803,0.33483230258841895,0.27037051486851904,0.24787577026772323,0.2830746354760224,0.17456156926457972,0.205209337695285,0.17731912777332343,0.2949631235224116,0.2544112519928477,0.3668197499373591
cgSYNK00010,0.45380997140699997,0.3290266269607924,0.4144343249734136,0.379850545718907,0.3792563013863863,0.3637007718844714,0.29160605771112613,0.46179043844795875,0.36079269587837504,0.3099598880113145,0.3903676282911298,0.42756949866759364,0.466987224697892,0.40864216067877435,0.320366853114104,0.34654603901781356,0.359819390295127,0.3462509262973173,0.5678651191243517,0.4110225070333081,0.32903153003544,0.2910429043998485,0.42097915414294074,0.4563714316467292,0.4022340155343227,0.4297640513146718,0.4664538535766797,0.6131489948649598
cgSYNK00011,0.3731641380247851,0.4549426089134765,0.3855141608802906,0.44537480246615235,0.4719110760778835,0.44588899194506226,0.5045018944691352,0.361754162553598,0.36583434751204413,0.4544952505602341,0.4098973911050639,0.3759999470611771,0.4363806343555301,0.3188977800460763,0.42245980730969435,0.443865317065988,0.4125782162940639,0.4971554479344995,0.4882175672964869,0.4183349231443873,0.40034612046254264,0.39630388517266957,0.5019453928461388,0.3475864807300052,0.4355611553687071,0.6446337563286924,0.5699685255903154,0.5049900123315393
cgSYNK00012,0.5885641895081399,0.673497079611081,0.5946753262840735,0.5755307987785195,0.5624005070153673,0.5993561229501299,0.599926659773417,0.6007947910824116,0.6361133363939933,0.6251391914958969,0.6640625033502568,0.551360954662374,0.5510843184705562,0.6045983078441571,0.5752609217639477,0.6804834340120576,0.5500875619916975,0.5294256088636675,0.625488666388596,0.4819623401492904,0.5834839602662173,0.6620243181178943,0.7372006925429164,0.6703256534335289,0.5754831161189506,0.6956946468498103,0.7073304694005277,0.7173073592361805
cgSYNK00013,0.17769618403273976,0.24003402451403769,0.34954086747589497,0.289620550039264,0.2409008601182749,0.16257779673335673,0.19900564547841895,0.32695215005728295,0.26600506873897134,0.29699597599307526,0.20300958783850584,0.1541468334341484,0.25796014444611337,0.284432428537401,0.09227195927363246,0.3195504471721975,0.22049455360173578,0.23901430424255257,0.1566231630208775,0.2946289026744252,0.20437337919826956,0.27242571272733473,0.23769735647298926,0.3228648906679257,0.2381390677299741,0.3863475103522863,0.304690968615315,0.37632058276756375
cgSYNK00014,0.7027871949247722,0.6420748234660862,0.6656179826123797,0.6661425655077675,0.6526001135682197,0.6173371196363381,0.64498647638828,0.6555475505402532,0.596432428779958,0.6701159968304299,0.6269596697355473,0.6603465261900127,0.6127698696926192,0.7599478576384033,0.6354821082588336,0.7158248208445489,0.7280630584914889,0.7008692302674336,0.6027783912395113,0.6166464203341735,0.7796746275819183,0.7374335828854739,0.6275039478606319,0.6905549531973583,0.7636327275245591,0.8552787645998003,0.8265714601012678,0.8048131427701555
cgSYNK00015,0.005,0.04566795458056348,0.022707076644897753,0.027936065196511553,0.030777183192374227,0.005,0.04196539947380716,0.005,0.005,0.005,0.005,0.005,0.005,0.005,0.062038240758229515,0.013995100411644076,0.005,0.005,0.021548407712086395,0.0447950919362433,0.005,0.005,0.04445017190764276,0.005,0.005,0.22351372581066403,0.05316641722656896,0.14912661156823864
cgSYNK00016,0.8268957640917831,0.8423610307955766,0.8049273327821383,0.802303704165616,0.7554929837608887,0.777178916214789,0.8682809896996323,0.7171931852011637,0.72372161468367,0.743447612708449,0.8315630683968543,0.8105111055068182,0.7457126908567733,0.7769427801449463,0.8353277280417164,0.784529776397472,0.8017008437948101,0.7130905937671002,0.8286780049591657,0.8755301556838389,0.7462219709903908,0.713931699930272,0.8432681737008682,0.6715158525840029,0.734053156180976,0.8326394744133294,0.8180517447863347,0.7518961061860284
cgSYNK00017,0.4743836118837411,0.6061359308112498,0.5804252318866587,0.5305905006132042,0.5356451657283265,0.5471197084038261,0.5778669561402255,0.48897111730513054,0.5510471786309873,0.6013923812475445,0.4987032022131256,0.5410148636221149,0.5468456799918396,0.5005332046974561,0.4855584164226051,0.5082065835339228,0.5559787833248202,0.5820933269715612,0.5655456078770845,0.5734388273402375,0.43305389286563245,0.5310608115862224,0.5992229409446769,0.5446814717307805,0.6429610240626428,0.6962588636882028,0.6861168845677569,0.5865443518554103
cgSYNK00018,0.4706948145696243,0.42393483847688695,0.5055910388139042,0.5043717240442931,0.38203514185608245,0.31493161322745106,0.34301229198400685,0.4995858370513569,0.41198836488904117,0.3454176109490727,0.4251326254477602,0.557503708500877,0.4805150532478674,0.38889443298348364,0.392034719658513,0.4282714949088664,0.44012016126829573,0.4049507025953834,0.4593529522599778,0.49306390634545455,0.45363991567819245,0.42382454522742286,0.37314422410682635,0.5147678334239039,0.42346488591169684,0.4605576117895807,0.5294385844268841,0.43543549334040876
cgSYNK00019,0.6422417270290279,0.5161715769419157,0.5874096863938089,0.613238990169757,0.543672189054274,0.5265369361953378,0.5860540120195357,0.5750496058748954,0.635963887522345,0.5326505152426163,0.49116209036185104,0.5541345041770549,0.6042881579994893,0.5105086667257301,0.4972881886868781,0.5935155804245632,0.6194469495876441,0.5491315225532528,0.5571195381226006,0.49666683615702945,0.618540729317057,0.5412993025784432,0.5932193265484613,0.5988212260342557,0.5808451815167724,0.5810730549453242,0.6021832806498637,0.5297400522180304
cgSYNK00020,0.7659076504678687,0.7564997687325651,0.7601188155719412,0.8355275422075579,0.721654974178106,0.7579708371166872,0.833133372749157,0.694431118785003,0.6486662313221673,0.7632809865252014,0.8028707568122714,0.8259518783243605,0.7895033345575668,0.7831997603869839,0.6960949467061414,0.7310614574803758,0.6512034367216248,0.6934497173042623,0.7200414590757439,0.6722562427482847,0.7590530569103124,0.7605647469077461,0.7620138818803146,0.7125540670124699,0.7964208741896326,0.8165467871829843,0.7105391333025104,0.7789643332629735
cgSYNK00021,0.32679235496612374,0.30623779756347225,0.26308635581968165,0.2634579753167038,0.2780030111397265,0.3086421869196957,0.3041605640690129,0.24043422339548298,0.3019150522237468,0.26221228165418176,0.3875530764496626,0.24498636557947076,0.2610012808809256,0.3773636211999086,0.36647598868987713,0.3857239491383776,0.35986567421111065,0.2970410853141332,0.29719406283887495,0.36154652494476663,0.29833827631580195,0.22982216299631206,0.27740867888682175,0.2643991496972302,0.39802419648380016,0.38235984262226835,0.28922338172034534,0.3190902295595023
cgSYNK00022,0.2967841766311319,0.1686855217742771,0.19613979561699446,0.1271010341848171,0.23657530439199909,0.13021210137736858,0.19453579188713693,0.14685950616198765,0.20586796026253337,0.17063185952461993,0.25095364639727036,0.16410270486607265,0.21170826057787634,0.17551801003799505,0.1970496971230697,0.22864240315947698,0.08050816763018172,0.24874548298603627,0.13511318189498847,0.17815227327035565,0.22560515186791197,0.2222220226384577,0.21549832024796867,0.2048214320656004,0.18760696529643936,0.2684847786498623,0.2872358164153772,0.1980850575110283
cgSYNK00023,0.2540927520767244,0.08630382141543823,0.1293415034461604,0.20781187159673997,0.1550764787986826,0.2168555651935659,0.23343958971719392,0.24059776368688346,0.24210860543717483,0.19642712390840464,0.2157044150869068,0.16104263458552326,0.16157799056582756,0.17834519601991694,0.20665900194307812,0.14501196244765938,0.19022236609582158,0.21615681666422343,0.13868203894943373,0.15285585648108324,0.1776180571432668,0.19290244757073588,0.17960352289608836,0.08530701376308183,0.17684076745339686,0.1624641106400566,0.18738147011090237,0.18021060740902142
cgSYNK00024,0.1288180980949851,0.1692860957464642,0.13087853309866332,0.132647259879883,0.24449309140997783,0.1102030657869403,0.11414886254840789,0.23405160135894493,0.1512643753177851,0.10988747937567406,0.11837766823559302,0.11244815961460843,0.0783933505275099,0.2753029277898846,0.15731506499642375,0.22526781426321102,0.1537148994688606,0.25100698126144744,0.14745274683900497,0.10911554422485129,0.17825655967931922,0.08155457235282884,0.08110962601683774,0.16482293018244307,0.13668904030627574,0.12859760228419154,0.029320622937311053,0.16605138135524083
cgSYNK00025,0.22382450812907828,0.10622260475688922,0.29165360629112724,0.13916885492802233,0.19219520856900787,0.18016363710956054,0.17423393268793932,0.17309861096759838,0.22910415842755297,0.2353905113241518,0.34443738423681475,0.27975879882088794,0.29649909407297137,0.23916048122471123,0.1874754289362326,0.2290962695824313,0.20828431661923055,0.283528911300303,0.2376869499048911,0.1450122463638599,0.26499581911822223,0.18213051744448008,0.16619784487193862,0.18479480960188163,0.17572122309392763,0.19388240774341975,0.17676922593040734,0.21262822713263346
cgSYNK00026,0.4939590025944763,0.6295175925830159,0.6836578202594694,0.6806838594509882,0.5847975507870632,0.6259632922835175,0.5897710297364749,0.6953958030750256,0.6902395060013352,0.7453638150922423,0.6385646395856291,0.6186560812984593,0.803579301652267,0.6285402451783129,0.6353473668180926,0.5668527553631724,0.5575251193269442,0.6614149749571236,0.6546155798298455,0.5664692594693244,0.5634398140081356,0.5988046726284736,0.5749214497595525,0.5622981498791422,0.6718791833947512,0.5817294826356377,0.5740124039646172,0.6949155493729549
cgSYNK00027,0.35679408738041346,0.41020995972425983,0.46855174266475397,0.46393521645167374,0.44559411908361257,0.5172942248392036,0.4205097939778548,0.4870368770129903,0.3884468055238652,0.42812734464161745,0.38282273443477627,0.44314204710997496,0.5636592930360974,0.43385678628183466,0.445900885605829,0.3695950886476933,0.4438484016542391,0.3688262603455038,0.47877864002635157,0.453208158146259,0.36489350452908587,0.4273643262256222,0.5407379615557842,0.4148884556539002,0.4692569117105462,0.4138105358236944,0.3332995863850197,0.4622014383537335
cgSYNK00028,0.3794441717274293,0.3552074599520417,0.2238929376041338,0.2548976388437635,0.296673700757673,0.34366457675154416,0.3677112657594474,0.37770967985993326,0.3585220532275808,0.4585433525954124,0.28553527729355854,0.3495793118814407,0.3975581923984136,0.47589607430375236,0.3582583272255585,0.4262310927089629,0.3736984440413679,0.3686084405374759,0.30051475102205993,0.4142724785837281,0.3868816969562551,0.4455915768193281,0.3512476567818248,0.39080353613533936,0.3932131943794922,0.30420107863138723,0.28539280778791065,0.43845596102096346
cgSYNK00029,0.19206338174269943,0.19310209575880252,0.13242624283511434,0.23920726677265308,0.1400265484661043,0.09027737005994158,0.18257942408277467,0.2499365036922599,0.16940782011621433,0.10141892705371174,0.1812610612350035,0.14619015314680472,0.11126853116396361,0.25350472693996784,0.25125205715692944,0.1916636515964108,0.24072359215082215,0.21712738110265722,0.15744366886470668,0.20751082778868218,0.10228579051995888,0.11141106926904144,0.21245292125412268,0.16177008996048856,0.21830571661089465,0.12731677862001795,0.161355401517442,0.22292331343143337
cgSYNK00030,0.7748125033332252,0.8681254250064758,0.8276586184130803,0.7153134987187814,0.7113822763286698,0.8407829059948181,0.725137249540925,0.7552755978055266,0.7533252496996627,0.7672799352579351,0.8172551164861042,0.7843422487882585,0.8192584904080316,0.8092776167812646,0.8228975073196823,0.7566890471583675,0.7673672702455328,0.9068741977291079,0.8155157695581221,0.8102423090378832,0.783837921296384,0.7727825068678426,0.8374199667384449,0.7430176498903514,0.8324446882624119,0.8104054436628442,0.8039437254032833,0.8787624447204095
cgSYNK00031,0.2326705821941638,0.25948057113452,0.19781040000360947,0.20542799594578776,0.1476978208194067,0.197226510250269,0.25734428576064367,0.24286486364196241,0.20556483286875976,0.2797851797484511,0.273083875294136,0.2057320854507077,0.22336140912362812,0.2617588102421038,0.31199244756861666,0.23030875453172941,0.27020702359073256,0.2674026057889264,0.27438872982980694,0.3981805792501292,0.18546865199807772,0.26615231733976036,0.20518381995858778,0.3580432868339398,0.18958150866179074,0.2193769270431492,0.2403671750379131,0.2610357596544097
cgSYNK00032,0.12977027490143747,0.20257172143300242,0.12128189419165053,0.1900686940573102,0.15810252627763888,0.25333290463645286,0.18385216202857751,0.05801335946736387,0.1744291284928449,0.23632869492156458,0.1727646848635206,0.14013676953880205,0.15528552308217924,0.04944066307477149,0.1548061152746247,0.2518963418548536,0.1580645490333596,0.13476302192414896,0.13689261972973607,0.25472296278013096,0.22027096527304593,0.11374863566536199,0.2056274679893696,0.264921944189926,0.15364771615366854,0.22710424200842322,0.17261630268894687,0.1244584676893927
cgSYNK00033,0.6303641974575676,0.7011757588881717,0.5803992368713528,0.680751074640271,0.6780047468869519,0.6857834881697398,0.6594953388517877,0.603753755011951,0.6488737385707006,0.6586324507462799,0.6471267904535596,0.7194061035057535,0.6480472927069787,0.7020792430855607,0.6840429130416387,0.5515692360059964,0.7072010293550135,0.6278370211028655,0.5963018131801424,0.5933902736263413,0.6331633314404634,0.5775782624121121,0.7378545578999509,0.6278285111147727,0.6821721148540607,0.6140311974546029,0.664180001339702,0.617775940764568
cgSYNK00034,0.32110503008450353,0.34897361316255976,0.22933202771000072,0.37515014018860304,0.38570729262015147,0.3462440449651473,0.33528090862920273,0.3833351952741406,0.31010948505129954,0.2979562459654772,0.43574256134381634,0.3663682777133121,0.3444863708994473,0.30608522860237425,0.29035618623177617,0.3115940157188021,0.3610629554275095,0.3314229582956943,0.3468535077221817,0.2894789374700223,0.35946050673083574,0.3247357758156928,0.3350158495498633,0.3456752029047809,0.2752541485276933,0.2514801656219469,0.2953092696242121,0.2960884195561382
cgSYNK00035,0.16986257878056998,0.24628707674715744,0.274673660329258,0.2140289329405976,0.1741517538650124,0.37109643430511774,0.09274559007367188,0.28482756073247095,0.10772090896173946,0.1703616321138186,0.27598628003092396,0.09729380699736866,0.2066678105427434,0.20886110047237263,0.1898921798785234,0.2273745520441668,0.14966442306816935,0.25025997189414817,0.2084388793699373,0.2600543815036268,0.27313322105309606,0.19578032438323215,0.19713601978220355,0.26141202759303966,0.17807501944606244,0.07976646583457447,0.11280563659840577,0.19136064021806223
cgSYNK00036,0.4331260702212573,0.47734442171853586,0.45334819984263997,0.4167706872756075,0.43353903610464095,0.4984675233861036,0.3964648213222817,0.4710781436396787,0.5165310500986041,0.33725462383468485,0.36361897544755256,0.49359424442567135,0.360151135338484,0.44168941033978115,0.41148670587236275,0.48981294939169856,0.4112636030776358,0.5320133501870273,0.5116908356624217,0.48126108472614,0.40469713082567293,0.4482363589932717,0.38975158655422726,0.5433689195885945,0.42289675119268183,0.38994844781034105,0.49667514130063073,0.5154336991371073
cgSYNK00037,0.7884430498749455,0.6634936265157533,0.8013209723389204,0.6511680511740542,0.8765796060559329,0.763235930616516,0.8532382884442608,0.7608774495361944,0.7875663087640825,0.7121780407201062,0.7387749146504428,0.7388807394542606,0.744796540626064,0.7120563065714957,0.6754354615222375,0.7132205694692574,0.8072863901591638,0.8041167844900295,0.7170533177255505,0.8118529367774768,0.7433845442176045,0.7750453920291053,0.8095425007342656,0.7662201194846546,0.6878735526762334,0.8794512024624699,0.878584935730852,0.8485853423084659
cgSYNK00038,0.6456544407771037,0.674810911317052,0.5232859341495391,0.599322923792336,0.5341772074664833,0.5505337664392039,0.5053680109059274,0.6504200095943514,0.6284559881727403,0.6016544657033035,0.699486298946025,0.7349533417099687,0.6047219783749457,0.6586501292265056,0.5940489625758837,0.7192392465776452,0.5582366893657056,0.6113784030358504,0.6186555479943183,0.5007866324737541,0.5664113663230872,0.6126323679436037,0.5606923746604504,0.5346490996434342,0.6813842912531389,0.6146130528532648,0.7090644672473232,0.743250278172268
cgSYNK00039,0.28547470672828434,0.16771481794353682,0.2816844391059462,0.36216160723628776,0.28314151414494526,0.3284466264020476,0.30004160829481646,0.20822844793007234,0.33551374575107795,0.3962071552704357,0.363670063774401,0.3101185493413485,0.42451172563216233,0.3836384642956121,0.4217768249358077,0.31010142474925045,0.2475597000411084,0.4186239851196982,0.3188541535127407,0.26466826918882513,0.2958694837115353,0.3086651861471676,0.39759532762676253,0.27894603971994103,0.24609358046639856,0.3353124691892003,0.42139828508157706,0.4356755137697471
cgSYNK00040,0.4463114728875223,0.3842914858781789,0.37939043320933663,0.44516313775064903,0.2881620880294087,0.41161369468156117,0.42180459326001707,0.46484930347921,0.440450493852972,0.275267237029625,0.4442122711188491,0.40318333260295874,0.44038597012547664,0.3820357355401592,0.3221532421495013,0.385763319748832,0.44595365316622926,0.4148742291770247,0.4571515790786978,0.49011217806606705,0.3406711763770029,0.4884468095787708,0.34236474003923184,0.37446261294492683,0.31450920290410633,0.4473740022327551,0.4899618552243114,0.47459526874781505
cgSYNK00041,0.43876217266882156,0.4863387490368649,0.41620217235565826,0.4409323534855468,0.40607543822741,0.536801492367697,0.33522014126835753,0.36939491688778414,0.4702757263542555,0.3887670105795151,0.49417000213101736,0.422667300320939,0.4079105922149294,0.41854226341965295,0.4826382447080353,0.438995586409871,0.322199578120664,0.4189086613802735,0.4382019511367371,0.39276745668457,0.40308474291543295,0.3997540599771988,0.2882039640531123,0.47247431392720185,0.3703390511329403,0.478556604691627,0.5588255589554842,0.5054186205166767
cgSYNK00042,0.14192368689849091,0.07726197515569544,0.10069163798043712,0.08458480456137304,0.06973050869002209,0.11627503847884677,0.005,0.08239812381991554,0.11941578783935869,0.005,0.005,0.11558208291546071,0.06664002206204855,0.06445651505824582,0.07144454937141584,0.0757271107274965,0.06494471291390785,0.07879313394793161,0.06962027266277052,0.11468478688571432,0.03341492753936139,0.024302060776282684,0.11031381386063796,0.11226335280002739,0.006424876396136335,0.11922032425375931,0.23259295614806533,0.1952160503904655
cgSYNK00043,0.3421774006514104,0.331029730560987,0.44490426076940165,0.44077766647407096,0.494128251466637,0.3775696508376317,0.45654943253678854,0.4508493565827783,0.457869703417816,0.45762903542723116,0.42831848250865134,0.36032647470345003,0.4232857487282826,0.37911044698002444,0.4616026081579719,0.43368817544251576,0.4968155374494812,0.4213558516896275,0.5183035878851981,0.5219038637693674,0.47166527578054035,0.34932712724237097,0.42490748505248416,0.4590712706476601,0.33233792031173875,0.4852035989659585,0.5717746866584464,0.47168611173540753
cgSYNK00044,0.20611160250475496,0.3194938559286248,0.15480047955511161,0.21691001064961407,0.24919995568529618,0.274113050809022,0.28429470339321233,0.22685888047505126,0.19323936967787797,0.24370974484560254,0.1432028657902661,0.38002321882214823,0.30135378743988295,0.28253059459478386,0.22842681313328927,0.3139760269317466,0.2488451582099605,0.24537968453357578,0.19167701870128523,0.21802250514861532,0.16375578153301484,0.10612901835152126,0.15789236641009913,0.18288077049069773,0.25421226243928674,0.3206819352246015,0.3559276609648455,0.32554473211992024
cgSYNK00045,0.4629226636886628,0.5465004551002537,0.5572984647289289,0.5645105027462879,0.6006737430039576,0.6234031897535465,0.5870604847964042,0.553407312310443,0.5385944699185004,0.6015507385488353,0.5641678991030743,0.5000441082224196,0.6504981353454626,0.5292786123985922,0.6041479000852702,0.5067347389590553,0.596890232812711,0.5076891532975526,0.51238724448066,0.49989499233533335,0.5759348423774955,0.4965000282061433,0.6031172335001279,0.48310616395883826,0.600897283077779,0.5689242543856048,0.5697242200821895,0.6016089942074184
cgSYNK00046,0.20842483344091378,0.21452532968761112,0.26091086933686286,0.26231946348503377,0.2713291317508341,0.2086812711810354,0.3048046374584218,0.2713826965590573,0.2801531177417312,0.23415998921703823,0.17965153838733694,0.20357505493463712,0.3173118408095309,0.17302778738596408,0.22033580748870596,0.3167724440015832,0.17481311097252106,0.1973533756351153,0.30868478243730985,0.25890541072852685,0.27965722122531017,0.31435275569874704,0.22481048505491275,0.2917174903789272,0.17373536733123185,0.3242088716224116,0.30890596782565455,0.30347678015051865
cgSYNK00047,0.005,0.005,0.005,0.005,0.11970441319880792,0.005,0.06088705253487825,0.0795369283572274,0.07160851231365556,0.051377206207375875,0.07753170251839694,0.0677342300017697,0.04258833950148973,0.07195063100868376,0.10982753862642239,0.15531203650809944,0.10101196173406737,0.10094286454824125,0.005,0.05730448247213871,0.09578678594999368,0.05218087775230054,0.08516659567505344,0.05105500194394885,0.054834935889864905,0.05772531075695653,0.07318110696329824,0.054397646403064354
cgSYNK00048,0.4774472022480991,0.5828203628561756,0.5807910891909078,0.5141250075450732,0.49074996898654744,0.6751364054049955,0.6139582615842857,0.6409057994891916,0.6479218631410516,0.4660479787811127,0.5093800762069229,0.603123843645018,0.5412330115043064,0.5517309343654856,0.5693079215972323,0.5608207948918847,0.5684478472609704,0.6051535622160964,0.46262267139399904,0.49792470049595994,0.5223793612769958,0.6012515285839288,0.6328120052016065,0.4894881005705639,0.5268827742897101,0.5957043228273485,0.6012757394628823,0.6014593472290598
cgSYNK00049,0.5993566470392271,0.5460542991905311,0.5816785026802762,0.5638686295220485,0.5700375984359554,0.7139984730217235,0.6209960869922657,0.6323593573626822,0.5670909897731455,0.5861966539792955,0.5467901130534369,0.6410785901471021,0.5615204033178864,0.5861107498773488,0.583263882382066,0.5906647371347791,0.5654421736595057,0.5341057323799092,0.6241410149402078,0.5110439387949157,0.5661259762617603,0.5017654009335599,0.5106301205061683,0.49709016969720216,0.5633092943048117,0.7012548642536354,0.7228697399649423,0.5735870088059846
cgSYNK00050,0.5646935462699119,0.6397229903676745,0.584764667669358,0.582100339030376,0.5208680465157768,0.5343786357648388,0.5487861780518435,0.5041377245905615,0.5006017225538184,0.5834058405153096,0.5400529124846197,0.5617751318080718,0.5466046182172088,0.5127683035572962,0.561586853937927,0.6429361966435873,0.6158491883870524,0.5993725809991314,0.5495698149355143,0.6910143500835161,0.5886610375706404,0.46482239175298673,0.5756597681909137,0.5120481923654431,0.5459719089170134,0.6403175321651238,0.5966845848449576,0.6312355184573315
cgSYNK00051,0.35732619542255956,0.41128829702376646,0.44711559760293645,0.24007905571412058,0.3881716665070283,0.4554091195602534,0.41416843683935506,0.3323121681938204,0.3583715145435822,0.37552341216039653,0.20274676735466746,0.4044076838761111,0.2848622272483431,0.43212768536119744,0.33521010611404417,0.3025274158294216,0.2777624200058925,0.2868245357400808,0.25969492962063884,0.324159156194136,0.31965140824482446,0.3718946631472042,0.23730060829022087,0.35957197099095667,0.33697361758498473,0.4220478065265121,0.40610754198129645,0.4830777398314038
cgSYNK00052,0.3753104418472948,0.3185906621777326,0.3461076852561729,0.33736051400537337,0.37428492405457026,0.3316019322036851,0.37105146815778284,0.3228653884273611,0.451685713131252,0.3651292759864964,0.2891337729780345,0.3735590205822351,0.29233379205896054,0.3706241656490946,0.4173548358867852,0.3411271120096164,0.31104004992951156,0.35711974026300974,0.21899964616889817,0.4647038381987227,0.3350902205337348,0.4371139608130445,0.37534361405747335,0.25069755912351593,0.3771107089002778,0.37277670897072385,0.4459686781824057,0.49368236984945035
cgSYNK00053,0.45559774803761277,0.37412726685234843,0.4253134476858258,0.324812963793096,0.43073992912461456,0.34195267383516625,0.4280860778732004,0.41245636396548113,0.3509971474171941,0.39762829469870675,0.435691119980294,0.4238848051385279,0.3708356253760319,0.44396749629607823,0.40094290344398553,0.40528183012648333,0.4283501771903594,0.4374317404397521,0.4801994976690591,0.37259131278501845,0.37318535733799973,0.5746198538931759,0.38875853705181795,0.30755495788844145,0.37123058449591373,0.4702684029188422,0.5126974108433511,0.5277351519400362
cgSYNK00054,0.7317927492943245,0.7416076200088997,0.7225220134305764,0.8128276922882256,0.660595146143135,0.7308717376960739,0.7701247354668439,0.8480280873703488,0.6907701171697934,0.7689715845298746,0.728004599689135,0.701901561076463,0.7740620146111861,0.7233028892991653,0.7089453955768986,0.611578654484966,0.6599808814645154,0.7170161471729191,0.7435866892918623,0.7495557149416552,0.7141486645151257,0.8318988333259227,0.6871233718316879,0.7270786496490098,0.7752574637070192,0.7130028748132953,0.7436979383323893,0.8123160036164812
cgSYNK00055,0.41460733397114563,0.4437931270202962,0.4534020976565285,0.5541480332408117,0.3576012673852382,0.48326745653240155,0.4096176346917233,0.4282884391079606,0.5298336746812893,0.36564464370489097,0.5076583203479039,0.4248697582535231,0.3997384530588578,0.4488843046501918,0.43261074049305337,0.5293529259312182,0.40504167319209333,0.4872043885147034,0.4295823858573692,0.4201551078485611,0.3938730865855499,0.4829416172064478,0.46705655533050255,0.4902621575870852,0.44977749166784836,0.5074613759007197,0.39009710501435135,0.43329787976928463
cgSYNK00056,0.45075271595808053,0.5287961025968495,0.5156117668831913,0.5881923767912381,0.5310751264018462,0.5774315307584503,0.5187915876673573,0.5238565100603548,0.5817941333802714,0.6823554558859762,0.5555677567825439,0.5537411101276114,0.6233000309577882,0.6712421592888602,0.5580418614643657,0.5841402250866097,0.5838959514075778,0.6219525652492821,0.671944491715815,0.557467823535929,0.6767262302825544,0.404924357714993,0.5972752605278006,0.6104081119239324,0.5019326180912546,0.6768832371307922,0.5566356769719002,0.587505635251738
cgSYNK00057,0.449046335644405,0.5407839730511662,0.530699136140429,0.5061675425096336,0.4864641367487319,0.5838529380053732,0.4419203651537366,0.5245115146951564,0.44374735146365885,0.4891549297734245,0.47834672038391135,0.47948012226516257,0.4583165522817863,0.4334921799342778,0.4536337115994414,0.4994089007635645,0.6332647070038661,0.4121726414544282,0.5226286707002747,0.37979136718936596,0.545597773708443,0.5132320910428358,0.5518559152150267,0.5038678854612769,0.5185179964681481,0.6179162435417582,0.5168453021996448,0.5201571144402268
cgSYNK00058,0.8719049694344312,0.7543290344523017,0.820081590286679,0.73344157754136,0.7139753380329427,0.9257157018204559,0.789180665263103,0.8741262504722851,0.8678961121804882,0.8278305630072142,0.7664693908279407,0.8794787174144544,0.869581587294397,0.7678543283153554,0.8104856536426666,0.8575754575467771,0.6902249280159395,0.7143295912195629,0.7957261323921272,0.8881063934787389,0.753061850110464,0.7958401929189434,0.8510265098386153,0.8186860805944538,0.8465152612355575,0.7736642186973964,0.874745726441373,0.8481391486322359
cgSYNK00059,0.6910616604196599,0.6236736415463275,0.6613969230731368,0.5813418041135772,0.7758508644272306,0.5946731341015129,0.6297310443916172,0.6428805990970957,0.6283679767165227,0.6279541194050712,0.7341882505468396,0.6326824101019587,0.6581433488739036,0.5899512728699532,0.6882590189947072,0.6531370129575166,0.6114974547231447,0.628695037803861,0.5888706119685689,0.6661085569990677,0.6474007415628721,0.6050693187945196,0.6649387085070536,0.5764851702865739,0.7351666129831254,0.6542161015229594,0.7245489655599266,0.6628917020218865
cgSYNK00060,0.5087896405997454,0.45192690151192055,0.5461886663484291,0.48608369139305674,0.46305626656922694,0.5187118807527564,0.49070412763718,0.5713476135511819,0.5728862538646015,0.4799262115320716,0.3958442370624281,0.6139399332586386,0.5467450096101394,0.5643824883581915,0.5556961490747845,0.40511473109697005,0.4551563275098285,0.5153233979712962,0.5797684031649889,0.46790608204109674,0.43519806937627165,0.5252360136737403,0.4219867136951877,0.5495944229428777,0.5071483075069452,0.5210092644837335,0.4647076342116494,0.4799845043280968
cgSYNK00061,0.3204845728871126,0.2230377620045691,0.2856924357209047,0.2504874598890088,0.24590828965104383,0.25318320755107004,0.21023575936444208,0.23474490007969911,0.20817368400157046,0.31811987068340764,0.28628350260979635,0.21325628165434385,0.22684082835925826,0.20350267353211207,0.24144060466686457,0.2469695684100332,0.20423281481926692,0.3468975081193422,0.16649512732346267,0.3128165374792772,0.1410594020272839,0.2694379898898942,0.26125859000375584,0.18371998468485284,0.17342745212225621,0.2524668383308295,0.3005176643204746,0.30350223065891674
cgSYNK00062,0.5971043371249096,0.6573323733447013,0.554932186118714,0.5594639047347543,0.5190214324758946,0.5693576229367737,0.6781713858241541,0.6107995100617145,0.5815796186819766,0.6776672352035643,0.7109410956652152,0.6438480591187357,0.6141567996615962,0.53954951141358,0.5524436791476871,0.7268219680691489,0.6522116487531029,0.6490083814057928,0.606716972999238,0.6516360130250232,0.6923648635251792,0.6004445537146876,0.5935730522875942,0.5964180386510827,0.5829511889299451,0.6391261511800059,0.5992720715739442,0.585592927205283
cgSYNK00063,0.5105308055393111,0.47878786763265374,0.5742101907220194,0.5762859582989893,0.5311525071605023,0.49510426879994063,0.4776182078490585,0.5183759625847443,0.4902274087965748,0.5714177560203312,0.63276377061273,0.5442337050719595,0.4657955985616615,0.5426615794578724,0.5009619089137892,0.5397918676511005,0.5979993379567476,0.5780237393981897,0.45747129950121945,0.5720214085658358,0.5153330078437636,0.49937775955967134,0.5480552128977387,0.5150501872766099,0.4980943076617442,0.5180624927236172,0.5345764303908956,0.4919889792976287
cgSYNK00064,0.31451117778959764,0.43446674222517256,0.2998276199082027,0.3637893982232372,0.30365437512251053,0.350612593063391,0.3522494044553416,0.2919863937025737,0.2810698167534968,0.35300515645890507,0.3922355251791056,0.31495202200938655,0.3080700735774085,0.3869011854905941,0.2176544754128782,0.3198153134408029,0.39227602244157034,0.2770970075064115,0.3198416423776889,0.34087181834214036,0.3753299277319172,0.3037617527923371,0.3613157299821978,0.296030975353861,0.17521224584260223,0.36132312244077347,0.3824597645994797,0.25870728864569487
cgSYNK00065,0.4908455100311878,0.4615707356679951,0.4073024161182155,0.4787802853870744,0.5179076694506324,0.5382845717250757,0.4063514876752268,0.5238538926514631,0.3296915331933325,0.5731102109963946,0.45189733731896475,0.47559155070597864,0.46537577990054857,0.5512061708647498,0.5476604869757972,0.4812903917478256,0.5147828674669537,0.4453400229463576,0.43294774566666144,0.4802577420127819,0.4517893452886204,0.49464042483611537,0.5259557979643508,0.48609466964154857,0.406988887795234,0.38759120456925256,0.49344311584408534,0.5526653010018667
cgSYNK00066,0.5442712174918987,0.44418845225672354,0.4417306172476504,0.43809395088945824,0.4293776656547653,0.4672036459957947,0.4275085826832997,0.35039364557811603,0.5103742832571031,0.5826036499836635,0.4612145191614495,0.4563373919662814,0.4476691553076269,0.4548182287113311,0.5428880731579945,0.5662196884621895,0.41990274797770255,0.4423378187681889,0.39151923444681125,0.38566177411864594,0.4851261436555682,0.4703002500383703,0.48922500219498777,0.4269679179582586,0.4339898976621646,0.4745206865561271,0.5266473499955275,0.40534875934384856
cgSYNK00067,0.4401292849253872,0.4503907359783426,0.4514106965672249,0.37063271272717707,0.3591227799208332,0.27125847564238875,0.313588716945285,0.41590074723329523,0.3632066402532973,0.34976898902778647,0.43378749293644137,0.43199475845132806,0.359243265697585,0.29376937851771967,0.3716500639001468,0.4563663700172939,0.3462131869818717,0.36357344722571755,0.29298209818241366,0.4025289850945066,0.35636370883828095,0.31980740464994645,0.4418744576478188,0.31574685199881547,0.40667113783722175,0.47330210920167554,0.3646875167554191,0.3462501088697993
cgSYNK00068,0.23063952874068883,0.1830170712334644,0.21728805912771698,0.23143689544793458,0.33569330959843785,0.2882011369328258,0.33965035927226683,0.22477734738166033,0.2650183846815264,0.3506724795749733,0.15641735043539018,0.26310474069725015,0.3461217936772607,0.3053147034148302,0.3203273521216218,0.1809588863940767,0.24907772209422918,0.3175561397641977,0.2204741758463774,0.2763480740229003,0.4026041646459782,0.2731951229651162,0.21688794951430135,0.4386264185330147,0.27367773458613304,0.2912920135568315,0.2214724786470334,0.2010917319426126
cgSYNK00069,0.7292355911721914,0.7949798616971152,0.7429901722926936,0.738796749777047,0.7983214628281342,0.7337929359699741,0.721201704856279,0.7411282252580271,0.7032291354482734,0.7544794434282874,0.7970549044458275,0.6831569226836598,0.770140487882076,0.752926614188189,0.823383783857527,0.8269123873059635,0.9118500220048351,0.7184900169787773,0.9518145119744104,0.8614891257784714,0.751551557806332,0.8840231500968438,0.8037148311477872,0.7379047741568857,0.7291298378823525,0.7299815095619409,0.7939495860714443,0.7452227194329678
cgSYNK00070,0.25580143657249005,0.23502067421781234,0.3667545444273562,0.13538707836544747,0.20469490770438045,0.3356478537326305,0.29617503481735863,0.2625223429437224,0.18811797584231457,0.2858588362056568,0.3135303986387993,0.31618924480269817,0.35455797758480034,0.2887994930490149,0.20896172120152545,0.2431230210363606,0.21228472127521592,0.32248551712228846,0.24416785524763027,0.2327523774306188,0.19455121352772917,0.24468256535295826,0.1958950114126175,0.2983854563709371,0.23908067620825463,0.2939238058778321,0.24896063531148754,0.26791340178801193
cgSYNK00071,0.5757432846526995,0.44947666302639516,0.5298176514524386,0.5247581461396735,0.5048659991853848,0.5481444714864874,0.4619841362804741,0.4381884851815801,0.4545526019180816,0.5147666521723645,0.47535819601920726,0.4527129749558281,0.47665759429940985,0.4773600517284846,0.5021863515640334,0.5563418644871446,0.439629237665092,0.48429697230686,0.5201182569962568,0.5228705281309941,0.4540459476484009,0.5263585620431367,0.5206243643343186,0.4882789708822364,0.46197232575953784,0.46095266588186834,0.424429543322481,0.4158215286595289
cgSYNK00072,0.883111789655831,0.8008680173944169,0.8015591065933467,0.78815571768077,0.8900650693933563,0.922292482691485,0.8656860931695766,0.8106412632400068,0.8012221522440733,0.8199047610191453,0.8423245018106392,0.7619665777369947,0.859543884360097,0.8094840540569744,0.7888036908430633,0.8409884683475225,0.836708176289898,0.8461931173154325,0.882349097212701,0.8669570361251805,0.8885961726289103,0.80496993196356,0.8824978440424912,0.8608020184854596,0.8418742245432317,0.8224318631231045,0.8785532401218356,0.7955872341349337
cgSYNK00073,0.7582969707307036,0.7726931691535275,0.8116365527845749,0.6773986797860587,0.787542241980421,0.8101937266712189,0.732016647090749,0.7836135565424481,0.9505276250064286,0.7680101261324794,0.8047098634896428,0.6470183856491636,0.7602658496281979,0.8186095536116074,0.76328164371414,0.7160859772897364,0.820226632199106,0.7295039080072133,0.766355687450358,0.7452686477354225,0.7201951630096836,0.8421167604494665,0.7361286438727399,0.7686395298597429,0.7712667288626546,0.7882378829403567,0.7583496450198778,0.6298646494782492
cgSYNK00074,0.37214289579996696,0.3782586224940939,0.3716918969255041,0.45941119721194507,0.337582957263912,0.3449451598779612,0.32234969494593985,0.3453547993739638,0.36686445139589546,0.35079692089285336,0.36831906139148773,0.4740398067572442,0.3868835035611252,0.36290173205518256,0.3327689956984031,0.37426541371623534,0.40215487768830516,0.351824676599549,0.26709561303904855,0.3960958861376014,0.3443142870001116,0.39234121588041015,0.34576251004507763,0.32547548709066115,0.3802284994978649,0.37516015719853263,0.33101700232249365,0.44281905737289023
cgSYNK00075,0.37827580282055684,0.38089578108889854,0.4432834309129143,0.4705085906242954,0.4819758691928539,0.5589698331247412,0.4558986097037365,0.5030861527269964,0.47473551662121705,0.4732496104487162,0.5775104004132563,0.44890675458159873,0.5546802806935583,0.5346166753201408,0.41559854684903974,0.46140280091096364,0.4885331762062397,0.38509571412599364,0.41386962382304787,0.4898109578844073,0.35826009458697283,0.5091719130221287,0.4328522649378363,0.46244957367348827,0.4766025653980461,0.5393714449962702,0.4190006749260828,0.5280799438794981
cgSYNK00076,0.7861927338631465,0.7494507344154004,0.7748359643886523,0.649606774801613,0.731464214703107,0.6935867800365418,0.7706640584781388,0.8125493250004912,0.7564609986241524,0.6481051188897251,0.7961762282017136,0.7685669421395406,0.7798881252878536,0.8004359696738883,0.787569517797058,0.7112490662527383,0.8097035950197818,0.7434620167076095,0.7796241453381931,0.7350903105484602,0.7321093525700249,0.69102530818393,0.7553955850617424,0.7423478543310359,0.8232192763805419,0.8659503246062232,0.6883070114613503,0.7527173982242151
cgSYNK00077,0.7920106069629738,0.7849534342662006,0.8571488983836155,0.7736713502757158,0.7984646740482881,0.7959523023773043,0.6855682850104319,0.8187946196135735,0.8173394319684647,0.7219110762073481,0.826128435011865,0.7229067124194158,0.692188069701947,0.7383595225244861,0.8170788537941411,0.789911020501147,0.7020276644266659,0.7568649049746156,0.8164578088429421,0.81716848381154,0.8250770294081449,0.7105426061921541,0.6816387990191508,0.7545940910615514,0.7244530276177755,0.7255493679037993,0.8557331791823687,0.6755328670872609
cgSYNK00078,0.583425023380282,0.5601914510831562,0.6106367180105935,0.6634310851970834,0.5103566129329862,0.541403621271684,0.6531776477968502,0.5531818356816662,0.6247578804665592,0.6205087924588422,0.5958211148852018,0.5901214855455841,0.6315811260408392,0.5029991024234939,0.6059089269415497,0.6876103333033095,0.5098711689998865,0.6329947357163045,0.6740162657652304,0.6379313963340617,0.6303653683863477,0.5416103038341511,0.5678063387717397,0.5945760475309064,0.5207309755763624,0.4994847331779082,0.5033891821822833,0.5738328399076532
cgSYNK00079,0.6365089652139221,0.5603710710936831,0.6130858927106357,0.6695275098108443,0.5726700699978508,0.6796507806786237,0.6268320143612632,0.5182885952306154,0.5669779951461077,0.5430938577254646,0.5454261654875928,0.6320324132272206,0.6125084760907546,0.6983506365484148,0.4702290038152908,0.5751030539749525,0.5664163775994074,0.6405511797830312,0.5696603965937364,0.5498296492201755,0.6971689201493881,0.6769570614111245,0.6047221084929423,0.5930667989957887,0.4629484586985466,0.5563605712033608,0.5493516829169295,0.6230244334677537
cgSYNK00080,0.4940344249792723,0.4929593190098601,0.4348684863784779,0.5330849928402763,0.5327471974029976,0.7199424916193066,0.5076589482435043,0.5826924606115468,0.5253216524099851,0.5352112527754712,0.5045261849347499,0.49195976854771967,0.5167277897189635,0.5928331818602092,0.5316209383472192,0.6267155102425438,0.5185109678665121,0.4874567520436288,0.5507022167398157,0.5546234861426885,0.5788722641557973,0.5959521278471697,0.5724335742020751,0.6069497261141177,0.5295944796430573,0.539788777159892,0.4997978533703859,0.6727678607356041
cgSYNK00081,0.430128175106267,0.5655162570786836,0.5609567860438383,0.5395270453281159,0.5742316839151764,0.5204014361042156,0.5953601666333411,0.613469747745249,0.5883560002840605,0.5916088838039719,0.5482412208046761,0.5509154563948484,0.5251504549352182,0.6018965293998376,0.4793186896733781,0.5402387103239067,0.611019108791371,0.5219780946358508,0.5752330780107567,0.5543585282716701,0.5153637914212836,0.6156085419679547,0.5534942546004737,0.5901036371485907,0.5376578105275819,0.5454142789717761,0.5930030320081169,0.47600564205483115
cgSYNK00082,0.8669578254027885,0.8134953409113796,0.7583358671032674,0.7039800205891784,0.9338712898760397,0.865527093292151,0.7680351621129546,0.8474687706964538,0.9045605986263221,0.7668393703331632,0.8115803741780426,0.8130697347123014,0.8067893454144921,0.8270726087655603,0.8342385376780594,0.8512137164660382,0.8782294174456212,0.9577890572012255,0.9619034990445295,0.8791741425159922,0.8660045587647308,0.7843681732152434,0.7916667201854086,0.9264108332955739,0.9529805213562774,0.8343671052285586,0.8971275935653427,0.8938019585935756
cgSYNK00083,0.21756232092469818,0.14971535650881695,0.14056083435363595,0.14472951207872273,0.2340654673745063,0.2573446865923124,0.27288823101794596,0.1350716301869877,0.21457735191576235,0.22603630129363317,0.3161788060410863,0.17765462476832475,0.24284148300729413,0.099214884885298,0.2067797050286604,0.11194818586918454,0.20705213910215328,0.20304999913523777,0.23147379998787754,0.1668350958421757,0.24787593560684817,0.23107962470903753,0.25393232923817216,0.2319236051391052,0.2225485216868387,0.20963962002617192,0.15866434456893194,0.14290838549726587
cgSYNK00084,0.8490103962058853,0.7172731943643843,0.7275738423353749,0.8707011593813903,0.6804983638441992,0.7429296058632368,0.8445279297346302,0.7905229676969613,0.9358831206818853,0.8463989467393962,0.7342974036094713,0.7733824370954032,0.7138461287540769,0.6908802708496169,0.8650167691450023,0.7537596591182331,0.8833466414231534,0.8159935663484059,0.813923912454375,0.756421307870196,0.8233503624750115,0.7729681013783559,0.755801303478042,0.809989018951144,0.8856195686055749,0.8160539703564421,0.8772277139648139,0.7494091911169638
cgSYNK00085,0.6548632347573146,0.5745046206012606,0.6338961203655908,0.6832967777163083,0.6750557415170985,0.6694183583774056,0.6502695603608913,0.5714697926531802,0.5566199329479521,0.6436990533321932,0.708119644139157,0.7552376167710461,0.6694219256284278,0.6714317955970672,0.6690212764158948,0.6933309380238447,0.7009096499368862,0.6834588220949576,0.6813599142540778,0.7823044708207108,0.6727294997876883,0.7948669207560044,0.7280921789307748,0.6904208445932336,0.6739344957033967,0.7498030566913899,0.6669310112975018,0.6987153419486708
cgSYNK00086,0.1499188457351321,0.26637334059523937,0.14468120077152574,0.2731144621718912,0.1389914267437672,0.12679099286952267,0.19933719487414456,0.2479586754052824,0.31307954096270013,0.16805860547199988,0.18677279127768104,0.18496015762702103,0.18698712813897844,0.2020286285489403,0.2586276126236775,0.24082913516224896,0.23078685468944704,0.16853124290176077,0.13848492945750807,0.18103713502173507,0.2658366001181802,0.23230150334328506,0.22511470397450653,0.1959227516511585,0.23618659044323628,0.23789445187678004,0.16758932034058394,0.1884907595054961
cgSYNK00087,0.49352872116389845,0.4790987118419155,0.37914628932701394,0.45356926376067647,0.4074993061677736,0.4920691182875106,0.4463922005879929,0.49725651631847384,0.5220325802151562,0.5042024409560906,0.43786716475156084,0.5232072132965865,0.5298521820783859,0.47941792809662787,0.4546780139057321,0.4847045323328583,0.5108915396312362,0.46865231353386977,0.4358054377399831,0.40986037651752444,0.43781796322096456,0.46929920129125036,0.40995970944461174,0.4424966305759922,0.46010818620592,0.41804469659579024,0.3019168811382217,0.5252009238456755
cgSYNK00088,0.6637962877562524,0.7082796499338293,0.8136475444008038,0.7326884793092306,0.7400897412655015,0.7064170094835404,0.7475693337697329,0.7057357590521579,0.8066315915900311,0.7470597784637962,0.7727061172525209,0.7517739821591624,0.6635461136886985,0.6891151307489147,0.7663720221468431,0.6499957851363809,0.7988297839583062,0.7786188548312319,0.7347173385033335,0.7137819047574566,0.7823273290868193,0.7527377090068799,0.7073069187186815,0.810442890282479,0.6802321085076926,0.7201936705511335,0.7828455136580704,0.7404419767838222
cgSYNK00089,0.7457812805801034,0.7872213387816159,0.7783781721240008,0.7855092166683995,0.6416840243932161,0.8312702855633577,0.8036965180754045,0.7984687312953103,0.7104515584789315,0.688795508536598,0.7699613112804007,0.8130039199134526,0.8522448159491319,0.7362534976846967,0.8083850556399433,0.7549151665270477,0.7614052122076528,0.7371783543987804,0.77696739387169,0.7420010429336216,0.7091364557295249,0.8342095736016655,0.8302022885585313,0.6822691585766384,0.854323627142347,0.8057110710902048,0.6872350615318341,0.7844922020771121
cgSYNK00090,0.6318731137004823,0.6010960339600537,0.6623568968776532,0.5868015695980777,0.6609368133803416,0.5391206138011124,0.6559730938649416,0.5397740686406611,0.5493886581032729,0.6038218668984789,0.5223003822548015,0.5841385367606602,0.5359936252865304,0.6343344040884313,0.5576685840979965,0.48825226191661003,0.6193723175199966,0.5739686865890112,0.5610118746242203,0.46453396406459496,0.6292076794967572,0.6093569983180226,0.6446713599724502,0.695633079997983,0.6222829231299207,0.5330402640200722,0.647025380413176,0.627880572950682
cgSYNK00091,0.7237095886275494,0.7551707191808444,0.7403476817892798,0.7041982722327551,0.7425557229801617,0.7600208789375408,0.8504823330217447,0.8164445689262633,0.7745953042798935,0.7307121919396432,0.758662363028816,0.8661483176406268,0.7828969147296377,0.7717768986775986,0.7861961750710099,0.72879839683456,0.803501276966632,0.8623040689680939,0.8303004038313275,0.7796162430384975,0.7932219999683984,0.8000346190708564,0.8384515762954282,0.7715508974343591,0.7633395670571678,0.8280701480595987,0.6738058319564387,0.7645201234008475
cgSYNK00092,0.3722844264445489,0.22965975503668845,0.3343255536365431,0.19287921795519702,0.26464188968486485,0.33562288217898567,0.30871626553085224,0.25942868207205333,0.27925289193066716,0.3354659948098494,0.3867569820332244,0.3432281441088215,0.25861822345861596,0.25423806072492516,0.2535032294360072,0.18949000912692196,0.3848389641716373,0.272425950067404,0.31362601320836936,0.3462807813047279,0.27659199952003355,0.27397539095021317,0.3193745822561408,0.3443169287600642,0.26506174195036974,0.3960704051724605,0.33961682771957885,0.33558470200933543
cgSYNK00093,0.2951309962048346,0.1404661312797527,0.3404098666762625,0.27855682925552167,0.23342759542559188,0.21269183002625683,0.252772108009633,0.1601330652878048,0.2412751106190439,0.21423261218566617,0.33833757476297693,0.3278426165004004,0.3259960437230082,0.21994360887800074,0.16521681097099583,0.3367869449168688,0.3273058804697275,0.29628645344558907,0.3092380934080423,0.2039587139276976,0.2963208041836474,0.38411292236790373,0.3159640125021225,0.2597081408013852,0.26818294088174066,0.33342133179315087,0.3147731242936923,0.3081205069578038
cgSYNK00094,0.27531668054122976,0.20359227795965973,0.24931566619890713,0.2603998064947075,0.32716669225453526,0.32684470390039755,0.2612271074686935,0.36225111742214955,0.2761750402873748,0.21880859611948342,0.28343745373331114,0.21084646660944428,0.25109600305265073,0.29396322523225027,0.23303536354463092,0.33228907697603205,0.2845399437681164,0.3228275483754158,0.20376797598134708,0.4152770698855457,0.1911577419739107,0.23073786326429196,0.20213422098483702,0.2555070068368872,0.26931030472773704,0.3301897954198717,0.19010656629820688,0.3351113365397319
cgSYNK00095,0.0785430673192182,0.11972755531990834,0.11950393409130022,0.1329208772407927,0.1685748091520687,0.09911355598857796,0.09965178842658974,0.10029800721547444,0.10556841252009708,0.08886640575655627,0.1484074860454107,0.07291092763196502,0.06787484669181901,0.04493975783800108,0.052824571127871894,0.005,0.04160591335355483,0.1067146101700732,0.06689319408927155,0.1688448364287967,0.0318391865445916,0.010539204220562773,0.05181157551628764,0.06426766533199918,0.1626093597610895,0.12491405079795034,0.14949722170772162,0.1526030260683338
cgSYNK00096,0.3992950442949537,0.42820043627798055,0.4022672758091538,0.36833356595150324,0.429217089987682,0.39705697095910664,0.4159613915526024,0.38023143761027584,0.36883318076418375,0.41633268968494336,0.3682493486410166,0.42648666465936436,0.34491222953663303,0.3423154302088269,0.32048308384826885,0.37291972277359636,0.3784644787642319,0.5088533300935234,0.44839628387112007,0.4136420533083932,0.4323459127794097,0.46145602686327053,0.31214042610117676,0.41578711616210057,0.3406221453096532,0.379037124454109,0.41261073615572336,0.3933574023642499
cgSYNK00097,0.7863588191685763,0.7646961504416889,0.9178362454817955,0.9622761339049156,0.7686345928174414,0.8119856881059415,0.6916695615732699,0.7504023886672485,0.8056116614471625,0.9102833989153377,0.7638743108755921,0.7436247563665053,0.8248446848476002,0.8516972988467726,0.8837984464258483,0.8033170306455675,0.7306404010577429,0.9098388821031869,0.8736477226685224,0.8756054961646254,0.8196753056652833,0.9032053593737709,0.8724710671737697,0.7440978375735061,0.7911526477585221,0.8746079627846107,0.7717768041868067,0.7522231239134649
cgSYNK00098,0.37344669143545706,0.5109426677023201,0.4998566636430158,0.380812733316024,0.4489383025924308,0.4122408714727749,0.38336292291111235,0.4017599185566114,0.4429935689266796,0.27403107173561947,0.4282639997664975,0.44144521601639586,0.4874235808833625,0.4632716837239132,0.4063573217912452,0.48056428569424203,0.3698031712164128,0.5063280720901724,0.44899481883497744,0.44893632379745624,0.4029711990793592,0.38164164100303233,0.41008977230970456,0.37856382234926117,0.46752741240809836,0.42314376370075274,0.3657408154557526,0.4564274675813643
cgSYNK00099,0.2818649916828733,0.30835626955722084,0.32465859722052387,0.3626710831090555,0.2708188345385175,0.2786948309228601,0.33821893877473286,0.30961246333072767,0.3678072993500407,0.308029206852962,0.32255926618994607,0.22515992337040916,0.3531097909376527,0.3089065021985691,0.36387954783766,0.2779113636292712,0.27137558761160424,0.31677718081499934,0.26601199788417657,0.29920499587338517,0.3032204169287151,0.31049748813478756,0.3630868029390031,0.33713761943536585,0.24150952578486354,0.3172468427575969,0.28524157858815097,0.21760510846167644
cgSYNK00100,0.48920963163161146,0.3665332553534499,0.393364331817043,0.26742039117675526,0.4394529289202127,0.3036344504198882,0.3511832065384044,0.3637925010886512,0.3964869984791523,0.3515499971612226,0.41210304388218844,0.4605751573434911,0.3636315800824581,0.4535797695095467,0.4702627926270023,0.3460139310141451,0.4348356652572089,0.3218362041393516,0.42267471797888045,0.40622922439662945,0.3521581934987497,0.384727788300022,0.35157203168612744,0.3876804372116137,0.39065102393794365,0.40824045931850494,0.4862995540073488,0.4200584697352556
cgSYNK00101,0.6087635797333794,0.5450530144976391,0.6241620886580022,0.5185731626793812,0.5509894756233217,0.486434154599243,0.5947897496060175,0.5894881829419585,0.5309198535636732,0.5125926331123294,0.4073754140406336,0.5802006244419279,0.5541591740744539,0.5286528491001982,0.5135920716793791,0.5499927226801185,0.6105936492432502,0.5031599519067783,0.5242251573668321,0.6263458657187713,0.43649362546135007,0.5544487765895658,0.515621782481794,0.5605902184117827,0.5103052675963724,0.5841029330136708,0.5487606658416726,0.601375038137156
cgSYNK00102,0.0488723704142408,0.05675761983369927,0.044754105065250856,0.11366649231218834,0.06989468001138519,0.07057949871882341,0.03236950938449711,0.005,0.15548524245965406,0.0655840672101808,0.07291051058328941,0.12097425061808549,0.12028197474068483,0.05953140758859269,0.0868544027733539,0.005,0.11321346516924681,0.12925916927111875,0.1995574153992185,0.0625516123797838,0.005,0.0784938233275194,0.1120523073568415,0.1346044876434531,0.11721834394694017,0.07818032920451091,0.13151050539606873,0.06158411460373718
cgSYNK00103,0.6840379667047704,0.8121773435764821,0.6640411417590317,0.6448608160208078,0.6612509829111628,0.6810104766292191,0.782804330980312,0.6473850402390606,0.6357058473285478,0.8063765652307145,0.6628859731420055,0.7101981813257678,0.6890198445402868,0.7286120542091911,0.7177258652992775,0.7532641579590154,0.7121269019895057,0.670017734013823,0.7340757279873164,0.7081736503403796,0.6632632632036134,0.6830989038546487,0.719815897677799,0.75754154537251,0.680245913109186,0.7385879678255827,0.7427346442859296,0.6342815886715454
cgSYNK00104,0.5953760194902527,0.680161285656109,0.6135112770818816,0.5774199426139991,0.6472013835140942,0.5826979446171857,0.5666776050113654,0.5686878439654097,0.5907788505834157,0.5826591022931223,0.6689056813408212,0.6044766972441659,0.5049378993700628,0.5541486209431258,0.4985803342039471,0.6656810911089154,0.5248140506408623,0.5774000041664252,0.6401956867643299,0.6230947726470877,0.6354844268317381,0.6084196441900401,0.5742992973991712,0.6461612405199187,0.6153765049551572,0.6603621575500565,0.4752252178850434,0.6583596582640328
cgSYNK00105,0.4097655355366448,0.44257590600042296,0.521059757294227,0.4651473727922409,0.3531173578726021,0.4337432802924881,0.4345165577553721,0.39364224054530816,0.3726288656983161,0.4115815313979484,0.5105361764203447,0.46206781627507243,0.38483580713330584,0.4446958968791607,0.40793469349234357,0.38628704544972614,0.42761308963946293,0.46244547424468463,0.4301969166507696,0.3841369346916681,0.3918584676606338,0.484649652960345,0.44061199532424344,0.3606274387711682,0.5282817032716826,0.42367727107787045,0.39830299940840774,0.3671002157541021
cgSYNK00106,0.43161916185074206,0.46198301412703435,0.5003241730631569,0.4671456124888962,0.4153436343409264,0.3654963962060968,0.38702673146355004,0.342370083474569,0.42119192267133865,0.32369322086888197,0.42623578624063263,0.38388807392475444,0.5041227062512034,0.44161612926063765,0.4219418007390833,0.34599499266607936,0.4358196748694155,0.4699314907972361,0.3236165073016638,0.4250687719752277,0.4691289437831146,0.3769374890306519,0.4801044276765717,0.4788934428075054,0.41123021541547317,0.49949101018077735,0.346272687571941,0.46842102752409814
cgSYNK00107,0.9275118984581995,0.9377875557846653,0.8427774002406385,0.870841476446147,0.9726684266135293,0.7766936710778957,0.8879249083661727,0.9265302847983137,0.9383509241149028,0.9367198125364855,0.8696124524467053,0.855409342516665,0.8346762955876215,0.9083153442226024,0.7929638796543284,0.8978183936799362,0.9085823402850345,0.8455659347235297,0.9686576572685288,0.8010345115814954,0.9704605395030683,0.8800997232836465,0.9048107598819589,0.9047282373008954,0.8412858998252446,0.9845719070740291,0.8489207305891675,0.9214992933179909
cgSYNK00108,0.16614704626938662,0.14267263270872083,0.11384923303308463,0.13694422114565216,0.1290665511636616,0.12714621496845052,0.0996348806761857,0.0766196380447138,0.2435550137210889,0.2112567809580193,0.1452019824965788,0.07499463967986886,0.01868519557614169,0.08509770982829609,0.21247579507770958,0.20286808111046167,0.172128934526327,0.07314968358902743,0.14343779359607028,0.11049541541663051,0.13486754772855153,0.08126367231315675,0.13011113573599725,0.04060239815478124,0.2021090153354837,0.07169694564632367,0.12439898087680099,0.19769448434305792
cgSYNK00109,0.213853348028942,0.38723108845125837,0.3028959265429143,0.4595901385278296,0.43978605171924356,0.35694519349742637,0.31463215611810436,0.38684737055916285,0.46494045156592384,0.46895754853642196,0.34140499019148396,0.34321258871013005,0.3498765001103423,0.3671725322112051,0.4442574169754675,0.3806611010207562,0.41291683231496357,0.3378387420404315,0.41336991315397364,0.36379884692676195,0.416069504938615,0.33566702121484066,0.2902864008148841,0.33374213149066,0.35403916853668066,0.4518116871022913,0.3590430121157212,0.364030847427894
cgSYNK00110,0.5858470795013242,0.663848639502119,0.6792532866935252,0.6710811919037827,0.6647027669510327,0.6071541691182886,0.7072940420463053,0.7612482953420983,0.7293954094509003,0.6535736645048226,0.6958092424567306,0.7190348131024236,0.6023664304194047,0.6929035561835843,0.6990377793079545,0.6721100718054476,0.6725422026125729,0.6281876289800393,0.7409759940605644,0.6995846566638008,0.6882489769097582,0.7454752963976569,0.5882835886587408,0.7270800937824506,0.6286041207408917,0.7481544987985405,0.6279957663730719,0.6860969323399726
cgSYNK00111,0.10807256629254744,0.22516076982379557,0.13154604506176037,0.20649674761233588,0.17531301927562254,0.28799460372663777,0.23289713263113138,0.17678193939920206,0.2322159969175543,0.22372932549365895,0.13243589045142218,0.11527260832268253,0.167391841652346,0.2208604686188123,0.16267204754324296,0.24076659986986643,0.14670296155099094,0.1538404075193881,0.2294837938732663,0.21871523163305673,0.09591250111788122,0.2547504784466855,0.16268273332772726,0.17691916006305813,0.13922309328409563,0.21844652761458638,0.10360984534098243,0.14226534394162565
cgSYNK00112,0.8498499453399406,0.8717377673209106,0.8544867628638853,0.9742141433630604,0.8808472605407702,0.9425694268895874,0.9037000260201995,0.8503042058551807,0.8238496311159605,0.8810023327042341,0.9243033367246603,0.995,0.9627245748611413,0.8425931810377925,0.8387565494274183,0.8707209331120168,0.8407978972214706,0.8446975279681405,0.8947448139662808,0.7948805586253922,0.9296080751986419,0.8602674420685403,0.9349712475576701,0.8838145615051909,0.9433798678672395,0.8935205051126386,0.797868317312765,0.8097162832835338
cgSYNK00113,0.5678241483665804,0.5586709931487766,0.5705292249612386,0.5395215474376014,0.6328136384825787,0.55081357868204,0.7121067358013696,0.5740170792182182,0.5494407805146467,0.6092828593675943,0.5661102422643546,0.5697309463425877,0.5208140176480167,0.5012817680989784,0.6282270517538431,0.5908302190601474,0.5641046610800544,0.6232475592797545,0.5864744648188797,0.5325751637789374,0.5797304802346884,0.6192656295962682,0.5593649410293887,0.5371025747538787,0.6693989068253919,0.6114956987132428,0.5923923646781015,0.5504264159048108
cgSYNK00114,0.710021720896147,0.7207746083861739,0.6704803544918413,0.7139397881666595,0.7322917847040296,0.6200342635544672,0.7243564048046971,0.5899211035709645,0.7125673261761685,0.6140741060795339,0.665811148562433,0.6086206766772887,0.5844037516046611,0.6267356976940164,0.6759692466710046,0.6822250578210015,0.635170564400779,0.7105480225986363,0.6619796590324547,0.7284265096350842,0.5791825489784226,0.6580456668575361,0.5427550315664964,0.6526493752235955,0.6367125826736575,0.6250127115838761,0.6637941173661567,0.6780581675425392
cgSYNK00115,0.679926428104535,0.7637507962289252,0.8165304317060316,0.7191812965205462,0.7028432916610631,0.8716437140906627,0.7633400619456396,0.7712265534065027,0.8815723279504786,0.7775884246906013,0.8715467190541595,0.7673931279143391,0.8233715611186008,0.8197422995557911,0.8723638660709673,0.7177304252468523,0.7471348245041826,0.7298612030715361,0.8573254116066749,0.7878579134415146,0.9347582947533836,0.7317132935498104,0.8083090199314716,0.8061728105710071,0.7495734192472183,0.8687905414504823,0.8051247244675095,0.7977042078871691
cgSYNK00116,0.42907251607815555,0.4474798129313488,0.40352285814216593,0.29699712464702516,0.49588800106035724,0.35425240003389585,0.417646147318832,0.4227770900711217,0.5892518402618966,0.4105023123108466,0.3725559796945648,0.43457813379923477,0.34629638828806386,0.39197484510804903,0.34683676919781653,0.4582396454811723,0.5050199548374412,0.3149208772993206,0.41895619818778973,0.4441983008043752,0.3824875865883671,0.46838346156247335,0.4134769562250867,0.3947124106778803,0.49430104841683364,0.28883327529295355,0.5170725559313781,0.44324276775417953
cgSYNK00117,0.3728356085161176,0.4814179952057976,0.47992323353722427,0.5532685185528577,0.4802977198435351,0.5487115570422504,0.42365325754616806,0.4891615837971521,0.4464878295394382,0.5053414941093929,0.46530505658538485,0.4226865024097715,0.4397172270763572,0.414082331210462,0.5038014063844671,0.4135016687155232,0.4084861429731852,0.4784139298677849,0.40076818090841,0.4697052082913826,0.46131065856854886,0.44180494587783753,0.42774221598748297,0.4885699253632118,0.37243437692890946,0.451708513674436,0.438556892474664,0.4687663323713933
cgSYNK00118,0.5035788408868352,0.6667264975443036,0.5382243821488247,0.6310338325561273,0.6980910223527683,0.6150297854179825,0.7359882829798005,0.6372101213002213,0.7009955561439225,0.6640760864472379,0.6807747329056709,0.5670897358469547,0.5909181253592296,0.6531608113101298,0.6962079236745032,0.6979378688827529,0.778944689437777,0.7056371289645988,0.6434484818157669,0.6170769270597576,0.6399546172146015,0.644127543065411,0.6413511899490101,0.6191788354192291,0.6033909798909556,0.6979136800015077,0.5985760687782777,0.7144080233514014
cgSYNK00119,0.7415840208010204,0.7885908225166504,0.7412267491495546,0.760269136500466,0.7562914845071049,0.7211192415737346,0.8461642713147423,0.7099962690047894,0.8018945468273009,0.7767902875720676,0.8153447768460304,0.7759328915516055,0.8303583078693428,0.8640622418923756,0.7342631281998954,0.7209015391242701,0.794192809490864,0.8380851461219462,0.7438111091910322,0.7672480287246579,0.8397155585839204,0.7970292233494362,0.8372654062150119,0.782531617446381,0.7642147031824109,0.8182700137590633,0.790412334421459,0.7694610092450241
cgSYNK00120,0.7528354756644238,0.8164697137319884,0.7772174050141157,0.884836108319227,0.8299149612717942,0.924778157412756,0.8185162387658218,0.7741624223312409,0.8097523080263621,0.8784878657046128,0.8609854113398188,0.8081886053343577,0.8403416286527355,0.8583916180374196,0.8379580186039158,0.8990811915497663,0.8342542227987385,0.9160834550941078,0.8317838900282943,0.7672061265954265,0.8118005044802407,0.9050146692842307,0.9076323303234355,0.8907504745498827,0.7637551890249742,0.8529009805241335,0.8621460551591705,0.711481059047861
cgSYNK00121,0.10046778086933565,0.24636496504518327,0.16564098042456107,0.20494480566992035,0.3208117602992108,0.23708865345022515,0.2702441643928262,0.23257618956424966,0.314245592344628,0.1832375871551713,0.12166991365198689,0.16002231664797117,0.3169294931601609,0.2125333484214348,0.1767692331278478,0.289098823993106,0.23157239897219403,0.22991266305582023,0.2570059708651221,0.1826582344493758,0.2137679048072977,0.17747332384459313,0.2965504680994865,0.2863708359766489,0.19662607086935036,0.2112198760165841,0.2896511525336399,0.3646271315404431
cgSYNK00122,0.776195876271976,0.7087037306702169,0.768921833370914,0.8217002305287661,0.8277196502847611,0.9039130907671975,0.7904855675445691,0.8082124816909719,0.8414220486648308,0.7404551093009903,0.7836963471746211,0.8116680719241481,0.7839422976292558,0.7154719685881189,0.7516252744205443,0.8585325089200302,0.7601283919218935,0.7936791805059544,0.710106360613204,0.7080654527127195,0.8354728060816985,0.7465772378869693,0.8194318308812338,0.7612474372971432,0.7449364090635837,0.8358262605031442,0.7731529610358713,0.7846031151072527
cgSYNK00123,0.7435472136461825,0.7516886750235466,0.7854706154931643,0.8780448914322367,0.778868424934168,0.8661306504733504,0.8595287657353103,0.8177465192497204,0.8530575731801531,0.7728977391583985,0.7703044344877148,0.7640613298405668,0.7941418312853987,0.8260049848743404,0.7779512106858177,0.8747162201773302,0.7929948824060861,0.8523835379269437,0.7727391292516991,0.8715785615901672,0.776599211417117,0.8644663918663433,0.7766189175545762,0.7366081439680282,0.7486374102972347,0.8184944726582745,0.8365381329680783,0.7486373200185991
cgSYNK00124,0.6918019755422353,0.6745934016813218,0.7308392160744331,0.6162460598286076,0.71385660252902,0.680316637270756,0.6579169833595581,0.6374980859151216,0.6501136464436977,0.7809732198280108,0.6386618782941453,0.6968332287158505,0.7360088553884349,0.6642065785665195,0.6804921465670233,0.6408056567445981,0.711748241458273,0.6469758159628817,0.6861315346277151,0.6496739652598628,0.7616545951393168,0.6297168688244946,0.7162478452704087,0.7057280228442366,0.6876209878579946,0.7449691608825277,0.6708262659340137,0.7734160471094437
cgSYNK00125,0.6701999513859573,0.6795230851494715,0.6678349005020513,0.6664531459505598,0.679661281766208,0.7638118078284473,0.6905606136882538,0.723324171934497,0.7920284575426481,0.7889974104159825,0.6964208679194602,0.785779007907739,0.641257796331282,0.7323179960386482,0.7794256826453243,0.8140128901795525,0.7443668296977329,0.6674331870133593,0.7466029752931783,0.7447833562910511,0.8296084154656695,0.7521155284611099,0.6473534478164249,0.7624969654051678,0.7022171111582063,0.7397472820069767,0.712629840853166,0.8485445640628537
cgSYNK00126,0.23809352952925017,0.2680463325907374,0.1550530153385073,0.22826546735383213,0.3177612862569614,0.0648400125458039,0.1737598889927828,0.15877124443227264,0.2168308294333096,0.359222117150745,0.34940244400850407,0.24190475454493449,0.22429083665642766,0.272253654023923,0.29849014899535253,0.17523169681605474,0.30286950917975997,0.18271217439892262,0.29880258929121944,0.25347449277745676,0.1775548662246013,0.1801989180254798,0.16318980414487655,0.21877234630796502,0.16191329374282817,0.2338047672949479,0.1779217202412738,0.15835964806293487
cgSYNK00127,0.23479233285207002,0.21662182607521635,0.29219207057128965,0.21994149932901808,0.34850843774490464,0.23545689639437084,0.2507521218236379,0.2362431169842415,0.28805798135422755,0.27761648795503485,0.23105508962989257,0.24137940701259303,0.3125374752493283,0.2817163982763473,0.27719534151794545,0.302341312470861,0.225160195248833,0.29090697454756637,0.30223031444552273,0.10236040029495558,0.2447715135626089,0.3605878395217964,0.33957991227183426,0.30144381956718763,0.3210521513789123,0.2699317881647973,0.31820586979362814,0.2751946838385422
cgSYNK00128,0.72116975952587,0.8679658207390026,0.7873249497301875,0.8829412487524118,0.7807249536158799,0.8350221197551115,0.8215068879991428,0.8656173269465747,0.875599677034034,0.661027090152311,0.7455757400565381,0.9484970880442359,0.8234344000765716,0.7497667624700652,0.7968786307788263,0.6986819133472985,0.833310966972277,0.7247011584387046,0.7606609146455038,0.757021024380697,0.8635295690534892,0.6490454699654018,0.8178759355748458,0.7610975222565464,0.8086337282319987,0.8051554529820422,0.7120421389651836,0.7761079489096929
cgSYNK00129,0.17368118580111555,0.04989768031618054,0.2692951600103113,0.18246167343801706,0.1583335185649397,0.06647266826957918,0.14687335457663203,0.22809401920949413,0.10693013623987012,0.17675764090289797,0.13186912440935258,0.1331483447837104,0.2241854188665468,0.17572800556734394,0.19582185567691993,0.09111926551403884,0.17286048435545878,0.14085998704767994,0.16580060733932497,0.16880706351770786,0.19690725864165215,0.12727874834656672,0.17925318252040087,0.12851955113476649,0.08370194929611907,0.2020765113544229,0.10552275182431789,0.1911534294673516
cgSYNK00130,0.7954050450416341,0.8430884556415108,0.8424198997953601,0.7458625698381849,0.9041536544532179,0.7950092716289742,0.7812498986677405,0.8500029409888494,0.7601576259469282,0.814613444549671,0.8178859966090187,0.8213444477614517,0.875580354477784,0.7537933353916533,0.8715780495631839,0.8356438275426263,0.8454117468926104,0.8948143487694337,0.7200645939946704,0.8682388709562026,0.7865181169524906,0.8761101515369042,0.8009309486497681,0.854646644785984,0.8496253322501534,0.8041836726979369,0.8248835916752754,0.8987702959375039
cgSYNK00131,0.64127720322097,0.6358276765785784,0.5406527915544158,0.550462635436495,0.5625014629005062,0.5431425979840586,0.603805174927813,0.559593899942128,0.6168996978290542,0.4966715916649026,0.5952219259894808,0.46458817921324724,0.5309763550664254,0.6247099891640601,0.5463877137079511,0.6620746135508079,0.5508880508253736,0.4331299497037179,0.5287481486010386,0.5610457332562313,0.4923563562667838,0.5493312180561167,0.5119474427693377,0.5686902896598297,0.6356368392217661,0.627603605789442,0.5663665790836844,0.5624234625369623
cgSYNK00132,0.4662772064049128,0.4936506331403777,0.41222113917979764,0.4124734265347972,0.44217093966659826,0.42999080083862606,0.3814162489127774,0.35076590387247975,0.5008216821457254,0.3859323118113911,0.4306973581858186,0.47112582634773004,0.46098411251337146,0.4115971473000021,0.48867928045156833,0.4007676909104892,0.4347318969549995,0.43297704907508244,0.28881706812686564,0.4803418278560499,0.46120773600902903,0.4014387504968357,0.4340665698615612,0.4509273252751359,0.37014454161478916,0.465550654131419,0.428949440876652,0.4378171839585519
cgSYNK00133,0.6022288181960598,0.7578949198725486,0.6995072392572383,0.5769171574271619,0.6588176371461544,0.6620052776116846,0.6476391524520281,0.6545840095198004,0.7109466698734379,0.6615747729762433,0.6873228787339339,0.6362729455594707,0.6333573749627551,0.72144090249163,0.6569255159624221,0.7526791484956337,0.6954729128520383,0.6486831712813744,0.6280828126068946,0.6850956956765029,0.7002259383433619,0.7762898010936584,0.5990905684549158,0.7097837374421394,0.6864337810749179,0.6683806075969853,0.676142326554681,0.7205719396157314
cgSYNK00134,0.7320768853690365,0.8597321266618981,0.7767287809160314,0.9228968871545715,0.8321485671905441,0.7477102704671874,0.8165604296802014,0.8217824809870363,0.8424906019026946,0.8242889373243844,0.9326244976491919,0.7480937915234926,0.6984117773861365,0.8759522120540346,0.7514548725771875,0.7057088876269578,0.8455448089587358,0.8967182679479566,0.8020790813086704,0.8069888507857319,0.8824418523334654,0.8131315601966375,0.8455847414321528,0.7206368713316714,0.8136728565661833,0.867126522559811,0.7572688274554845,0.7848579658969445
cgSYNK00135,0.3507936421840324,0.4058691491787296,0.3939871146847536,0.22085186948014934,0.27866714314198054,0.25424464962953075,0.307326661909433,0.4510393394397378,0.3154947522493422,0.3854948987629872,0.3082229411446992,0.3477379157588121,0.28260405173376163,0.37249726027144003,0.32335921944751167,0.2722166627815221,0.2451314056565787,0.3556535825840493,0.32705564954193056,0.3034435261964346,0.3521623392503621,0.4122544037921505,0.27005675697245735,0.45985505570097057,0.4447052946108837,0.42370592688691006,0.2981256512945314,0.3644828118845146
cgSYNK00136,0.17634775774127837,0.17468761477448644,0.2056472528873739,0.2284940593536957,0.3980273549225318,0.21667183378814828,0.22382539352729464,0.23579276510157351,0.1506975086663924,0.17392550679561342,0.2955647441622456,0.2334927760219665,0.11615449946275164,0.19411906366994944,0.12204265453414695,0.2257944704659111,0.17640449930019064,0.32576806337883785,0.12460624931585638,0.187581375422917,0.3379932679922253,0.31697845811387215,0.22908586616803625,0.1910832228881187,0.15597447233387488,0.240889029837043,0.1821757579297265,0.14625733302159116
cgSYNK00137,0.29865482423204437,0.14341085884807445,0.30075466585909155,0.20495390290610227,0.2928185888927529,0.3376185746588849,0.20393623724969945,0.37363808601569903,0.3259845508313448,0.28288225955256724,0.2785278820367905,0.32076417194231005,0.3164446904981546,0.21242957340676089,0.24807690453238881,0.2421293674180326,0.22553055055362004,0.36280982721267496,0.18156820112386815,0.2525079603545878,0.2256730950104595,0.2649405819599278,0.3737846779316122,0.2801098352987211,0.3087133019455061,0.3141798326018532,0.3008062409222486,0.22857468168519574
cgSYNK00138,0.4155108564276547,0.49218842931993273,0.5769424910302563,0.45803008386192734,0.5461943214329655,0.5170247826359013,0.4804108062845757,0.5526925344427669,0.520134026864966,0.47039383705110943,0.4918628918974626,0.5446109288464716,0.5634109670186354,0.5645485310813476,0.5393550401162035,0.5388536398092497,0.4903959815362993,0.5638500489462869,0.5582266140266305,0.45045529628181435,0.643503605180231,0.5675125442571209,0.6022842338084894,0.4596928783474067,0.4546861032807342,0.5867940103340278,0.4994351368076212,0.5288464245007656
cgSYNK00139,0.23314395544459024,0.1847077065330115,0.2693548638337788,0.28123899645044315,0.21256189087664185,0.16616767297092436,0.23709350376325677,0.21643219008459783,0.23399252075353555,0.23793359018451005,0.23783492676490975,0.26449730710353053,0.25243904866827666,0.27775507654349213,0.2997578310190425,0.2695614231924325,0.20627618342547627,0.20512967524558287,0.1953485317299483,0.11976847112590092,0.19537222586118197,0.18192125622794514,0.26412976357153833,0.12351304241142186,0.2008576296840279,0.17988712341522425,0.2641809701521668,0.2447165564374242
cgSYNK00140,0.38894697088299884,0.4029369042760996,0.2803054266598781,0.34993428608956334,0.33571616677664506,0.40545070335249916,0.2428525862210212,0.24765748006087418,0.3313540005979743,0.44735926208094334,0.286986542908604,0.44160983476618176,0.3792183090565213,0.37558994474061924,0.41425940612739676,0.2681125682477904,0.38723275575098565,0.3016308589325246,0.41735209807937096,0.3149342409452502,0.31668818477547533,0.3164362339840005,0.38954420573416876,0.42253575377512603,0.369136811196286,0.4473146206134549,0.31972446836910834,0.4280166338244144
cgSYNK00141,0.456481806555201,0.5095090378944458,0.5693853204606705,0.44647018091844554,0.516939489085944,0.5902145651988017,0.5296848411117785,0.48447690945381544,0.5713946426480105,0.5301765828511418,0.5166911849182593,0.5156392000882816,0.45364189941095834,0.528036165611241,0.5185405980984809,0.4804518023952372,0.5932755344839828,0.5563017186784653,0.5955263609619758,0.5284951915547015,0.5584644777397867,0.5960497039904995,0.5403430922814222,0.6068278846233607,0.5603119281047724,0.5297175900619517,0.5761713357736534,0.5347748376909575
cgSYNK00142,0.8594059809944337,0.7777482425905299,0.7873108003494931,0.8425014281895454,0.7609744179521485,0.7360360067307439,0.8216228095338975,0.7651028089870225,0.7190354609602164,0.841238623134172,0.819914737027648,0.7209566472803155,0.7686685841525825,0.8284652375450056,0.7388603335825543,0.7110161830145421,0.8075239008402277,0.7088531629934323,0.6795155368570975,0.7772338705445582,0.7311861714876149,0.7911666183571123,0.6135746617521063,0.8365778294294817,0.7862468690890158,0.7374137982939405,0.7551541240013532,0.8500021441018565
cgSYNK00143,0.3642457636337349,0.3195185539303338,0.2986152817006052,0.31004394687995773,0.25633618767130484,0.2569124765805899,0.4156861947442727,0.25542552538579155,0.28322063328850455,0.31451210219228415,0.3597987597709257,0.28828885679508504,0.2570833440208535,0.3270745340463191,0.23426322125062504,0.3303673927570808,0.26299792436605707,0.2513183049072112,0.25818608904080026,0.312214549916198,0.3728629152140043,0.3603345552446657,0.35926813028778193,0.32653509920953516,0.30377700349742154,0.325622410044339,0.24509732670421358,0.18862871625632074
cgSYNK00144,0.7030778632456732,0.7645689928431307,0.6742108557777605,0.5979579945069157,0.6885928091310695,0.7799999346679596,0.7603877785239982,0.6843580564345374,0.7103522236832428,0.6325943935855691,0.654010874516794,0.6582610088757855,0.8084864657813045,0.6924985400460772,0.6846105143457206,0.7233114452630269,0.6571838937694451,0.7018237581031095,0.6882495604819874,0.7250908736161713,0.7511929096017921,0.6330002559509438,0.7077258452573775,0.8044379295795446,0.7306809571842647,0.6695016544447435,0.6739524494187147,0.5821443438259778
cgSYNK00145,0.523500881217501,0.35841107949098705,0.4819298493053393,0.33742522588000623,0.34666149184488904,0.3370315859735315,0.49047344929927744,0.35303648534349386,0.3848221925718258,0.38516152990503183,0.40580294268877987,0.3883448537609248,0.31846925644769253,0.2972981132085453,0.5025584211865932,0.4785524557848533,0.4541887087116239,0.4518492034889333,0.4265192043943853,0.3953680018538329,0.44178835404672856,0.43924514141193305,0.5242278494791017,0.3398654147594988,0.4175364618448997,0.49587275245645557,0.4452111158941008,0.41503764606403254
cgSYNK00146,0.5860522797225273,0.5178881128209428,0.5569497308325898,0.4542092164177828,0.5609897304162478,0.48841761561119734,0.5825425915827238,0.5135270097469643,0.46934848915015587,0.5021568771053715,0.6222275797047503,0.5215323248536445,0.5019302988798761,0.6305382531365128,0.5198152191805002,0.5325077207913679,0.5395590805737671,0.6524860159653372,0.6853539210380134,0.4671637960211817,0.5467732560112342,0.6092986542847215,0.5270416075632514,0.5164013709487293,0.5952410205780793,0.5266400411674237,0.670676147706776,0.5888912785662553
cgSYNK00147,0.6305330907736331,0.5936151453307748,0.6813850385068405,0.6435647133000599,0.7639025155723762,0.686564698733744,0.6523216075723216,0.6956861389127557,0.6903961386329127,0.6524815319888211,0.5879493439621524,0.5931956970946601,0.6859168593503773,0.7210958142564118,0.6362194181557818,0.6786097197773521,0.7549018572693806,0.7091894305566491,0.571871907562533,0.7107080154829817,0.6710827098106713,0.6155536892340467,0.6466283119546112,0.6159152572575515,0.5578615453722021,0.6190045246436925,0.5860279262913838,0.7336446409262731
cgSYNK00148,0.32691673013617994,0.19507752294047628,0.21019486961542538,0.1805982613196086,0.16202742090435357,0.26778438060414567,0.23505812840220178,0.29416406506380194,0.1908615026855366,0.19739230311493683,0.172671968012714,0.2803109302152205,0.28354496843075416,0.27935611033306107,0.1972661112492428,0.29590148163673313,0.21816997695367998,0.3473129633736724,0.3030529903187919,0.25983063987283406,0.24735822750458403,0.12505824569309112,0.11833456005897021,0.17620564403053623,0.2995155444650598,0.2980606366056672,0.32369796040390814,0.21230710929750607
cgSYNK00149,0.3757385879217271,0.17335418968814553,0.33112488003836277,0.33024887879841364,0.2268278098560817,0.3082318909155561,0.2863086370756728,0.41956192467930487,0.30394507847426305,0.3423407074787374,0.4330370508713918,0.35560925359756784,0.33363212760486743,0.3331685895529066,0.35124848280233806,0.32080531284620084,0.3273234443093558,0.4074410704814797,0.23524444443804218,0.4487976800567014,0.3231923448507984,0.3036608127244554,0.3524654821019925,0.28321189666287516,0.28308208309899685,0.30677482049370597,0.34516882947142646,0.4429635577331316
cgSYNK00150,0.4595231816400358,0.4573588736147584,0.41121583332262795,0.4865491415639459,0.4769810117971274,0.43152146512894995,0.5283848638857298,0.512562135197865,0.4592425658902394,0.5535900960331929,0.3861076112688407,0.5081898199794168,0.40288011473745655,0.4436586996787495,0.41347855246553317,0.43327239370540954,0.4020539870721268,0.46729960850506097,0.4642887245044167,0.4753913425975199,0.4979726549958916,0.40434320949017144,0.45523975625020874,0.41152611093020447,0.3847849577224882,0.4343124756719109,0.40205805572819014,0.41467783440356504
cgSYNK00151,0.4391451572563043,0.4861931302536035,0.502066763143943,0.46396683930027127,0.5032730777040466,0.579307775840283,0.5599398467637443,0.5142297197271489,0.4595096281085422,0.4902672676644049,0.49261223905011764,0.471646857832726,0.43680433637621846,0.6567945325116141,0.5002705162007693,0.5967831826781854,0.4690496558907357,0.5449083284508421,0.49375842048798674,0.5430550082287697,0.4191941814559324,0.4377032344560018,0.5210777547535362,0.5095969127586836,0.547191821729401,0.5140680967268075,0.4548445130943422,0.4934460318446424
cgSYNK00152,0.7023719783734534,0.7000976804972662,0.7760900499561905,0.6538211222519534,0.7267528848534236,0.7739654575900169,0.7260947483789438,0.662475462747378,0.6864766326210457,0.6789681179874032,0.6631932591650904,0.7384485704850763,0.7100892782344035,0.7248413999460318,0.6885424961963815,0.6638532933422149,0.7016295694269856,0.7232030405909592,0.7063630707068428,0.6938731561053597,0.6853632463596366,0.7081110852039795,0.7816276675584996,0.7253785204307475,0.7507660340299687,0.7542958285648982,0.6974823584718205,0.6293795002136796
cgSYNK00153,0.6011298808184516,0.6099502177984542,0.47020675068286844,0.492102313596474,0.5890445760418928,0.6931880450575351,0.5902443809764244,0.5430212004994311,0.46159938278112617,0.6048453697522682,0.5551221214107398,0.5494615561652748,0.5771353491971039,0.5342687038350168,0.5843092872137556,0.5373938714723977,0.662102078772614,0.5331218305721018,0.5335501759170175,0.5578893866412071,0.6008971147206876,0.5195844177918205,0.5615354895844111,0.5820179169539857,0.5736738666780015,0.5381704361871272,0.6571641644231919,0.5641224942877281
cgSYNK00154,0.7595649922153546,0.7410284809115735,0.8403792087433235,0.7872039619165736,0.7675215923593424,0.712619419473401,0.8381218866197155,0.8371243993807259,0.7483848421494206,0.7183001847730301,0.8089250095948319,0.7763625271791217,0.7112399074163462,0.7852647512831338,0.7597059821587987,0.7813512788663176,0.7503592596442864,0.815160572438404,0.6872771372111188,0.8119350925712722,0.8526349867232048,0.6761310543969915,0.6988882967627448,0.7000860276198723,0.7539885170546051,0.8761883864715732,0.7412319565024329,0.7231773968575503
cgSYNK00155,0.8462757652235412,0.879116438692773,0.9054014102220095,0.9155938935851353,0.8243109395078376,0.868657963271856,0.7555350422611798,0.8134034746427687,0.7402345476682528,0.8441933604696841,0.8697521765149988,0.8313686937820768,0.8702669107082048,0.8261779980356327,0.8398048321531126,0.8437262695196972,0.8434160159573452,0.932367055488343,0.8188086545487755,0.9720334099736727,0.8099083698587037,0.8684112819830805,0.9077117347744406,0.8053310226238501,0.8904100357650239,0.7929850765775133,0.8026803991747122,0.8622309518931079
cgSYNK00156,0.6796803777366958,0.6995176567027451,0.6716821310515146,0.5966104949583252,0.6234383576805856,0.6287905812907747,0.6075924096004656,0.6772815500822724,0.6303513334945829,0.7567573042227904,0.6510035168958169,0.6612193011583822,0.5504965724747314,0.6851629357632336,0.63287113393731,0.7049411942208329,0.7050790087173338,0.6947501918982893,0.5850306348579657,0.672510272552743,0.6922545223858975,0.6754711246669862,0.6414696901669599,0.6356803559977763,0.6550119518986812,0.7202762856417653,0.6968033668958618,0.7383996223589954
cgSYNK00157,0.48178564903802235,0.5289204205736519,0.5304866354815863,0.5269069579804552,0.547359493155772,0.5003574754053073,0.47803182819993534,0.4886023331904288,0.5425785465196982,0.5567349287041787,0.5290893747592522,0.5737871492818578,0.5700598301409899,0.4849144533655568,0.46467949159185584,0.4950000348273343,0.5909161022133056,0.5108449566213528,0.5303913506171853,0.6067811677812742,0.5802045443643846,0.5668658292984944,0.591938018912448,0.5089009125557425,0.5763796375060671,0.5422419148116603,0.44903343144550967,0.6423213294307422
cgSYNK00158,0.6952317237095984,0.739424039059938,0.7043711304538182,0.7428188780752425,0.6828498607334351,0.8104887952859039,0.6555300136112836,0.6300134406397004,0.7281923857322994,0.6251249794411474,0.665497318291225,0.642006323295323,0.6591753380338772,0.7059227848626992,0.7562587698623979,0.5630075081649829,0.7840881612798214,0.699011405146971,0.6926552415928782,0.7640349580090603,0.7066540377588686,0.57478971006883,0.6650514085827781,0.7730928261312806,0.6554206040897547,0.5861257961909523,0.6896076592740243,0.6940004242778255
cgSYNK00159,0.49756260322457796,0.4963066392597947,0.6456226034347746,0.6356044982856601,0.5272073212779605,0.5537739188103173,0.5126645301231887,0.5612745210646242,0.4512692239318864,0.5492253494270455,0.5598594624065936,0.5710458511438363,0.5737974322699199,0.5936658021880693,0.5794820050025432,0.4112622731638105,0.4702041027158392,0.5590929519234743,0.6354225590876227,0.41297731835453344,0.6136290248722572,0.5891220808105997,0.569117236888021,0.546569341069048,0.5878640989298904,0.5989823369105176,0.5528401939996828,0.5637207340005237
cgSYNK00160,0.14329717371287104,0.13961622089578113,0.07806961088811003,0.03086806137778178,0.09681045961738802,0.014057221370172054,0.08672239447590244,0.18609550410665024,0.06990967453201413,0.15140123503508457,0.06293370601015608,0.10932233689446756,0.10350501549867785,0.12058125864746043,0.11885524220277388,0.005,0.09072789854191979,0.12346039720724766,0.1297454432230511,0.08048320912311414,0.04443353556256958,0.1277347761921095,0.05717978802883516,0.14436344288200373,0.2390297590136583,0.03652329380214801,0.11878341260346104,0.09987729854039235
cgSYNK00161,0.3087793511000143,0.3830468235161162,0.4060968524092922,0.37281714167662267,0.39750221599141633,0.4608673203462307,0.37229522123113745,0.4498093968582307,0.36194399384668363,0.3777226506893076,0.2462429929460735,0.40025357405464446,0.330862069860985,0.4265946843910216,0.4113918540518825,0.4124223587718743,0.38685333623314966,0.30366227080409536,0.36839803714172786,0.3756357416069679,0.37172767333291556,0.4151825850461418,0.37634829707668754,0.3424139688146435,0.28220043406416506,0.38461902069554177,0.33213305373962115,0.47611368390856135
cgSYNK00162,0.33057545150277967,0.5037801829358877,0.5092292369458025,0.3703623668626764,0.49401057876003573,0.3990594021398473,0.4175687775160572,0.49721879343266273,0.46689091015707224,0.37037228148208556,0.4024189087004206,0.49935545052686753,0.47835166092742154,0.40359905072534746,0.3947499906553906,0.47969377489500237,0.4862196220494796,0.46959065344523465,0.42901727984629945,0.45421728645835874,0.29333077636764626,0.4861562471361339,0.4437965234180554,0.4770610884555257,0.509671203349123,0.5466022477814239,0.43379091489422267,0.42518328066184036
cgSYNK00163,0.749814298544723,0.8041913061603518,0.6559958512008762,0.6987061322561793,0.7585257627942944,0.7020495961151229,0.7989475538047777,0.6497775776210224,0.737725372215549,0.7890220984772824,0.6872670906750251,0.7993235292207133,0.6704243726313062,0.8495209940988396,0.803183369230755,0.7684098821025639,0.7055532727052817,0.8442818652798989,0.7963771017318161,0.7877446225573738,0.7675289612296442,0.8020944435221101,0.7394707463374947,0.7507283404426023,0.7178172212993467,0.7495034903210728,0.7831333500053902,0.7350178109558269
cgSYNK00164,0.46296197554327123,0.6126425163467379,0.6186049196329229,0.5584985997420383,0.6241323197804748,0.5713331742334493,0.6781577392950866,0.6354359482700005,0.6211191083429515,0.5720529712495246,0.5434093297771537,0.4069773465223062,0.5390138678171853,0.5263187191973466,0.578925994918306,0.6780460351794854,0.6356790859111093,0.5570779460440335,0.5587573823168169,0.6137134063875843,0.671237104483938,0.5361999705680051,0.6144086845768417,0.5864947933067144,0.5634907059029098,0.5922292265676877,0.6284825503907516,0.5342183491991063
cgSYNK00165,0.7778415024706578,0.7758409063806608,0.7554225098592336,0.772470986716271,0.7363004504719775,0.7539130843138696,0.7369848049240196,0.7886858643023316,0.6854203614130949,0.8218311261438845,0.7350776822825102,0.8829013392629637,0.7145343351552428,0.7292369964223593,0.8251094797054834,0.6231813588225804,0.778720732234821,0.7444014077880022,0.753273145503152,0.6839653174290443,0.7619986900833178,0.7484286158914528,0.7488138938462563,0.6456430573679539,0.8153443465502334,0.8568539444484471,0.6971671686715851,0.7096570776335273
cgSYNK00166,0.4555418922861598,0.4592192048087531,0.44860870819388277,0.48840093538198504,0.479580157441933,0.4790040442300268,0.5000566239677525,0.38954982944980293,0.5001291458389547,0.4543437511491637,0.3744138719177276,0.38783866372428477,0.48172577001090827,0.4375631504590348,0.3609507576522981,0.41612116397893295,0.47495585589759515,0.4316767531332868,0.41985937493226355,0.38086714183846526,0.5056053160139494,0.5193161467534448,0.4629056374672984,0.4153583343056832,0.5421647411369283,0.40187434901199814,0.406792390026898,0.45507230603697174
cgSYNK00167,0.37334121616456406,0.2183147667483457,0.35710191931646434,0.34145440204297217,0.2633344258624396,0.24296310801981974,0.21505495861057639,0.27659286815299894,0.31640022279979063,0.22600258793451405,0.25265965155425474,0.3899666022408247,0.20640103405376412,0.21115479504280976,0.3403159072187295,0.36630824344344587,0.34420595169182594,0.361281475895852,0.257636265082415,0.30875104152453176,0.36135368928121225,0.30547687546415436,0.2989202411623416,0.48193034005633484,0.2701306867428083,0.24859526430160667,0.27740580184424213,0.28453942185898046
cgSYNK00168,0.6281506511274524,0.6327490824710208,0.5700911021911121,0.5836587820358816,0.5384141299143784,0.6050570785638629,0.5724079188324371,0.6119221003037137,0.5125494948845495,0.640326085718866,0.42880285478893493,0.6130848563967433,0.6229209341604174,0.6476819787943295,0.5366296161227933,0.5934692463857503,0.634696878066853,0.6204920585965533,0.5618557949107054,0.571348795927987,0.6366995567155356,0.5477475764789639,0.5689368021027694,0.5568256425024206,0.4198325607339029,0.5709608699458537,0.6517651987339557,0.5137909536634085
cgSYNK00169,0.28932472130882747,0.34690035378700596,0.3034659525486563,0.27265462929895135,0.373468606689674,0.2224318719433576,0.3249377451260099,0.26532618723399215,0.33321722447382246,0.22794652347055316,0.35501079971587185,0.31430625517217164,0.3239484773205481,0.39270765325885504,0.37246452286137766,0.3278629568347981,0.3276183530045489,0.3104749759302443,0.3086651741519716,0.16166442693941507,0.34898625911135506,0.3312288814036745,0.23118233602583058,0.3386909976817936,0.3063861162426476,0.3753009290978914,0.3211227200418617,0.40777449595984044
cgSYNK00170,0.2960101406623439,0.32793965421963667,0.39020102182093125,0.3747877813607371,0.2918597976657632,0.39571451159905363,0.3909404564955797,0.4158701062043515,0.3670833367856734,0.44736614219822357,0.25856081509427775,0.36273051865585143,0.34401071153318596,0.34273645393592395,0.32492449293903336,0.4121156301647992,0.35933981848513263,0.4186809351049722,0.37770623036579676,0.3117067963968094,0.38312431645873063,0.37390890033680413,0.41874209149190006,0.3634634400503475,0.45795229145711547,0.34611020989778346,0.4124543527708727,0.29241468970596246
cgSYNK00171,0.7028858543668528,0.7683724941656693,0.7797839012363204,0.7983733414409613,0.8658366288192635,0.734917126854423,0.7791556780966502,0.7670984143671554,0.6344500148242169,0.7764515583967495,0.7521275628266971,0.8104529364957502,0.819948166100085,0.777364837464637,0.7046305978830562,0.797727410671268,0.8020552247739713,0.7647742254288095,0.7405305263083628,0.8247862151644573,0.8047935254118789,0.8462086820000105,0.7011861082846425,0.7287468062934238,0.7834358929740868,0.8739669339451936,0.7567194963200712,0.7619835755831577
cgSYNK00172,0.7393204381142453,0.6190538501629061,0.7128916961962823,0.6462559760798436,0.7441162493041437,0.669284793250385,0.6455288278901172,0.5681884087334783,0.5987623916251096,0.6331339725460653,0.6405950485920859,0.6499148381702018,0.6810080617829888,0.6430721540021914,0.7275293111960792,0.6174889861098714,0.6952857040396629,0.6911193216355276,0.700343576675418,0.7236194939443635,0.727356481326138,0.7329694153515799,0.5939255066111135,0.596384372497375,0.7325828211722254,0.6464669965809288,0.6728095844297892,0.7929162725671273
cgSYNK00173,0.4683553002531634,0.46013944412630514,0.4870541536291384,0.6009201149722575,0.4530338286917187,0.5376902129832394,0.3885807416071745,0.46929927685515116,0.46620318215157935,0.47765577324200476,0.4454749963553688,0.5552094703734862,0.4642577652411195,0.463612496589736,0.47434696680358507,0.44079232162996856,0.47685721368303324,0.4539662578570631,0.46940642196146326,0.4024261502521057,0.5155033766239233,0.4345051669928332,0.4745263271779625,0.4454665711154655,0.4177139624577169,0.4660264823600794,0.47578771914842943,0.35038608795043247
cgSYNK00174,0.3725789184075753,0.37394769243594794,0.33040638742651457,0.3978652011797107,0.42015247559157864,0.4992958651376083,0.4599246758144884,0.5046950968747449,0.34589824179625667,0.42635422182725763,0.5607408980482096,0.5140047930263674,0.4748560170488468,0.5167452536504858,0.4887029909554025,0.44139565345529813,0.3786597599157474,0.49812313335133146,0.5072492823263682,0.5186856076236497,0.45056602047896743,0.4301202195659765,0.4217359294497661,0.37723730099710073,0.46653803393018617,0.4618543811520039,0.537290160273217,0.4379575825622827
cgSYNK00175,0.34741745699477683,0.3324136541053892,0.3267998913264025,0.3163452403580181,0.24502538290288264,0.3451092911430299,0.2844510872342335,0.2644279153415581,0.22870296377016885,0.22987165747269372,0.20996450222000707,0.2401418241678712,0.3177001836560989,0.3058006281592676,0.26589419865613234,0.23876837345442628,0.26177630663825974,0.3726807950355134,0.2957500937996141,0.3198378102744863,0.3197795155901489,0.2564637759077407,0.2249686221719825,0.3270308795919902,0.36332346215902656,0.3122360043070467,0.34000073463027014,0.17459943949288437
cgSYNK00176,0.18869044679992295,0.1423318531408897,0.0736362420586223,0.15883044901801252,0.15706882995860158,0.06578365755806298,0.18210002014790466,0.08619348804732044,0.18232735123715685,0.05174903196208995,0.09961135572860766,0.12732851852788288,0.11594735438053577,0.1293625373047735,0.16114223954515977,0.15040916890176784,0.1997188564549571,0.2823262182980161,0.12168283071564757,0.06219585071523823,0.15009047719747973,0.1539001722443351,0.0664645093239578,0.1699988994646245,0.14559980177192766,0.07856179166695669,0.16083942086922767,0.005
cgSYNK00177,0.37410714498658776,0.2806686986167661,0.28204135889019327,0.403328202840667,0.36879870359375405,0.28404630151803234,0.18501641658153117,0.3116998251792264,0.370494407583805,0.2933811663258422,0.3605680812984345,0.35641196442356876,0.31914295104003476,0.2918452453419662,0.3136472878317421,0.2946074248836887,0.17613243040129758,0.3180939122878257,0.27109739850539205,0.2842431286077983,0.34472191814038744,0.22095916471073945,0.3422870776186403,0.31080873697832045,0.33203557941770634,0.23081233349482405,0.3730175090774994,0.37618426848315445
cgSYNK00178,0.1261563844667837,0.197416610290108,0.23260600867330022,0.014098982774375726,0.12367627973452937,0.09604919564815638,0.060672552400783196,0.06284170047289425,0.005,0.0776440957202806,0.07896202366845545,0.12244048750720445,0.11074706365414567,0.19346337131388658,0.15427354011565797,0.0676030719030567,0.1650241867388249,0.005,0.04905050491524303,0.07034570219418587,0.07772337042971941,0.13678687376174398,0.12675191677812922,0.10564460483295714,0.1333503022922855,0.005,0.13291528171018308,0.06547795896832415
cgSYNK00179,0.687391351775543,0.6498252714552566,0.7142797288037601,0.6464626497168247,0.6875104475656338,0.6972753438590887,0.6128210387028368,0.8031569606144906,0.6976458101617207,0.7046515534844101,0.7293402846108467,0.5974735393267779,0.6993631051057324,0.7126641435030033,0.7841960709476773,0.8031256588159799,0.8010615679480292,0.6514564989917847,0.748266735066959,0.6610912646726119,0.691933061934496,0.7286057547616184,0.7710681572437145,0.6377387934110726,0.6571447755604755,0.7711851286603743,0.7271428854799535,0.7161799716237491
cgSYNK00180,0.4803231822148785,0.6407387215133277,0.5447833432211551,0.6020487952925091,0.5992113623801579,0.6437151913149441,0.6848930984660073,0.5475861830958059,0.6474822787769516,0.6336427265362468,0.6890298550170023,0.6505885518616095,0.6508954394011828,0.6454814719119568,0.6025229858135775,0.617955438820988,0.5735100948157409,0.6159029772220382,0.6657369924883949,0.601751595271216,0.6801262847252105,0.5881666612386673,0.5682413267936304,0.598278612414005,0.6083162562854291,0.5320688817216703,0.6014865241782825,0.6445374845230182
cgSYNK00181,0.7121018353400346,0.7113169952417046,0.7270577166064672,0.7143690298984136,0.7775818136453722,0.8109885621884051,0.7937095066878788,0.7671818344886673,0.7542694461568211,0.8342426046010456,0.7612336356809478,0.7678139910818784,0.7255674603932691,0.7638420801690442,0.6861887150779745,0.8165893367884909,0.6630987275476848,0.709320462434744,0.6721597052598629,0.8282937616380311,0.7452435350967862,0.8092541602175878,0.7735654112886935,0.7182912073994386,0.771746348197921,0.7240741344832099,0.7574172055795023,0.8316464249591073
cgSYNK00182,0.2725489208619323,0.34313950733900056,0.34867706423408373,0.3042919035296058,0.31606271594917834,0.2574738665703193,0.10442677354490962,0.2616378818270455,0.3481946575575179,0.24554598143657835,0.24400265891901,0.2875677568712679,0.1282881111917026,0.32545785289408147,0.35211591677098936,0.24976927523795434,0.2898168312687248,0.30574708686289487,0.1757906435711203,0.16292857073663064,0.2547348018099218,0.2508545316265543,0.2524214659582711,0.27055330309917314,0.2865270257002614,0.318780094876316,0.24180669887892253,0.21397724500260712
cgSYNK00183,0.1968930569809557,0.30362347104593285,0.2268600065282398,0.26569672131359484,0.15074590134449461,0.08633713236024397,0.11176009935145394,0.19610887064547552,0.07245486492954512,0.2536384486774672,0.21873315223180637,0.27111481340204485,0.27684347351429955,0.28904559218254466,0.16522005646150867,0.24939093428144504,0.19469048204395828,0.21703509699975823,0.17209976996403487,0.26798566091824166,0.2330801356852161,0.13466341688869768,0.25319883564933277,0.15609045728307686,0.16358714858188025,0.13986506489506348,0.19188771171989652,0.2564605935118266
cgSYNK00184,0.2566468059276807,0.10994081310834708,0.11455356940637396,0.24716167006279333,0.12124103559039057,0.11352936746642088,0.2085264828707782,0.15145087846005173,0.1220786688847681,0.1790260805429458,0.10023099048787881,0.1408456756199434,0.17182922032426504,0.1930313652633383,0.17683148784699074,0.16244027161789498,0.19715809867605616,0.21279294736083423,0.09558047608619169,0.17167823618161368,0.21361758204903025,0.1762508493353816,0.25143079267583057,0.16203518578145698,0.10399619793238812,0.1148909800925588,0.1244462573576289,0.12153885137759732
cgSYNK00185,0.5706981921891233,0.529847322240758,0.5774183271335743,0.5584492215771508,0.5664121020795556,0.5025344965367241,0.48611572167206274,0.5237818333743204,0.5250738949138951,0.4698776455756877,0.3940780416071034,0.5205398574746728,0.510642850292966,0.4609579713768896,0.5784625070744964,0.515743683579821,0.629739576451031,0.4939529469769809,0.5097594070241707,0.5205986179801457,0.5315896392828866,0.5934216759260118,0.5060573939827854,0.5116142126251729,0.6056757830182218,0.5495691244779329,0.5469997541423816,0.45959469173217726
cgSYNK00186,0.02701039939021678,0.08594219116905247,0.14735684721311312,0.09165237122091534,0.05117344427283499,0.18078499727835534,0.0718957209787954,0.15836802344803602,0.03777598128657786,0.1473994964103305,0.08506555233199214,0.12504970341317828,0.04253047042545931,0.16461688241523412,0.017867869237899778,0.11845698771489156,0.10875989269225639,0.1773767945674394,0.11267743950367426,0.09349809378577534,0.12295602191455289,0.12848996293935988,0.08248319145538058,0.2027799379493163,0.0908927305767328,0.28862451051600213,0.17303659308223546,0.09327017129676266
cgSYNK00187,0.17526239570545518,0.22245193911605254,0.16990201119693812,0.1574463275228815,0.1734794744218557,0.24210188515528386,0.2402562591916083,0.26307470593323573,0.16873304366233632,0.24826146272967578,0.2319754874371211,0.2512566065301934,0.2645831913635769,0.19137990344846706,0.15073854552467397,0.19995451445597398,0.24412056256199863,0.2930678669819472,0.18219470020977774,0.16272316512022508,0.17662948601167605,0.2258667576479377,0.1435893269553567,0.2441190805771162,0.20598914546947897,0.21482770202096346,0.13659989761066219,0.21524450576367393
cgSYNK00188,0.4597640917925621,0.3302351256401564,0.34316595569389136,0.4355185253973779,0.37205198306340403,0.46671854173885213,0.3926535817120783,0.375155983139526,0.4631124953229044,0.357398742657393,0.47934616377252515,0.48691463389081824,0.4018739095235729,0.43897366575428914,0.47838910172406485,0.4382618057806091,0.41533235995807627,0.42067002587875635,0.4473633609547848,0.47740931563754757,0.4290882417310449,0.36166774831543025,0.35486904357113785,0.3932642785353365,0.4282524010712186,0.39369816684066344,0.47740213219140754,0.39011643964211196
cgSYNK00189,0.28586396092092764,0.37611063229624553,0.4222651347816123,0.3703158757055022,0.30521155183291393,0.3118927192217593,0.4492638483364979,0.3869026213610868,0.3558794062703331,0.32747155429172614,0.3321382030974633,0.3176300436936199,0.3805120639826614,0.3701831181752791,0.42404702514568726,0.4252815292370409,0.32051766824718375,0.3504540291459175,0.3055523683960474,0.40982978464270353,0.2475111443202574,0.3580081408046703,0.41165592342499746,0.3821870106993275,0.453874424649455,0.3841803517541549,0.3424907613119731,0.4173855675610531
cgSYNK00190,0.8072472686293393,0.6216957886473782,0.7636284494459703,0.6926522206990255,0.7395884559045193,0.7329845966785435,0.6422063993324385,0.6446894623535022,0.821081549807187,0.7815633858740566,0.6645214580759768,0.7002298469391828,0.6711463243759953,0.6269168494439255,0.8362698332543659,0.8578714716829975,0.7322597463684537,0.7726002673813921,0.8471297636927928,0.7419141388699305,0.6702948608361379,0.7138258120126126,0.7325985077266085,0.83415989835165,0.7420758185666967,0.6450622071552613,0.6917002975231019,0.765532868714459
cgSYNK00191,0.47024377503032233,0.44364795754357844,0.4960606066556228,0.49461075830611206,0.4892387063857583,0.4494293599744032,0.5178088069719201,0.4447518093499163,0.458065286143172,0.44978364422285544,0.460968192128472,0.5978691336931697,0.5449521689006332,0.4706134653913671,0.43663537957933407,0.4912963390532554,0.5499223562120009,0.48153658082389483,0.4003707037618134,0.5637129484389258,0.44016379694919666,0.5757775514304277,0.39426394616359983,0.4237769998683999,0.4562009987916067,0.46871748546025177,0.4450830377774859,0.49664938374813233
cgSYNK00192,0.18713221571999616,0.1754097946446053,0.09474078923467032,0.11541117135804685,0.05319830286134471,0.12652928909280556,0.10535516133648778,0.005,0.2037537896041609,0.1322867896771634,0.2143950949965447,0.10348717480566284,0.13139848617782013,0.1354076301930251,0.11976741593712438,0.11985373119601532,0.10960814857415219,0.005,0.11066109728529043,0.10346599510501765,0.005,0.08243255388079272,0.1412786960029997,0.005591272015861071,0.13554502786059877,0.07020220276356937,0.10960352263034151,0.06561443031083843
cgSYNK00193,0.3044962726584812,0.33607647758901243,0.3147953941638093,0.32331575020708686,0.2733379383670901,0.28240159613439075,0.23928805077723997,0.31314109870825346,0.2604458711436318,0.33250216768431745,0.3281185896324608,0.3601160621346046,0.2667198987463877,0.26783190426927556,0.23958565838104418,0.2854628686742151,0.3577413288879696,0.2772586588529057,0.23067929542644255,0.2198627109450658,0.37840365337685,0.279868587510863,0.3470697903444975,0.3063951601532671,0.2772952161904647,0.27676100465996956,0.28625190358369296,0.26249853789659666
cgSYNK00194,0.659322893118628,0.8180259601500506,0.786561167989579,0.8308897852766387,0.8033014912544257,0.8380037537339899,0.6982370781354155,0.8616324882143572,0.677563192431457,0.8782143862821091,0.7483627199883903,0.6801846295131359,0.7950954004283499,0.7868663104222894,0.7458584124369797,0.8260448998302341,0.8341942900397352,0.7831976769757311,0.7926978050674528,0.8658898498995068,0.8061161534331804,0.7142233922639588,0.8106685404363044,0.7591344693714677,0.7087714675676443,0.770633433149212,0.6331106444736951,0.7429319150128717
cgSYNK00195,0.7370158687173929,0.5753546478078277,0.6728887666779826,0.706397624957291,0.7099741204096605,0.5464964642872907,0.6619019152075408,0.6196055710499346,0.6375424071503722,0.6991917903806921,0.6656589182599663,0.5903871873827162,0.7292731683412119,0.6762331407466587,0.7107475994767177,0.7536302379102422,0.5881244500244757,0.7738299164693083,0.6441669128753509,0.7039279503477777,0.6687941378194338,0.6910169185705423,0.684722053348194,0.6263598175948663,0.6305738767441175,0.7386420509998525,0.6413833272446318,0.6170780133252576
cgSYNK00196,0.8634032902907366,0.8717947944162104,0.7549632440726796,0.8423870213415846,0.8939574332234729,0.8825948012582853,0.8870306228681816,0.8432336480011091,0.8393351842462919,0.8580937702469278,0.8875515747471142,0.8640044471320727,0.8752461780429905,0.7496000403211137,0.7826898095684665,0.9109673224944167,0.8367790906031827,0.819211337234969,0.9165658062241189,0.8810764422389815,0.8814818798517654,0.8853234149406247,0.8413361171922845,0.7701970654530359,0.764709148306823,0.9043640022371999,0.9174032125074197,0.8255965916099004
cgSYNK00197,0.4743400117191272,0.5952179744044411,0.5302999639924938,0.472963290487728,0.5727091187744261,0.517446546063662,0.5599162380832938,0.5141789204134019,0.46883626490275765,0.594174155330231,0.5530505939877858,0.5514260501951522,0.5525428907115054,0.452807290998439,0.6173453459520553,0.5459149277198778,0.5976497722040549,0.6216986894383241,0.5073366163904611,0.5428657642881796,0.5155588009965215,0.5189106798984146,0.5032425388721493,0.5919780349049568,0.5892053537669193,0.4813944772059381,0.5882501724263189,0.6624137438370815
cgSYNK00198,0.90409442525115,0.8680907268289447,0.8116940966044955,0.8623945729303728,0.883210254579321,0.9187927731161084,0.8095809330845601,0.8498544370148415,0.8289424801597992,0.7847780792083486,0.9744487704130814,0.9827487492528755,0.8422296618450548,0.930075786149649,0.8960136204216052,0.8377826447049935,0.880827279412156,0.8611635388778706,0.8609586550287976,0.9166707250189581,0.9542958956846088,0.8968577395273754,0.8105771368686981,0.8745786159862895,0.8834322174479208,0.8265894822449502,0.8818923558534861,0.8233326422917464
cgSYNK00199,0.558091144366265,0.48629737879202867,0.48445134371142284,0.5991918656013662,0.4578365061796009,0.47994149065095626,0.5421710407604575,0.46722623990549134,0.5348608576502171,0.41050673248389813,0.4718626591324227,0.4242009932645519,0.5253788952882944,0.42629978371682536,0.3875167206780265,0.4861356851263064,0.4233635588099003,0.5076054414463846,0.4587754433489933,0.43780180693322884,0.4853894947642333,0.46782509609444617,0.41334288136305686,0.36052411565158654,0.4669204059838003,0.6011161030054304,0.39816264978853705,0.5307608007332055
cgSYNK00200,0.528839407512444,0.5619108802935098,0.5951305599396395,0.5081904869935373,0.588558695252285,0.5252082700424592,0.6020969435656849,0.5823680277624698,0.5768960901099156,0.5937970197396517,0.5669508028705837,0.6048759025021019,0.4859418424152029,0.5401589589055482,0.5642874392470938,0.654012433389161,0.5663030299871435,0.5295513814915895,0.48529896777721016,0.548026845432897,0.5948505513237599,0.5610090262243556,0.5192794498583482,0.5522392986295658,0.470132068134526,0.5106530903532417,0.5781754354197077,0.5749416973384799
cgSYNK00201,0.6464069020520883,0.5132476115396115,0.5899066396261466,0.5464113278871171,0.6714367176606273,0.47703715703921556,0.5447560972371206,0.5583185031778022,0.5166176403354795,0.5317863693571555,0.5956645974681564,0.5493528529320059,0.5606565627483245,0.6072680631436439,0.7067028380241421,0.6786121856846062,0.6170286183387661,0.6715793867394965,0.5617580504120387,0.5972428897562946,0.5268792504108859,0.6804600510350748,0.5799884431194255,0.6361112322051066,0.6637488268626867,0.5123004667078466,0.6174285718751468,0.6588344246481436
cgSYNK00202,0.19789040725881774,0.1425486775435023,0.1882453409153304,0.18485994931389077,0.138916498574494,0.1714869220637006,0.22165890811904493,0.07496776845286368,0.1790298664680229,0.19723801519935374,0.26564731386720575,0.25818358415790227,0.20333494547708952,0.22380177514451732,0.24615348269244675,0.14431286461370318,0.2098691920255338,0.1787565403899543,0.10734438185048392,0.11435509113195198,0.12264797696572521,0.22343411851135142,0.19638166503059712,0.2136551304747374,0.09406863058409236,0.1321388357404756,0.10643566251036904,0.09805342249609415
cgSYNK00203,0.8312676704753806,0.715586332384282,0.6830639123795885,0.8430263877737717,0.8325103594471875,0.7698275520482563,0.7688852518834967,0.7616389303153105,0.7052439820764892,0.7142606343003983,0.7417635768873266,0.7147555762652537,0.789699386966268,0.8142356402914541,0.8161259481199781,0.7989379728242848,0.7656674230532111,0.7555440644931362,0.7077032335580948,0.6666799486247688,0.8003155127630777,0.7155123197591238,0.6823925902830527,0.8323078617896502,0.8252570835668911,0.7439458398736626,0.74389059498845,0.7707331292374449
cgSYNK00204,0.1740379463560638,0.24567792801632288,0.20110389157455072,0.11541053187919376,0.14838857814727222,0.21727093855101653,0.1137542324495073,0.16516694567911946,0.08435780951143287,0.17867272126230477,0.1502643834028911,0.10402721440552225,0.13180615396815965,0.15946050040103826,0.08703487595019695,0.20885453485886835,0.08084670769393688,0.10905437626889562,0.2851055706447581,0.04967142048132543,0.09018700387121414,0.24558718475387578,0.1915086124056144,0.2058190545565475,0.17885770533909354,0.20876777012777847,0.014979389086075212,0.18581986604806097
cgSYNK00205,0.4323824727057524,0.554318962543628,0.48244095827204786,0.42501509545061444,0.44333067979526053,0.4448726558105705,0.4830431745056462,0.3924593381200857,0.5261484329204154,0.5336057893492527,0.49370197002900823,0.4580719920597333,0.5454193975541057,0.45839874660145774,0.5012449630564763,0.3234717462183989,0.5213907210707814,0.5178778308918498,0.5032478964364112,0.44223931503548997,0.542165545408656,0.5249782083731225,0.5669624245080352,0.3849458536565185,0.4416915005318105,0.47198233557447195,0.4260114168241381,0.6025476679111919
cgSYNK00206,0.27146289516943795,0.12813273677370818,0.19764571597142996,0.1539759659475792,0.1924679637017113,0.1928958050587177,0.18593415428348709,0.17213171636519195,0.13749922817683316,0.159010358305751,0.19214073160050504,0.12847078611862722,0.14440622058113173,0.2674308925267753,0.07423478977113608,0.2573756672636164,0.31177277213625587,0.22777094430871792,0.1515480068305992,0.15358151483305918,0.16132738541763447,0.26769056612231373,0.19800336822342,0.1656160547407844,0.30763115246054895,0.1207242254203789,0.14688260477382792,0.061915460074699086
cgSYNK00207,0.7805722698418913,0.8392330570176755,0.6885002447781193,0.7594913604022245,0.6949957409702735,0.7249783110100176,0.7943639806869434,0.7516012985999319,0.7623338182750292,0.7947732121948445,0.7137135691671929,0.7460765475138793,0.7252055085435257,0.754132533272462,0.7627657041839314,0.695696993527808,0.6819993247580837,0.7588201596331292,0.8361121137387852,0.8286280074551032,0.7108887343654292,0.7052194037329964,0.7010317417859305,0.7913085339773733,0.8770662064826018,0.6944140495876884,0.7518575214256698,0.8499190162546462
cgSYNK00208,0.7338231887004028,0.7524593392150192,0.8000732546905693,0.7485836107343866,0.698411009414133,0.7471727558718045,0.7350791549959076,0.7720772492945872,0.7830851747925238,0.7302848715460836,0.7576816076471676,0.7622870824751822,0.7124449830139797,0.6855494961668864,0.7580947544269659,0.7807236161080642,0.7010708047450462,0.7165876679701947,0.7330339143952532,0.6338065785273951,0.7565440204888301,0.8336463444642406,0.6429514171633726,0.6585335241881408,0.7424510698360632,0.7162212899741891,0.7673057755031651,0.5938314497391125
cgSYNK00209,0.8401640586051977,0.7889288071933301,0.8367308330081655,0.7546045078936774,0.7814152844810227,0.7792512990066676,0.8366307898783526,0.8381954492117427,0.7689522628636658,0.6580292984194797,0.7281108909143079,0.8063017245311214,0.7849346527146959,0.9897641704181115,0.7704627154096046,0.9514383040801209,0.908242983662442,0.8024108307660736,0.9661873785771572,0.8760188542796218,0.778751695201443,0.7995643629685156,0.8368012106801691,0.8669758420928828,0.8355587600700882,0.7289754374089978,0.7619383448109525,0.8704965375617508
cgSYNK00210,0.6086207972983984,0.4636349278844685,0.46305611076772357,0.5945894873141513,0.5814659390063729,0.5185274216330338,0.6903089323163505,0.5892889817637701,0.4463564919029148,0.5861331934638736,0.6573753481524095,0.6359770551414594,0.5765174470233302,0.6731971259638704,0.5719165268810102,0.6357635803539905,0.5517816576282972,0.5426943178556355,0.6173742971088079,0.5409508973704285,0.6223621553587756,0.641362423428697,0.5400206654151073,0.5321234579379512,0.5434791381559537,0.5203458699576121,0.5420650928831787,0.5308273408094126
cgSYNK00211,0.8473621208602595,0.7085148758714349,0.7318877733715962,0.7708440211889109,0.8147191145015306,0.7280679343212482,0.6912193647703203,0.7836054067967122,0.7634274205472102,0.8419304497557606,0.7332343184474874,0.8110703654756029,0.7773688859547188,0.776480247591513,0.7404838109655694,0.7211653331979856,0.7941537412603269,0.822847134989058,0.8144616434776901,0.6984890956444063,0.761460666318517,0.8350146409511089,0.7969190781483834,0.7810471207044768,0.7461147034984342,0.68930886811165,0.771492025912952,0.7549196976736509
cgSYNK00212,0.35610269006622186,0.4562503244625514,0.34232721905211544,0.44955937252440364,0.32979094075694815,0.4366312525511857,0.30084577273306295,0.316881189537033,0.28393800592236956,0.4050775812791141,0.33052680704957016,0.342099420072834,0.43121953721350154,0.4308493868854944,0.28408951874952826,0.3223392851495605,0.31957301618587747,0.38387946366177184,0.30860288644433764,0.3594257025143357,0.21176647494976247,0.39081402520987646,0.35819619530893465,0.3454736136954438,0.33535204906416904,0.36479237698264955,0.3701190037816571,0.3042693156203001
cgSYNK00213,0.6356147042976865,0.6425257836172819,0.6559223651948686,0.602474254928337,0.5300056840986244,0.6278028512536535,0.5360892473164939,0.678978321433101,0.5648784174047781,0.5831353690730858,0.6730027782821574,0.6592822280127576,0.5911023104954095,0.4991923230546171,0.5903541370453442,0.6755342892242444,0.5159666894896519,0.6034698100103717,0.5367531242169307,0.5810643604033262,0.5868825994945698,0.44617588631001714,0.5901864071922702,0.7502220840708387,0.6626799133077228,0.6534358863354978,0.5214381680016356,0.6770815736064176
cgSYNK00214,0.5216602870374862,0.5406721878486879,0.5079136429441806,0.6035786318100722,0.4455871685264906,0.661021417150885,0.6105119225362057,0.6022168237918187,0.5487351569858178,0.48922360950784693,0.5780787735379166,0.5245220860563654,0.6678373142898564,0.5533327743718671,0.6075971834225851,0.5766894977788578,0.5014811765017476,0.5196076653790376,0.5256373000410932,0.49231845365927074,0.5270544735216898,0.5369032611163349,0.6257034733708219,0.5272946566356775,0.5725119633471282,0.48065316960622445,0.6649777089237939,0.6378975672185272
cgSYNK00215,0.3383583400685669,0.40106145464809567,0.39382398885331515,0.43498607206349205,0.40799664494219506,0.47500627568373677,0.46914525926370393,0.42654405626011693,0.40700156712074964,0.48370232516653733,0.4536118952764179,0.40865336789196816,0.36320001560290455,0.4687476012931289,0.5065500980581861,0.3947721756725231,0.48589878395432173,0.3388006168558111,0.4279494947565924,0.4209185676813562,0.38182087586730495,0.4054667801282581,0.3594521730201504,0.4198923962103321,0.3516664172044325,0.36156839492888354,0.4702059630396008,0.4229721913016721
cgSYNK00216,0.2658609252022006,0.33034704781397306,0.2697052345974089,0.24798857482588887,0.2301923208246877,0.3422510746740136,0.3559946967869281,0.28394876241483114,0.33042350851699775,0.22119464586242776,0.2183289962206114,0.35174479172666034,0.3248116393590384,0.2801080107287791,0.2603785436989752,0.24417355884821257,0.26017289205822586,0.258264838782999,0.20670944310165937,0.29352839914149786,0.2410421225229125,0.2365178064126106,0.2635797982354051,0.34502681735204066,0.16331413752097784,0.2721462822807204,0.24029620719959968,0.28591118579775143
cgSYNK00217,0.3244423755678585,0.14810083343098326,0.1856622153218208,0.29286787515797075,0.23653311942495675,0.17152163782932534,0.09582104914866675,0.3068421929222827,0.1652065947395808,0.2126135805951733,0.2588429952516165,0.1719352871903074,0.24518279824198388,0.24323357240955784,0.17995836297041642,0.1358980856361599,0.20070053290745854,0.3354755598059544,0.23652059290389982,0.2221767884556329,0.2580972567114669,0.17835804691080165,0.21553767817436642,0.17287737388947877,0.09028993450036911,0.16475278043499328,0.1643917654289601,0.23119785642266452
cgSYNK00218,0.4926953300901852,0.5098425939116064,0.5967173120689013,0.4852125492290545,0.5203405084960635,0.5420814588765597,0.6075206826963488,0.5145732611868519,0.43846717110481614,0.5304055946902075,0.4983291074690691,0.5850182804182207,0.5819167130110273,0.5590518126384095,0.39611435876750084,0.579978654431975,0.5056887450760744,0.5145072856122944,0.5721432513668341,0.5654683040627176,0.6210232135405738,0.5013055657108165,0.5301529146739447,0.46631899620324374,0.6353345062416551,0.5207432741558912,0.5634124282140566,0.6226312762958599
cgSYNK00219,0.2127513076055278,0.14339864971358812,0.1012652353527834,0.21191493313637644,0.09586003675640767,0.13110131701143468,0.17724669657118064,0.17690676885147083,0.13030314406131732,0.23481502904770862,0.005,0.0588148033569339,0.12487325900475729,0.10444903922001816,0.22583545681454484,0.12604185139453142,0.18282250236967365,0.15740821838951652,0.1057316448048066,0.1827873431610734,0.08327284892543457,0.16556196501202863,0.1346208438627044,0.2603344358179831,0.1442996375933405,0.021818751051804752,0.12551141798770465,0.19836637046923483
cgSYNK00220,0.7658288563925537,0.8089233733073351,0.8716967608960359,0.7593163094488503,0.7866407223605254,0.7988318280577166,0.7549179039276417,0.6499788100689692,0.7828394946777549,0.7387971726552324,0.8704342331449477,0.6863860805904168,0.6531853951904651,0.7451919398977894,0.7488599051522083,0.8121055144122802,0.7457080998892243,0.6842967679336526,0.821440591550834,0.8289895339339062,0.6913865113431721,0.6893838050615659,0.8842599655140925,0.7782782701081911,0.8606396538434674,0.7928019356028569,0.7985418345355164,0.7950166276712738
cgSYNK00221,0.3635779528460947,0.4055942073968501,0.437437347523304,0.3193027869909284,0.3762840378472643,0.38142772729513985,0.3843033082687828,0.36167176510727866,0.41793990964742495,0.5006470445900493,0.46225111189523793,0.3990329033313291,0.4649374161960622,0.39251170015062653,0.5149761205763155,0.3776036911990085,0.447229568664349,0.33737120150907385,0.44160483163646985,0.3947900813287098,0.43617283782545946,0.48258808824879273,0.3838847491958086,0.4130625663286479,0.3638532589296112,0.42139660137926815,0.5247779691056789,0.49279317031866204
cgSYNK00222,0.4626804030685791,0.6686887452098936,0.5241589465420846,0.597343850322681,0.6222714855283851,0.6583611092067387,0.5416440565610202,0.5433413794939749,0.5189494337118378,0.5135772890264269,0.685605107667548,0.5759293257152825,0.4667211157427857,0.44735533747060097,0.5351636965492701,0.6022325565896669,0.6569612947594411,0.5995075732203833,0.5898849807576262,0.5230054839870264,0.5390659565399674,0.5822037662712355,0.6058494229286505,0.535888794918082,0.5510120056508983,0.637854810601528,0.6091636266200987,0.6145538898570186
cgSYNK00223,0.5776578367760494,0.5616853665768073,0.5718480561181963,0.4098674122976894,0.5761360020318842,0.5508052219652333,0.509572397288095,0.47500683537908667,0.5783913688539378,0.4266738596627534,0.5317963220257775,0.4976628133383898,0.5306378386083501,0.4377566250016289,0.5287837619611434,0.5313530389905875,0.4318441157657932,0.46838510135715544,0.4573970643124631,0.550718362238624,0.3764446316250456,0.6103286456449065,0.5019774592363604,0.5672803090748174,0.5239617416184461,0.5212008921187398,0.5870710299892673,0.47853019320262
cgSYNK00224,0.6361290322711577,0.6567596717946389,0.5923368072679198,0.6792000480467381,0.6258724180683375,0.7762699756694694,0.7401171813242903,0.6848262225644384,0.661918729945278,0.6817436671839051,0.5879532393289861,0.6987006745167098,0.6280487070133143,0.7355674014645848,0.6716886068943604,0.7077438584943457,0.589674618378151,0.6046657465059936,0.6925646481215549,0.7094636427774107,0.6174746552403002,0.7327259602070478,0.7062419813087331,0.6363809031597335,0.7366978476523138,0.7027004490547223,0.6586437947273479,0.6824849029220652
cgSYNK00225,0.3294191360622356,0.4746084360688658,0.43554247291651044,0.45199568736099177,0.3760805532224173,0.35965725088013056,0.39048533470095004,0.4278372282981625,0.4527575681759899,0.4004845447347964,0.3767273266735873,0.4130796820422283,0.39454111468468905,0.432438715064736,0.4050894040649822,0.37357601434315413,0.3964892057587288,0.387984215629791,0.4413199771423008,0.46609055355535295,0.4073935485705253,0.4650841810962709,0.4604241175270017,0.4232936828186535,0.37552845514078376,0.4069359547092131,0.379210044935789,0.4490864839665004
cgSYNK00226,0.368245292876289,0.30670798391075205,0.39309703933325746,0.30521375768964515,0.34637823615156327,0.36939298517716385,0.3532920675008893,0.3879433214586868,0.27140843159485634,0.3102176409482044,0.32667059754605704,0.2671765622329157,0.3633812554349466,0.32380180418809484,0.3555253979696835,0.3116513861833571,0.42546001510371784,0.2968428158697034,0.25597608189045973,0.41180786245280443,0.23078685516175032,0.2491687557036375,0.36428237829252114,0.3739681019118671,0.35354645882453906,0.2750885388207465,0.28357429408272417,0.36418763994633707
cgSYNK00227,0.7754432324546252,0.8118154131932204,0.8226860569364433,0.7803964727315631,0.7998693300909242,0.8356462023615923,0.7486757706913629,0.819507184732321,0.7818928021941846,0.7964475809638456,0.8314138901028124,0.8005023800023539,0.7879814176133757,0.7710331278001945,0.7542868542164035,0.8324313912619651,0.8596746801611167,0.8701202603719883,0.7944328059884236,0.8059154178470946,0.8505581936855064,0.7356403323497378,0.8609634291536783,0.7730250033665633,0.7590574279876505,0.6996309861515999,0.8663915416316383,0.8333776727222076
cgSYNK00228,0.7913835603006847,0.7669051557983783,0.7383676730308291,0.7470207831448303,0.6255631215368053,0.7766181515124717,0.7838592672386542,0.7925764362291234,0.7445393691871757,0.7390689858447258,0.7943981887109096,0.7956075179581402,0.7159254255967938,0.7532605146111249,0.7540606304469202,0.725099774569949,0.750724691900992,0.7798690552043732,0.774349608967697,0.7501794421347378,0.6607891846113881,0.8213970441305725,0.7579128179108963,0.6613562676064957,0.7818768161646372,0.7997464838673367,0.6722591825786453,0.7243377530215196
cgSYNK00229,0.3818854564908152,0.3197778980649883,0.46662810598991367,0.3422639016500172,0.35425149188457733,0.40677311231130797,0.40578689282757174,0.4347921388319927,0.5100253294247534,0.4137545658491934,0.3526870175668358,0.3747433802371403,0.4514275515277192,0.43495753402983367,0.43183757185632843,0.3887027838104423,0.43471190821172284,0.45986728636707236,0.3575865386040613,0.3466575430373742,0.40806260386146936,0.4106535471702264,0.4029565050723379,0.4636191127894594,0.44897711338811574,0.3776597596178428,0.4078945621803695,0.40695055409869557
cgSYNK00230,0.3222064194899398,0.318888011387969,0.24183817450524436,0.3167965264308994,0.3205182656927585,0.35682783002291585,0.28248555738847353,0.41267151359535525,0.303618372986402,0.367212753945406,0.28063205785112505,0.19908946935187566,0.3272056007348825,0.26280880431376535,0.31144329805020243,0.2711508931485045,0.2831547692400593,0.2938542561790749,0.21075849670639302,0.31384782839884295,0.3058388350992471,0.31890249491203726,0.3039716073998789,0.28411522851803944,0.2960919136649528,0.3386313248615015,0.29614454075446006,0.37664887958621135
cgSYNK00231,0.17261950293171563,0.27229879217378583,0.29337731959636254,0.23006005203061472,0.23920310766699476,0.2662866412433759,0.18875848294740452,0.2898731709668903,0.2782017804930649,0.16671216809680633,0.2595331924804247,0.11324616081216042,0.3052993166443112,0.2689933321436065,0.2269528671900331,0.2609681825363316,0.19638714670609328,0.2074125039458184,0.2875851523018217,0.24536478417548463,0.15261652605051418,0.38106963888229406,0.23156925480274185,0.092971399411679,0.1629746671388569,0.2988591996883123,0.08633971874088875,0.3066043705940429
cgSYNK00232,0.44348929028410317,0.4477202092874294,0.3791221681325544,0.2968446890433709,0.5201389863404509,0.46184658666495154,0.3995055521841667,0.4818179235943479,0.3746271317740964,0.5543017188068963,0.42435486565622366,0.28739599135685934,0.4144646216650986,0.48662912382729456,0.47258549686124685,0.5478577787301977,0.40558348755819407,0.517775798478473,0.37788589930409333,0.415338928526903,0.46359354950248105,0.47925585832743434,0.4007150538282511,0.35896565016210485,0.4419950832900223,0.30650461281779806,0.47264788788912476,0.3502879519147961
cgSYNK00233,0.46650949414241727,0.5965308263896717,0.49940356970484084,0.57996716021778,0.4226786029496568,0.5501239638647007,0.5958746365401544,0.5770100505333262,0.591586348309439,0.5120671305436909,0.4825769524907726,0.5310076118944637,0.5825346726133624,0.4899593746414833,0.5364473444943851,0.6004987412203323,0.6351028279794971,0.5338541883554442,0.5033283707926293,0.600766928828984,0.6028877094555074,0.4356395026338776,0.48861095611935584,0.5001643664943342,0.4667788571934809,0.4502444610115263,0.6018242736209364,0.4399475791166247
cgSYNK00234,0.46845869817843255,0.28658923337700215,0.35637577443172797,0.44312622858740675,0.4776688381089342,0.3365609121310068,0.36594995811611825,0.4187677172079991,0.43263730160811853,0.5269788191259062,0.3882630841103948,0.5079156301293951,0.4915632232852336,0.3613888880653716,0.47396908841202606,0.27048670163245037,0.46692524377856603,0.49669298221840197,0.2884637016148691,0.34324756645818805,0.3999922153001435,0.3919822658382569,0.42753704291756506,0.39900100449575204,0.36480464101058774,0.48686570225948056,0.4383088505572626,0.485699364033689
cgSYNK00235,0.5858131315157614,0.5144976145585195,0.44303928971712697,0.5227733726672311,0.41734184360767923,0.56038318481089,0.5173613653813262,0.5011424783053396,0.5709794019736648,0.5292245241009513,0.4381140702506752,0.49261237267716534,0.5831936571151157,0.47405156810593585,0.5415679216189138,0.489175384158872,0.6701315949416214,0.39485952573087857,0.5572661126766297,0.5064353262750015,0.5161845247228525,0.5160832095520397,0.525036197389296,0.5047407763941354,0.4454770395347172,0.49330356909537426,0.5664102250641331,0.5136835081084556
cgSYNK00236,0.23956565456969986,0.2269111041914719,0.2423830456653434,0.15750155239758962,0.2070892278205035,0.21427944887103423,0.23568970239246537,0.33487089893485156,0.25109999506891245,0.2560591462062729,0.16397842442659216,0.17231258079459055,0.11294441586715824,0.26143071935605916,0.07588130775320841,0.18174536496301696,0.20556488515868093,0.18387044027329477,0.23085922683717722,0.2021250587920814,0.14524177405505698,0.18480897869957683,0.1646420893386161,0.20681926191966646,0.14011767590751315,0.21268184814331176,0.25190234434292774,0.12140553963453879
cgSYNK00237,0.2323476238185892,0.17435290410568605,0.15499370049201427,0.14910214989508006,0.11862069463293294,0.028587223606257053,0.11724411371132543,0.12877722201060754,0.21663546860356203,0.12886564128896066,0.09508716560952754,0.1302352651602893,0.0287010537639492,0.1311091697002971,0.03462907809724673,0.005,0.09184535737662552,0.18930150672306462,0.027816266064422196,0.11963589748933666,0.15745225697936857,0.1202413671119578,0.12252820024569776,0.04763571940861378,0.0996685534189807,0.005,0.1979625485781879,0.005
cgSYNK00238,0.6828729780944698,0.6393462170290211,0.6429227375583502,0.6677411156767245,0.7347441151659543,0.7252248789566955,0.7131150907999492,0.6597190479639461,0.6559863859191075,0.6568953632225529,0.6193205489331599,0.6348111697179744,0.6292921115641485,0.697000211749024,0.7129429889008352,0.751229873870101,0.6233901177734081,0.618626250520263,0.6697775741510718,0.7084445966382265,0.7578544286062571,0.6588150987803859,0.7724570733445564,0.6508649942501613,0.5434632724992345,0.6808673573566704,0.6441397159605377,0.6862777544802983
cgSYNK00239,0.6580386781807018,0.6717144862053525,0.6422086066945837,0.6602991476499633,0.6715490946750368,0.7970167565223465,0.6622002541805863,0.4925132329068141,0.6675187898408148,0.6674543153599444,0.6831228241304341,0.6078857276646052,0.6540379001132767,0.6339621686797291,0.6602184694739864,0.610510591624166,0.6056820534657255,0.6205070433791897,0.6535825149395912,0.6521802791719172,0.5315288555374078,0.673897013363948,0.6499985141627533,0.5994097650562931,0.631026175234579,0.7030207917148511,0.7481393939937451,0.6527079438045592
cgSYNK00240,0.31275853244580953,0.42399336265729415,0.34320294477835683,0.45003728555411177,0.3524701500195779,0.33696339881316995,0.2192135388125326,0.3042369601841402,0.375906960635061,0.3854764958182511,0.3379579457976754,0.4456530798525012,0.2875506223421178,0.38112217017586125,0.36379883575141475,0.2499281442939547,0.3785148296018177,0.2748230307136351,0.3086509065813374,0.39068120871078615,0.3927268870509519,0.38193670828017956,0.24250146906601738,0.43420017327333893,0.3177660858457234,0.36794359511712954,0.42819684546672415,0.28244587749727207
cgSYNK00241,0.6749974382746506,0.6165685097841698,0.6562780929381132,0.5569673166709732,0.6465996648657731,0.6061987030427343,0.680453011856882,0.7094672439537918,0.6633802118407588,0.5834968143142607,0.6345049306496642,0.6994412955411772,0.6144507196116142,0.6246487368322758,0.5915645702841241,0.591911937162977,0.6389298207597954,0.6663373702764389,0.7148722896158166,0.6215982045139596,0.6210517792142936,0.6890243159197093,0.6387674128401565,0.6062089845909774,0.4933690749784774,0.5842200159825679,0.6316734613891489,0.5523579456642743
cgSYNK00242,0.5206468589354244,0.40509168106699056,0.35471801062694003,0.4325345550175052,0.4860216425539572,0.3822404228365671,0.46426637741211885,0.4495665506759984,0.4641657647485129,0.456295981507144,0.4591165965715637,0.43345246374262536,0.465179057995215,0.4401685187123656,0.4629701299632799,0.3576386458356616,0.5001953909148942,0.48065499848447163,0.3606165152861085,0.4770769754354436,0.40917460738992517,0.4637978149305714,0.5827446455028307,0.4094568759905582,0.3781385738804272,0.46491974068821895,0.34035742806132735,0.46701671788729704
cgSYNK00243,0.5046694084957741,0.4850746319087983,0.5331505517100812,0.5758538583913627,0.4823753643720671,0.4705201121531513,0.48271343121386506,0.5751160038633595,0.486227009651132,0.5370626740530271,0.4357290868016156,0.4996145423995601,0.5209806807629074,0.4712517327507986,0.4518740308011761,0.5316424860410099,0.5711956315419352,0.4881443228708353,0.4735886390461767,0.6009589704435316,0.5268963841129414,0.47235301614059627,0.5900527615340796,0.4647911132941563,0.5354495622062365,0.4874978405077749,0.41304769876829384,0.463560438710522
cgSYNK00244,0.40336807911054473,0.606031462946768,0.44420222093378986,0.5075239904071299,0.4186889369992545,0.44122790382739396,0.35318783327257947,0.42803704974706164,0.38185095380776535,0.5018529599558343,0.4683207478991861,0.5479643720499492,0.5247393852389217,0.4379069840189234,0.49487102943275707,0.3863317433364198,0.4529005269051192,0.4111704114561649,0.4728047893741488,0.4653236870627406,0.42383306633689716,0.3917452416748834,0.43102793828079083,0.44952421754604777,0.5069117463916933,0.45290270332818455,0.42719855280337976,0.4912173505180057
cgSYNK00245,0.6109117095939488,0.6296206124894242,0.5904712572422502,0.5428182154706181,0.617399796141109,0.7163486404492664,0.6539293064131354,0.6374702310526876,0.6083122133305893,0.6941661929048337,0.5975522312980515,0.6754289060278998,0.6679634312955104,0.5779099093199801,0.6285211660093476,0.7089421118144975,0.5717480721030076,0.47415774790982973,0.6070369050909492,0.5859053083267988,0.607141338740688,0.6667045131931688,0.577921048882869,0.570990158669441,0.549046053271878,0.5685199437925496,0.60277493793269,0.6765813665605437
cgSYNK00246,0.736606776523119,0.6959742426175068,0.7221400038522058,0.6470534447830348,0.6558444351283597,0.6314792755190429,0.6541642441545065,0.7487989170853739,0.6669489363328972,0.6624217767431745,0.6154241478080077,0.7813195095245992,0.5518648040333585,0.6511533545596988,0.7107797851563618,0.6725318987767822,0.6116634714542097,0.6196005627844443,0.6896778559795551,0.6201082886247413,0.5583650517175225,0.7314556616161871,0.5923450278499219,0.6497619002466895,0.6699752652966245,0.7295772254497632,0.6470225248239059,0.620776819521122
cgSYNK00247,0.5958071728387555,0.7504787520541475,0.6746512347750382,0.6379905203126436,0.5449656458597552,0.655661747651684,0.6446842694103393,0.6934811476723413,0.6012554945578773,0.7172252148559912,0.7430705167970679,0.7260346277743311,0.7199159432218707,0.6283881889484116,0.5311353422623134,0.6280101604118197,0.6424607603060064,0.7843967796209332,0.6224393509490911,0.7695013115791817,0.6308436301238675,0.7030810982933677,0.722249308632013,0.647214380629173,0.6039404772174454,0.6631885596919896,0.698821877587349,0.6748834093883769
cgSYNK00248,0.7974225589961764,0.7900036257059412,0.8204053731002945,0.8021616694414941,0.8092613028082919,0.8476955468526594,0.8102849872759729,0.77735755092323,0.918481552222551,0.8263943125839787,0.8926615305241542,0.8278601407453144,0.824467936097767,0.858319788588645,0.8402873715667463,0.7475144644522317,0.8292794086330233,0.8017784745077327,0.8378941142764961,0.715641831697937,0.7914635667538328,0.7895894902421837,0.858160589380049,0.7427091438706142,0.828395428015778,0.6776199707326671,0.7926815660835957,0.8035183877126728
cgSYNK00249,0.25857993987536754,0.3662192882764128,0.2600258232905406,0.28323015395655393,0.34574549791555165,0.40716612590153733,0.3506258688754279,0.20701635937145813,0.26473331049874754,0.32526481546985986,0.3241341831684943,0.23098020971071903,0.2620622088567345,0.3044198984416293,0.28621002367745996,0.3084979846434218,0.26157577710327845,0.21807347469199792,0.2794166255044766,0.22847718909076814,0.2382815300184655,0.3232347336035641,0.3466510884765257,0.31991960993687685,0.24258497404297255,0.30826575412627677,0.2578335708287222,0.2493161431156616
cgSYNK00250,0.32321905106243903,0.3678915612921353,0.25242676960789223,0.3908719912412081,0.40290456519826995,0.2392838832473859,0.3043374241166332,0.27187846512901204,0.35562558081831996,0.3908430628922596,0.26604481670124447,0.3414636129330653,0.356528064855221,0.3512751464448148,0.32815197640177973,0.3149848162722251,0.4093152075212938,0.30175032630315834,0.33361244557137626,0.31702084906547584,0.3804700494605018,0.40168631674780664,0.29342863080445386,0.33418845592818647,0.2566190743509372,0.44667816536753546,0.4031423698940998,0.3396140234911712
cgSYNK00251,0.6678223035695382,0.7207227356172056,0.7214876526524433,0.8000948641769753,0.6745909498798066,0.6646930712366783,0.756589597869053,0.7645737247751986,0.7660436329889116,0.7455821438213287,0.6501300716963974,0.6844446354927322,0.6496374157570819,0.7205496941913702,0.737618169382902,0.6292241691975432,0.7124970844067976,0.7640711614828343,0.7048631740610064,0.7217360010487621,0.7365417116560486,0.7215507700552086,0.6853335956591654,0.7754374764348765,0.7393139915583071,0.6951418622224632,0.7693895870994981,0.7529597392116547
cgSYNK00252,0.33058689059834573,0.3038466312196387,0.3608607669704167,0.4354427550420459,0.2875509768941032,0.3622510501113007,0.4071593416569048,0.33841880402304236,0.4864108324022735,0.3694906515990978,0.4516581523278648,0.35363199008776,0.35749840267178823,0.39339116984872885,0.4656321721845816,0.33110892174581036,0.37363760059457446,0.3817227206014069,0.2833671114821875,0.38084027926864206,0.41811536488894463,0.3254087226204727,0.4766783435671039,0.4198570332827515,0.3801000847050661,0.3067537229435897,0.39775966977504473,0.38523893073867843
cgSYNK00253,0.36921557866375315,0.23112312678439817,0.24746374949037825,0.3406851095905994,0.33618616649594524,0.40200208824744205,0.42973234719921766,0.36337877841726834,0.2440666812699962,0.338388861442121,0.3015403010890033,0.34761654310598544,0.3435786081812924,0.2794534589617335,0.43488973083025473,0.3860630400862715,0.31512319702369906,0.30201483746233293,0.33774481292203873,0.3902830229881183,0.32602002141343833,0.328461636390953,0.3262238437539063,0.4386425527844609,0.38454615866585073,0.23756986798043167,0.39987370897915964,0.39150273113028283
cgSYNK00254,0.9584423716646743,0.893239577455082,0.9086285886302492,0.8991657386719168,0.8502190171161349,0.8333869876088491,0.9128262946288465,0.8765440358030736,0.942373695522317,0.8737090842590667,0.8507685237604284,0.9756013199476703,0.8756638045368909,0.887103825529543,0.8930959082330718,0.9127216659475519,0.8429481265232724,0.890846347255184,0.8727611239352913,0.8313291939943641,0.995,0.9599615464911821,0.8800843957870015,0.9177785509273061,0.80645824640261,0.8043234886411483,0.9403089856948958,0.926566392644719
cgSYNK00255,0.7231941543538951,0.8934396786453779,0.7496904148441265,0.8058138148885653,0.7931787197165265,0.8653312736610694,0.7793722106881527,0.7648900823192043,0.9546605649257748,0.6719864359181026,0.6274359118026949,0.7832792256114238,0.9900573252147523,0.8562250357075376,0.7976746989687848,0.7967087025785673,0.7385796152628838,0.7489052008487461,0.8690856142512507,0.7584348886354269,0.8585514891382952,0.7409027700875258,0.7671748108688704,0.6904513824961025,0.7446505109225817,0.7821781835032191,0.8089084972693624,0.8776637583016913
cgSYNK00256,0.7195032733295144,0.6793269687995207,0.5973975890137987,0.638077481306451,0.6441305187677209,0.6790173340004437,0.6717111710796809,0.5775501342535179,0.6378357067446828,0.6510036904891406,0.7751789220489411,0.6323538870676707,0.6731653823760316,0.6323569048130576,0.7296271568337442,0.6315572262921776,0.7285406145084019,0.6430277122494411,0.736112293309506,0.683257416567251,0.6788766891318425,0.647606344983308,0.7727617883426143,0.5816610916154699,0.642905375402956,0.6849814835482462,0.5809541682000016,0.6317423550660048
cgSYNK00257,0.5600496701011203,0.6061576816982195,0.5656931376035089,0.6870425927988776,0.6733668839118931,0.6058653503291456,0.6558854369050505,0.6248237483984643,0.6066939582618799,0.7078296370561332,0.6516907641073761,0.6337465670286074,0.6331665407225843,0.6651783521832293,0.6264032598221899,0.7472934472721863,0.606275172877083,0.5915954327578953,0.6208021862216971,0.5853377301320836,0.6121577230355804,0.6395080437180888,0.6328914638321269,0.6435607525758634,0.6757283043473958,0.6301432075325106,0.6436636334340982,0.5748676598558553
cgSYNK00258,0.30905051337515366,0.2637505698609435,0.2952680826308927,0.22539781508723106,0.26756697264318546,0.24437155325399723,0.3059617619316794,0.31143895842308106,0.3126462295013634,0.1270811045481757,0.3098449102056765,0.2362472692357948,0.2482269351782362,0.1550336595443768,0.2128735938856972,0.28225606165607836,0.27538114827160326,0.22685438902110378,0.19707263167244357,0.20334309630344277,0.20866776641024198,0.27741707021904793,0.2594421604217425,0.3926150235931453,0.28629303619092894,0.22473821341013672,0.3176174191981073,0.2206489820216058
cgSYNK00259,0.5486519898039177,0.5075347638515268,0.5628577526657158,0.4939373243329072,0.5541522350988234,0.48628802812846933,0.5685950591627683,0.5057402035127965,0.6158234742890492,0.4684399993272959,0.669269577083377,0.5148159323337221,0.6332268322355447,0.5716164457845289,0.5115026381379794,0.5702982494327319,0.6075401343094222,0.454106318714671,0.5504975224925929,0.46220973352518613,0.47145249313709264,0.5921443638806634,0.4779497565403219,0.5783776075007933,0.5188760870923806,0.4639531261454113,0.510852600307948,0.4652740773620532
cgSYNK00260,0.8966655623964838,0.9384111809496822,0.7997181948342428,0.8155581930938318,0.7773642696826225,0.8448347098112566,0.8278503950838156,0.7769560954944156,0.7735781315991088,0.796401241074196,0.8624536916145044,0.8342342504423794,0.756993254675314,0.7075904416815444,0.7888816236790953,0.7924021166247239,0.8345171565917531,0.8735789575439349,0.9008997202286246,0.855961513647817,0.7741787192657297,0.7889461154709584,0.8741440054801601,0.958202894277556,0.8469533398761772,0.8297401860270835,0.8260558473832247,0.8592197558960754
cgSYNK00261,0.11370680972813255,0.16066713238220462,0.180040349655158,0.17330746127460983,0.16163224817993327,0.2849857818029815,0.2518561071098662,0.08033045661236221,0.09888100589669499,0.2024015588572669,0.16984738118891096,0.10149999193178369,0.1973445765781167,0.22616005328285424,0.1908736575009743,0.27786516320406,0.21462476735889227,0.19894341957340606,0.14620592215779926,0.16030543540166872,0.1743395714575374,0.19026958556225154,0.15989042988529673,0.1846137427762707,0.21960398215789567,0.2666699529218668,0.1250515929089753,0.13967145375652545
cgSYNK00262,0.6321396347411387,0.6409564829658383,0.5633498478384613,0.7272750562998547,0.5099671841902649,0.5946990287533847,0.6345746892941456,0.6716138029168163,0.6849427283511706,0.5291852300452566,0.6052541244526367,0.625983551565297,0.6632315765911203,0.5911131814313343,0.5857016172885877,0.6223016811400006,0.6040893460127738,0.6738571065344507,0.6617094212287611,0.6020692966319677,0.5808879068605879,0.6563195558260689,0.558542322916282,0.6023086313930969,0.6124217407255033,0.7296910587074013,0.5615815227452874,0.6412183024717485
cgSYNK00263,0.5692661030460533,0.6098596057057216,0.6019407149042889,0.5244163226975926,0.6948098028835299,0.5847668510957378,0.6851341525904528,0.6249418289328738,0.5830679039225232,0.6078917716923365,0.7256756687257929,0.7065310809099766,0.5313638455100544,0.678636590108765,0.6869489287629692,0.5527863362522419,0.614957550240976,0.6518708523227755,0.6771406101669304,0.5528738355520371,0.561686778296318,0.6237247105546888,0.6318633918913934,0.6140860095351388,0.7481274890655476,0.6376505691481843,0.6638553611808287,0.6865821341059783
cgSYNK00264,0.19368089834700045,0.005,0.044536637583191485,0.05530568458119382,0.1749059632493666,0.06111542689869399,0.08597890919789195,0.14174606757116304,0.04302609084577578,0.11692430000507811,0.07672457892741812,0.14399001629600863,0.10759291513375335,0.1444451221829262,0.07372343036726586,0.1343396395378413,0.04014130158814726,0.005,0.2122657375737546,0.07574761275319702,0.15021145091783172,0.17777705675471472,0.16745053907378854,0.06741454016824269,0.1308028352498802,0.1216903212446918,0.07624846783579788,0.11890190681961783
cgSYNK00265,0.6783451428765213,0.6431868918489809,0.569817091105029,0.6536180117643849,0.5919358903510082,0.645663675210357,0.5845583205000475,0.6667130035985713,0.6441147104392282,0.5939142512686736,0.6706381527736857,0.6962381220247612,0.6037251670400108,0.5331286314105267,0.5805729627016102,0.6815679303664226,0.6187454188157048,0.6491995002059819,0.5809137880970111,0.6272072709463996,0.5287342393448443,0.5681514011529644,0.6839244052185002,0.6396661364029367,0.6214332523379898,0.508665189870089,0.5433424232070146,0.6713555936429993
cgSYNK00266,0.33563299675506225,0.42396854900881226,0.3487635999126756,0.2966691078617517,0.38761887603283934,0.32951859216916685,0.44521758439495385,0.29530008006612357,0.3623911864636098,0.316543354317884,0.32827101059826075,0.4010544498650967,0.44868642410688575,0.35809948118567647,0.3191646193070764,0.35695344275330754,0.48983958038199094,0.34790962320312574,0.4093111468174118,0.34898815844246733,0.4432751245061015,0.3855065247695247,0.43158394881010936,0.44957400987436436,0.3803637056950758,0.3714233640842828,0.3743695751786587,0.3138804866490547
cgSYNK00267,0.34236241573575565,0.36148759371814404,0.3596384211485988,0.3853399350881774,0.3241122479820441,0.17558707798994821,0.40901706474777855,0.38591579455503483,0.4550461846080065,0.23983657034565156,0.40661236645123805,0.25667891263536047,0.432114782026752,0.39691868181485984,0.34907071713616694,0.3614377866749853,0.4664008797099873,0.2514118381554574,0.39157777121334425,0.3704167440115813,0.450838075886276,0.4221519094310829,0.40133894605101256,0.3781340452797219,0.36199442143049115,0.41505498236418653,0.38224778333321696,0.37362342752236904
cgSYNK00268,0.14156905191584473,0.08900689995476119,0.0650986655272889,0.0973551805770181,0.12718869607255165,0.0629148234466851,0.09781701681168903,0.21542843406928114,0.07918119686703809,0.005,0.1938479070702312,0.04497374773222199,0.12569494916234808,0.11544187205897825,0.09536295150508119,0.10194085904154702,0.16933097042508935,0.1533994670277194,0.18500281450983008,0.13961970429818707,0.09391224039361108,0.08942550806262241,0.07707197312250687,0.08663149889408077,0.07377593151028917,0.07826211688694813,0.015122491851668043,0.02240575328887061
cgSYNK00269,0.34599863091365607,0.2907666968183449,0.3691117552170855,0.390416410479996,0.3528682127484827,0.41112631703674946,0.32363781044214046,0.4197780953538821,0.45406126627544824,0.386556766227808,0.3797275662065296,0.3770858692762186,0.32431921435327477,0.39444693343506415,0.47319575390932755,0.40601081470260325,0.35790326224931956,0.37807861386948416,0.3857190433869841,0.33097941914888945,0.3955593293592597,0.4686578960145004,0.4582423342306706,0.3519132096312104,0.3473264315870113,0.2733076403508295,0.36534176601142315,0.390525911356187
cgSYNK00270,0.7795513717084306,0.7353708185615409,0.8035258051564073,0.7228520954762337,0.6171102668505651,0.7761862737918976,0.6806740955265237,0.6938329782711354,0.7163894041494976,0.6561136972607708,0.6842502940210065,0.77938882049513,0.7450274584011377,0.8453592955885242,0.6902768500277835,0.7192072628341847,0.7158791729638951,0.7457065022063445,0.6267420455432341,0.7102138462479775,0.7028653121958499,0.7817153253689895,0.781149092153802,0.686699813616015,0.7332092179255243,0.7370352765041551,0.7268129261788967,0.7850504265773535
cgSYNK00271,0.09143200804818377,0.25912705103388256,0.19031654751559224,0.1905188187642058,0.0486462011612651,0.17538523361541805,0.14519603301001713,0.07963633460805983,0.09146104580119035,0.06631185156136259,0.14115371751605285,0.10168500981010344,0.07815671786379308,0.06639433673679658,0.09557104257219753,0.024346306806368442,0.2115910577710826,0.07931145786700103,0.13259410321025955,0.13626992439056151,0.06488793013690808,0.1445796000652823,0.14439574510692746,0.05258229582897596,0.0972516700291522,0.18239912644514922,0.10204755131443244,0.11279105757902932
cgSYNK00272,0.3647804310375618,0.2706175455429988,0.422393657179188,0.39248690847598655,0.3554919743180257,0.3707509602005232,0.37550794808952737,0.2690940283009361,0.3204691928399852,0.39657706618363897,0.3477857820850884,0.40374918103724144,0.43991300498621294,0.362848420252272,0.3462944781061905,0.32494746921497963,0.3915314410462689,0.3362793494095132,0.36640523705448685,0.32630550857168406,0.29301338990489467,0.2535422827705889,0.3263269047272607,0.36230940681081325,0.34784797871179507,0.3456525549221501,0.2767944862239888,0.31096775631992724
cgSYNK00273,0.4950333919590653,0.4308137195314339,0.5283145409997031,0.5131106686350675,0.5016335104901831,0.4660440245942706,0.5109639447586697,0.4800802947311965,0.48259915883774795,0.4865686058874535,0.47843295399116487,0.4745859652976669,0.43752625459304456,0.5387828971166141,0.4277749531358594,0.48753419027369477,0.5013699641581979,0.4605232686779854,0.49910638388896383,0.5568678971722405,0.4903690812704693,0.5024821852166229,0.5158435290239901,0.4235266692500294,0.40656056191206946,0.47060109152881036,0.5035388869617383,0.4010484251196813
cgSYNK00274,0.5677515789848654,0.514427745286853,0.5072345720609365,0.5385000271718099,0.5221072984767607,0.5688191544037839,0.5659985082762041,0.44881892422047365,0.5279078792546339,0.6200015306927265,0.5954776399282936,0.5183158813908495,0.5834908868510277,0.5395886289969279,0.5263962938486703,0.4508232746708861,0.5111525207447531,0.5055240888681398,0.49103929185995776,0.5326039946614132,0.4534832491316552,0.4735064241407545,0.5209157148796735,0.5101606059320335,0.5701269343771853,0.5842279800736724,0.5520851533653228,0.5352868902775182
cgSYNK00275,0.5580459967127603,0.47213850560950754,0.5523147503398691,0.570357372957176,0.5039036640040127,0.506924586477067,0.6271064806570696,0.5386238781323788,0.5822230709532837,0.4628613239097021,0.5724231850475044,0.5178091237002779,0.5885920045188192,0.4944280915668765,0.5684893155712586,0.6000770724756602,0.5041956738094876,0.573270465625293,0.5045918953975189,0.5403282488202151,0.5705768512004032,0.6978441893255689,0.5329346159663286,0.48637386316436904,0.5541756803765155,0.5292507218081912,0.5437527274950374,0.5601043850141645
cgSYNK00276,0.5860506653926989,0.7281804924190255,0.6500445403924372,0.6694453264420145,0.7782694522811353,0.5804640100398818,0.7255495600420137,0.6367049730379173,0.5808612389356259,0.737191029062928,0.5799514426508635,0.7949388157284849,0.6894816649350483,0.661664449372842,0.6094901316298227,0.6554002777889681,0.7463387874972284,0.6416666447109641,0.6151330271868161,0.7035272534024091,0.6641413769767764,0.6380068573570619,0.6538604184146484,0.6825225576543817,0.6826199582825352,0.6310543453076101,0.7154675410660831,0.6722805603690519
cgSYNK00277,0.2889573363657445,0.3983579287330882,0.4106645367843169,0.2882077693555475,0.3789585584347191,0.4689114815489428,0.3647528547062064,0.4690069073498533,0.39245325870046344,0.4618067058172287,0.31364657088835907,0.38087882436416337,0.3826781568227074,0.38962450086681594,0.4192932891522212,0.4326578188705992,0.4327439619604042,0.37515786657788935,0.3798654244272971,0.320454512156866,0.39746447124160394,0.37659467605314195,0.5051684244622497,0.3715593907123509,0.3949277326327512,0.3217320691665485,0.39197071729530525,0.4170824912990598
cgSYNK00278,0.19402663102569723,0.14522525938915043,0.234609885685208,0.19970061270924647,0.1540726770469745,0.22486718633475417,0.12213760520445208,0.1976074418907517,0.22304433187921946,0.35407613381355874,0.32856944572556135,0.21369936145679125,0.21704098798687674,0.22242448808909676,0.296236724817989,0.15453544812346012,0.28949264518756046,0.24669529964810694,0.2786235679694654,0.16184322898772396,0.27546886804629006,0.1599398554187612,0.16810012843884023,0.2803259459502063,0.27205944304855245,0.1832566981081874,0.2779670794054868,0.29066820139338284
cgSYNK00279,0.3013683693439664,0.24306999871287158,0.22108736806752577,0.21579186452084342,0.2942094359202436,0.27262013116973227,0.26438419864050283,0.2728978655436469,0.2594818977102233,0.336921647658773,0.22440589115089404,0.2444080797642011,0.3042265193325681,0.28457696075345673,0.3097306149524804,0.3429042172784077,0.2746011565877457,0.24306565924163412,0.3101674661953539,0.27387332380810664,0.22943728202689193,0.25226155098532455,0.30723703342334174,0.20350868420429072,0.18278952224484846,0.2905321885986289,0.3555972853055779,0.3255124868867222
cgSYNK00280,0.22586449420542812,0.20784424211015912,0.29836658600546967,0.22166837564688116,0.17273905696127353,0.21478680526525903,0.28956925921443416,0.17493825836037397,0.21431241426958375,0.22255986047214818,0.3022261378678583,0.1729259398479124,0.20576516261302485,0.19044938511062193,0.14645972899667054,0.3311653917342874,0.23566785250502045,0.3293391011111663,0.206124278111946,0.17308509925729404,0.20432270375344103,0.20848928754998763,0.2039714254074307,0.23921486742164202,0.1787488896865243,0.24824879245151982,0.20184859539406244,0.16583688371831717
cgSYNK00281,0.5670778766470616,0.5525090598033197,0.491212357761643,0.5374074203615552,0.6473011926649778,0.5443421976627646,0.665803842108993,0.5425959013839948,0.49122842808459166,0.5875900086975421,0.5457633203633576,0.6420454010089978,0.6269152033817863,0.5050566734580457,0.581769499579431,0.591397514419512,0.5823460896991596,0.5532709799232328,0.5578433510686167,0.6300393731748993,0.5573404931646802,0.5846708807780885,0.47139218496239443,0.6156617220386549,0.4700151829119009,0.6058379442776168,0.5385805108428944,0.5444541276432034
cgSYNK00282,0.6063355803649264,0.7042627068460772,0.6907980328421472,0.7065745362074553,0.6541456984791203,0.6856630916088298,0.7882919062487662,0.735946169973442,0.7222730281712211,0.7165714919203464,0.6984940775294345,0.7224606146659921,0.7206592441863298,0.8595015342527763,0.6818411337060649,0.7492437508350828,0.6670075603053471,0.6643534317767543,0.7044873184270394,0.6750568591685708,0.7240564014290449,0.635497104932023,0.7043177598294401,0.790787822682975,0.6139194641857731,0.760708236129498,0.7145190528246661,0.6912801169727364
cgSYNK00283,0.9498853728987292,0.8612769156993297,0.8909993815099075,0.8944109797510148,0.9870236946445472,0.8946926396262824,0.8814302962399889,0.9180861518705139,0.8706522739708082,0.9023939714487856,0.9610811999406309,0.9320127663915919,0.9710177335200014,0.8202938848774946,0.8407922495393799,0.9235950229905907,0.876824727261625,0.8208862178873148,0.8767143710949279,0.7903863207609398,0.9463005604998125,0.8789584932458532,0.8574806225154774,0.8490351141098773,0.819984325479243,0.9163752267592832,0.8896697067292392,0.8795504993808704
cgSYNK00284,0.9135255867196823,0.9426937520514811,0.8982619912301789,0.8878949736240547,0.8857226863206893,0.8426195910541877,0.9328754432417874,0.806413376439387,0.8277633778869226,0.9379003342324422,0.9018510230738963,0.8906453555613296,0.9189533618086702,0.8836265995437409,0.8805935286748815,0.8460263204558466,0.9110479690924345,0.9303921676467221,0.9059871656374164,0.9158654059869367,0.907959538437453,0.8596339998333349,0.8897280856510185,0.8434385725115554,0.8629783855557723,0.8442486026975325,0.8344606994989044,0.9776689544394775
cgSYNK00285,0.24382280767485073,0.2916842397927758,0.2308596216665319,0.20077118916042835,0.12040496677458493,0.25414672496945767,0.20375403204536863,0.21811909474292412,0.3113547197751645,0.22285141047980475,0.199477538556111,0.26473983103066245,0.2606810492913779,0.2081252990309628,0.2728566558537642,0.28401134353465496,0.19708869888932962,0.2391658383089649,0.16848221029309995,0.22718351260921632,0.27644056611545637,0.29123428180318733,0.20927465045306834,0.2656715813584169,0.22204735997614478,0.24407831632242724,0.20866239281348153,0.3283048148552786
cgSYNK00286,0.4599049109528196,0.5069073071894412,0.5745202718087155,0.4425678958144248,0.460066272235239,0.5125155255874557,0.5315468173003415,0.5649778704966227,0.5580466833870626,0.6038231067041513,0.5463738505179336,0.43020410405120596,0.5291956092091339,0.6412347959300594,0.575076426357114,0.485249739314048,0.5303984459868918,0.55772269258165,0.5378044424854795,0.45602813939407466,0.5410534200911279,0.5499925216946462,0.40415697848493304,0.4692668113593262,0.5555140478715899,0.46490365913291665,0.42090204808752496,0.4276262008454414
cgSYNK00287,0.03313983675242232,0.06805821186087027,0.0706254718845902,0.06921999542799587,0.07124646399987808,0.05944832467342484,0.13113995585725471,0.17339495204735855,0.04479368736309019,0.076977881066772,0.11778787654931776,0.05178115972149435,0.07164904417943618,0.10989220973553701,0.09144852650286822,0.04437249552009803,0.08436795549624845,0.1197819888731739,0.1232864151552663,0.13166695488592936,0.0864349111341375,0.1002540627431407,0.005,0.096733452011008,0.1280420314709664,0.09223389697397003,0.19129482598405242,0.07687063231385877
cgSYNK00288,0.6008278579779943,0.5834762439660932,0.582477515135005,0.6591923584765166,0.5624354950543372,0.6723140170734901,0.6891334210088044,0.5290991792275359,0.5512319458198055,0.6596295061339057,0.6290867665403319,0.6233869241959079,0.5597246515823384,0.6093849257613938,0.6236031371963395,0.6246627035230382,0.6251771329988027,0.6049226741667878,0.5330440706553271,0.5817122082200152,0.6666449677186319,0.5647308455129971,0.6236812187049947,0.5660232184294635,0.6510764382781317,0.7192556112094978,0.5778553267954063,0.6825490571173132
cgSYNK00289,0.6605658644363311,0.581227646130364,0.6392987365655587,0.6751697214238824,0.6388655108498167,0.6983817819306865,0.6373784374970665,0.6993558694349596,0.6934072328036681,0.7207359021116732,0.5843642653594163,0.5900666278096741,0.539008346835529,0.6145838461410758,0.6672619896780488,0.599642835183302,0.6679240567742682,0.6936649389417748,0.744303562862433,0.7913040207186226,0.6943674416102037,0.6001011694210509,0.6859563978560995,0.6657574616930607,0.5752444888949834,0.6327999250058141,0.7168116372394996,0.6583938348851032
cgSYNK00290,0.12149050007621935,0.261885572373573,0.21489006287111645,0.2708376824536103,0.21776012421272964,0.21667464059252994,0.24483423551019,0.16335077611847987,0.27525299269641856,0.19417286104146414,0.1717355292512253,0.20955326952631909,0.17777282818307658,0.13454969776911568,0.14831505914531562,0.22769206252020713,0.3133993180358466,0.14722001571579962,0.2441797938877284,0.17635996847594457,0.1646202717513304,0.22513877941843988,0.23239283580546902,0.1349219675263843,0.21358160023806932,0.20044408412670173,0.22896648084941906,0.1243952612320531
cgSYNK00291,0.26211398095372823,0.22842618122629935,0.26287549127442233,0.3492640508180812,0.2923466774642402,0.22830640852803602,0.2968235197261659,0.2903808428926219,0.20106816995760213,0.2564489541524979,0.25532996973562694,0.24476376955465082,0.30375030140030695,0.29987106491368426,0.2868992180068126,0.22602887764175272,0.28411667172222016,0.3419808785913564,0.2944626789607468,0.23793454770866082,0.2044679471833232,0.2291778323735754,0.23805588984146425,0.14945029570677204,0.3087939246351885,0.24812156103382446,0.28756698741338055,0.15396642395702825
cgSYNK00292,0.1737650290402581,0.23368416997733207,0.15576752980236172,0.28061598811914046,0.17054445004550556,0.16767837739012853,0.17056545046819474,0.1377146641926903,0.0798841321062674,0.21833517776986522,0.14815048429695107,0.12274657971669285,0.2110155541356286,0.22367144350754214,0.2732883671370373,0.1861866607562115,0.280230545209743,0.2508567311426725,0.2319829428535828,0.11217581509187388,0.21110374916791716,0.146080071017821,0.1791669970690333,0.13563315934757356,0.20925705053723118,0.09741360755035336,0.20939018576048157,0.21808735469698562
cgSYNK00293,0.6803843379747945,0.7125357901949838,0.6755535511938935,0.8075540988068685,0.8025494984365463,0.7169069731182278,0.6905793989081076,0.7808323022494977,0.6926909982470705,0.7150083458470767,0.7803703546605527,0.7082834062447736,0.807151165027002,0.7604623194136745,0.6913727976675509,0.7341552878671856,0.7140562130242135,0.714753473599647,0.7928435876810151,0.6706573173912488,0.7887805930031142,0.7897728922441462,0.7293475020639537,0.7944952231180568,0.6499336632946702,0.7056861221058757,0.8341920974125606,0.7550721607947632
cgSYNK00294,0.6695472073249391,0.6713585181260369,0.6778278723635909,0.7018283774635249,0.7355975245114347,0.7940376637657786,0.7275370592827216,0.7071820399338923,0.6888662349428994,0.7366181509211145,0.6886719515402391,0.779329615215137,0.7210538297195817,0.7843622687321374,0.6056376869517452,0.6414838244727845,0.6481694098973406,0.6672307920150574,0.5625070515218468,0.7006916394021694,0.6356088815194403,0.7336355601461472,0.7517924302315929,0.72588069475969,0.8068817073819918,0.6846317676073884,0.6576118099558932,0.6323572977967308
cgSYNK00295,0.1758137345750715,0.2395404826533014,0.07458913291096063,0.18645653104800902,0.12112440776585551,0.1458063727485803,0.1353093601175549,0.1479178777527547,0.18007674341544114,0.2153147152592345,0.1312529765461815,0.14325467999421743,0.1321917458218063,0.2602221685520958,0.19715766342619673,0.13921177553258923,0.31539269629312006,0.264230725234502,0.22134064775752357,0.18187866016014656,0.11287766931579588,0.20038373427490297,0.21310641572409417,0.16753730061631472,0.19348847777567574,0.17328318315170074,0.14920334184157663,0.26392367832766217
cgSYNK00296,0.8109274873502051,0.8429456225874888,0.7866897118869354,0.8330404210786051,0.8940214785339525,0.8108477042715282,0.9100064457844722,0.7341192594456534,0.8276637865602867,0.8436709879881504,0.8124325873295333,0.8020476397141997,0.9096728363272155,0.8906251031174307,0.7986400313849022,0.9107385994116414,0.8800109877028753,0.8233341840310512,0.843401583111098,0.7863475445525425,0.8937605853960058,0.8340189585204778,0.7695951311425879,0.9102913957354031,0.7790919549958405,0.9451336955392818,0.8121939945820995,0.8268054442082837
cgSYNK00297,0.20907728645935864,0.20518758322102174,0.15273322230676983,0.27172856503525966,0.37367264569724423,0.23370531585179116,0.31885046184639587,0.22518050948981586,0.20340719575334476,0.22931177309563644,0.21402771155432085,0.3361803240106704,0.19915839324606013,0.1984078118925524,0.23310979377518318,0.3004641396043077,0.21528841812124808,0.2086471602842512,0.2260453878572558,0.244898351696434,0.153456584534937,0.26740466479300407,0.23971533506318635,0.17649058630570288,0.24421511671814541,0.21266315880517667,0.22386825794696408,0.2080006828723378
cgSYNK00298,0.7968097392004571,0.8313467539552033,0.7260342725312575,0.6704331779184416,0.6811542716889197,0.7391162934958201,0.9237865790732898,0.6907650834709723,0.8067918409078342,0.7528759551236317,0.8531394124278704,0.778580132252584,0.7935578899859901,0.7385765925294628,0.7707593190754111,0.7657986594087325,0.7506615466756555,0.823359701751174,0.6801171306309467,0.7638646577052467,0.7995830561970788,0.7697824481588559,0.6979817299774305,0.7689084775684492,0.8541235843018526,0.770196747560255,0.7783665776551234,0.80299687184841
cgSYNK00299,0.6913299539670914,0.5815842029579046,0.6783714511315513,0.7469343030435439,0.7240692302836258,0.6974540679789155,0.7899648289828431,0.7207591468689482,0.7369001600848605,0.7090603374127419,0.6933706644733262,0.683168330918486,0.779849988372847,0.7403010898255684,0.8091956765584906,0.7406417108863139,0.6200258450429701,0.7051097914746804,0.6762327627403277,0.8108083583008974,0.7076170882858575,0.757237118986037,0.7351878206585437,0.6514271201655483,0.6992081432303333,0.7262701585761423,0.7923571596791441,0.7265493279453908
cgSYNK00300,0.1699156648715636,0.20213818780534737,0.12375306253429613,0.16035451083571914,0.08499488043298835,0.06640732155397587,0.10238146536752349,0.23528459653538616,0.15786939246424184,0.14678174126884092,0.15019261302409184,0.1678341685476356,0.11987607529169994,0.12351489039759671,0.060807777486415415,0.12096919154663982,0.1011660600172474,0.07073777791601368,0.1917342167038627,0.11869363328703025,0.07674003005648393,0.1921901258835687,0.1440188252723938,0.13290319205474335,0.18719779424327998,0.13987796318636028,0.07875109597437777,0.12992179552736488
cgSYNK00301,0.7315154586171302,0.6984029047661562,0.7391822876706184,0.7257315065711282,0.8506917474404851,0.7998914180899197,0.7167853086605346,0.6470245936950942,0.6809023507481461,0.7564626019334336,0.7761117434169007,0.7540522398596802,0.6939433856626761,0.7080289458874163,0.8120298521486294,0.7495037770470514,0.6710248549258858,0.7217762462971491,0.7553795747095953,0.7828918883228718,0.719169444929428,0.7281826828788782,0.8551867003465239,0.759766529336725,0.6867382873050124,0.7500499316310938,0.6604323007831964,0.7879467932989981
cgSYNK00302,0.7276750155918221,0.6879400561075948,0.575618744368972,0.7274773862578686,0.7234538474254718,0.6387749170612227,0.7151300572340561,0.5861638339794754,0.6157953386313455,0.6095596856594111,0.6694605448027813,0.6675479340699937,0.6676722722330681,0.6874089194291069,0.7604492092124371,0.7555752794850754,0.7711145725005367,0.5691326599385167,0.6455421732388766,0.6552114906570877,0.6363997021673388,0.6990488234104375,0.7097078361739757,0.7109901285660921,0.7160256595613012,0.7128877733870227,0.6902380938810349,0.6700414821788571
cgSYNK00303,0.14382569839277418,0.18624195360274826,0.2188101233391538,0.19440164269508778,0.21833677584303746,0.15677199618733467,0.20260687734869676,0.198584984393672,0.10324586460340182,0.1671178954639118,0.26686771009663024,0.30692448564180674,0.16254464692336507,0.16552481425237592,0.1398662274989922,0.2883855212519541,0.19783283155736836,0.19277244458517306,0.18629728837479456,0.19233692787297832,0.22210790185571036,0.10158903656786412,0.14920476693742432,0.2537492430295435,0.18054875159273845,0.22758871213035317,0.18805599203573262,0.19801868839753162
cgSYNK00304,0.1971845647858233,0.1877915745510376,0.14506010133695546,0.04776819483505903,0.03351559380497672,0.05232548009084755,0.04056836950330385,0.20067287577709775,0.09452704069057402,0.11629671266145669,0.15229865572120338,0.005,0.0843091750231785,0.12765425557464613,0.10404933047319939,0.08471106865681674,0.1552670817864773,0.04820846366162541,0.02298636596444681,0.026592083397537464,0.0846270608030314,0.09580859431464232,0.11731630077363688,0.09370916726619827,0.07322851491935878,0.12091296041302867,0.12300431161995297,0.07750920316458854
cgSYNK00305,0.2038544687991211,0.11319300186870895,0.09013145916873586,0.14698992753954543,0.1390481983927751,0.11400943306348485,0.1627739421630038,0.23962339660696064,0.16821651855586645,0.21961266702403298,0.2950526950723101,0.08201166611187201,0.18867684370772317,0.13690953909467665,0.1880524966128315,0.16711616357599812,0.1548808994165655,0.15988050950356628,0.19289130872932955,0.26614447266385943,0.1519589536273973,0.16546708323184514,0.14585405803508342,0.2568282548629047,0.2373801305915567,0.12803451700663726,0.18436267331935072,0.18272519983386837
cgSYNK00306,0.2506387600384783,0.12270946478488852,0.21479129409539863,0.2054101961360953,0.12600893771867044,0.15754416571784044,0.24040684762866452,0.16927410026634135,0.1929376863328262,0.2503572526705538,0.14876619141547703,0.21438410087259896,0.12520141362282114,0.19224228480691297,0.14005241654845513,0.1923164778299377,0.1664477799762985,0.24685545464279549,0.15757367420631063,0.10262193541522403,0.24527001972914192,0.20514562953661028,0.2325215503597935,0.16766342551962468,0.08316106784437105,0.15834161643989464,0.19608326076766172,0.17621307593580293
cgSYNK00307,0.10872112988406551,0.11837013779154963,0.13256015659711803,0.13474750040249983,0.26973099682226875,0.17530888324610233,0.11950066056734754,0.13674284870395764,0.11198347635892181,0.16500406791626754,0.2305663010962506,0.1243119898466964,0.11972332007480124,0.1657474201215444,0.15335374526973172,0.11294773473247723,0.027410644609994303,0.0928584180463087,0.07126336834542141,0.1431279367702799,0.12435927158713482,0.2153512977258027,0.03524019794162986,0.09231491817109705,0.11491385366069833,0.07793803863931967,0.014933265548710065,0.13623342992263981
cgSYNK00308,0.4370260858649623,0.37312013935094634,0.41389524051990967,0.36690486379854725,0.33227028082089965,0.48683743122688145,0.5210478340158241,0.45429563419966135,0.4071143090157493,0.37357254347711844,0.39936149171084484,0.43908405861668387,0.38511991149523533,0.38712364037558566,0.507342259983192,0.48565253354695986,0.40952440355299274,0.43394641713081145,0.34604145408586984,0.49558258729436394,0.38550958436317934,0.46319810369343944,0.4446518616446831,0.351634081523038,0.3763054359641743,0.36341649064639064,0.39046655067234065,0.46567108741133123
cgSYNK00309,0.4851022681150863,0.5058828995053168,0.41325599697287085,0.43549280968260934,0.3735605542582872,0.455330780062347,0.3695958932303463,0.4456340302883847,0.5710727358614075,0.4210027837877778,0.4809724278413745,0.37592751037678673,0.41000641431208396,0.4947645891093028,0.5215942168899963,0.47466296859584733,0.49875527089031063,0.5184448353085568,0.43752844970138594,0.4736039040502434,0.5062212289091294,0.3622620473489118,0.3915070793013575,0.44314126147944244,0.4849179165287889,0.46055389190951734,0.502402911677527,0.4399781326465387
cgSYNK00310,0.35918372001871457,0.204240953720909,0.2562754015907232,0.17525272558996846,0.25715046341081116,0.1599260010364145,0.32897744148233315,0.15754209538883152,0.25879244958701947,0.282887785566059,0.33140260976850555,0.2423367362199524,0.17732641937849386,0.25192728189139635,0.16084785247195854,0.18992682953950438,0.22411167400244716,0.15397382858430572,0.3192108485091262,0.23389591231783763,0.23425007584048663,0.24941729127006929,0.32046974503713926,0.23469859699948623,0.1882296890181715,0.3568471715908381,0.2345692616078583,0.22066304931650663
cgSYNK00311,0.6505763456352845,0.7413432694707277,0.7393159920576162,0.7283486286154774,0.6320117035146798,0.740023036296828,0.8276494554586282,0.7544387732190203,0.7637519265762258,0.6553650349305638,0.7343678697814029,0.6843294466389649,0.7237775153874794,0.8134112254874638,0.6612343190207262,0.5983540809183198,0.6729929369772033,0.7774424201561823,0.7067143363401077,0.6222993889797354,0.6717833307741942,0.6879789831138016,0.6862276714378672,0.6896031588281764,0.7373489410876335,0.6969486523722537,0.7014840298809979,0.7616733677831444
cgSYNK00312,0.29493651644604174,0.1898425288182592,0.3273242256193408,0.26880106796094294,0.16964865165664839,0.23133200797242043,0.21149756650259705,0.2988505930659693,0.27616892703015894,0.3643432762345503,0.2830313545626146,0.2663033651713984,0.2879119387349212,0.26302817226818104,0.26799382227194607,0.24007660884157977,0.4106374357445056,0.21344523625206094,0.2558774488347022,0.2363269837570545,0.3892786456423824,0.35845545695559966,0.2048194234554332,0.2841728353485105,0.27040927360015193,0.29908739225041214,0.37979568240032313,0.3126739502116163
cgSYNK00313,0.15798091917433207,0.07286118659291166,0.018340547427176113,0.047737070917958015,0.10099177374659551,0.10801527734136465,0.016686290671139276,0.09525895214553035,0.11235236354806531,0.15966616940556788,0.11000666410941504,0.1145790810440129,0.05130905280665382,0.1651075988929152,0.021593515535417315,0.11550475907678319,0.06969923682106109,0.0850646421426604,0.05331325572171392,0.054870427420134205,0.043808899052794704,0.1664270396825061,0.10732172594049808,0.06989583391699547,0.1542114728566029,0.14852926565565125,0.10993218000211223,0.028143227376478883
cgSYNK00314,0.8585861538088938,0.7598119971671822,0.8864117112699038,0.8980312217495743,0.8448527329977075,0.7887968276382686,0.8930830494393235,0.8221140992961313,0.8782097650712553,0.8741993870873755,0.7973422930902416,0.7540468165252249,0.8828710170817705,0.8094566946284687,0.8447426068161012,0.9118520356511601,0.795578935453629,0.8838474969962975,0.8157456006860994,0.858003051138942,0.8281922792018434,0.7485778388500705,0.7743221562586714,0.7116354718091724,0.9369594954936441,0.7448275906206079,0.8320860975623434,0.854196334520846
cgSYNK00315,0.37273650949285625,0.38371645409797994,0.42969161932541294,0.4367435744793995,0.343394530095333,0.3774355595960309,0.47358091019712556,0.38003735202653377,0.31763964017183427,0.32485146058219533,0.4301710146613685,0.3361546746537067,0.3771542314302417,0.38996449272553524,0.4133332133567096,0.3490976727374603,0.3748704320650908,0.4128078222188464,0.4039498895513727,0.5238548429869588,0.4045184885424669,0.36466099671170593,0.23633155471821837,0.4259871711083,0.34500893629665097,0.2829012238513785,0.3316882849601427,0.3700975399846365
cgSYNK00316,0.5331078377146783,0.5277887166458537,0.5679561265672906,0.6136598100232178,0.5858318853784752,0.7244675954977956,0.5705962030993256,0.5883229497611329,0.5126919575741073,0.6041775039084795,0.639247297166377,0.574979728791204,0.49173174578947115,0.6792295513229024,0.5380726214265152,0.5800917828688563,0.57853597556885,0.5711890663680518,0.5449123172333421,0.6545888197721559,0.4564358771583164,0.5945263515728184,0.5530095597296991,0.6785586801103228,0.5100730383401534,0.4881646142706201,0.6101738517324299,0.659236872977403
cgSYNK00317,0.17176727447753629,0.26465342841527717,0.12447046578974738,0.16574067113327268,0.20533823732185258,0.07076739472252598,0.1654007937405769,0.2611662760267798,0.12854683524516258,0.18082898751372267,0.356205431448107,0.18762601405006296,0.1855700485378636,0.11250602025148246,0.21262172534713858,0.24216822919734132,0.24579129335638356,0.2631666084900861,0.18658365432390578,0.24732757921694676,0.2138449850278073,0.1809029896229344,0.11471718176634496,0.2404056001306339,0.15901487840118955,0.1056114680826419,0.23384849758258125,0.1626582446104871
cgSYNK00318,0.856336815568715,0.7738761448454085,0.7600331153505256,0.7746289665970505,0.7448409458429317,0.8189938693349618,0.7865110229507056,0.817530309546783,0.8588741193080698,0.8672612469170954,0.9019843820773403,0.9070186519396298,0.8575071317029967,0.8975820045940547,0.9648243786267283,0.7986441078889338,0.8576826869780746,0.874554887570297,0.8240559295908298,0.8203481839398993,0.7900916676950259,0.897209641127133,0.779092839100825,0.7692981623400584,0.9308548705340787,0.8535916278432367,0.796330127353604,0.8131329494479873
cgSYNK00319,0.7281056844287487,0.5953337916707172,0.7226535046034519,0.7846690251566737,0.7749941909933908,0.6969759270149132,0.7860798577633641,0.6951353825855316,0.7560032336792558,0.7362386302736119,0.7667372081396056,0.7244050157519814,0.6907309325642393,0.7625164392433755,0.6744513580707894,0.8198324152625444,0.7168470343880229,0.7545640965842354,0.7673239495124303,0.7582766097011225,0.7656863083580644,0.7888764380728167,0.7204963555064505,0.6752749045103281,0.6871935105493563,0.7554890745827103,0.748546762723279,0.7382844251609982
cgSYNK00320,0.5903299106834551,0.5494159672921883,0.5423248787036918,0.4745806328708696,0.49362267808273996,0.5167036189261421,0.44811918568584685,0.4603479703977109,0.5453912954991513,0.47127599812692644,0.5126543603206867,0.501582372927433,0.659747683581847,0.47732772985653726,0.5657102747712296,0.567353807952892,0.5047697861665017,0.4317485689806032,0.5366515113085258,0.4772551842244,0.5725277507112815,0.5281588814579855,0.4945291362952303,0.48474325795756723,0.5146126188271986,0.5516600586862073,0.4570214855551537,0.5643979361000516
cgSYNK00321,0.4160054885507316,0.5677528904614735,0.4359207723528511,0.5786172550627253,0.4590822370993032,0.556518036101022,0.5057688869746678,0.6062140430866031,0.5297707291725461,0.521420606869375,0.44702023580508765,0.4663601031865413,0.6293968207247806,0.41571542535695816,0.5664030793951206,0.46292595656687124,0.4990928939489513,0.5031602661002288,0.5927112066678027,0.48476845000926055,0.6658698774867973,0.5236936275772281,0.5738884578616285,0.5118225111693974,0.5676731302751824,0.511519243462241,0.5119799552129848,0.6201528955334726
cgSYNK00322,0.8713591373586026,0.8610408904137247,0.8572930805468343,0.8879867968774395,0.7825264908972627,0.8164007551591899,0.8780328232526898,0.9092928742597983,0.8534389643066548,0.8161787630739425,0.7763799164150613,0.8780536932773052,0.995,0.8194890280422418,0.8645607018639987,0.8289832710294953,0.9267753334933945,0.8688076355283397,0.8172509313016526,0.7788987655977634,0.7997268709557128,0.8580615308342904,0.8268798994393034,0.8396398725541002,0.8997448145139613,0.8256308261097832,0.921756301709006,0.7926895093900794
cgSYNK00323,0.151891139175806,0.08697358205327893,0.1495892765051101,0.12436650447805274,0.035151741451004054,0.21485523270510987,0.05781200122110208,0.10291208547073792,0.1034910116757677,0.2928250190654304,0.15548617604886522,0.1181729168564436,0.11072089160248712,0.16401648384716513,0.2681240356489318,0.2144062460345494,0.14714916371348594,0.21480933178282607,0.17358810820734558,0.1439347619530647,0.1598389129713175,0.12204674166190531,0.05989100059160017,0.11294618480222932,0.17530508826111027,0.17859202952602957,0.12157766860741868,0.14334819734151863
cgSYNK00324,0.6642631670951871,0.5322461913668809,0.589243783099906,0.6473610906075337,0.4940986554621929,0.5485614147696377,0.669203663660134,0.6705292160691169,0.6909141191546829,0.5457613130700523,0.47785119213674465,0.529902791211312,0.5626071101785616,0.5728039863399295,0.5849742540189528,0.7385860207850407,0.6603712288411185,0.6413156962246428,0.5131669333448148,0.6408838207970591,0.5763898574587035,0.6231202352238119,0.6432771132430012,0.632017787984579,0.6345113163133913,0.5731020683843253,0.5685046232548138,0.610899690710294
cgSYNK00325,0.2825279025203852,0.28249345315641405,0.24920339620589496,0.2271592807501844,0.25339889677252403,0.16353860882005172,0.20865684448588137,0.2117892065550385,0.14121617117184043,0.23428309922259724,0.16252889696446554,0.16663327518540177,0.24569566089491052,0.17564608868872542,0.25383982946144223,0.2508375657455235,0.19039908767005798,0.16485291156627288,0.16437491705346077,0.2712096057298523,0.22045630270923974,0.2212521007067609,0.23127818589187396,0.3125305953760695,0.16739337407013127,0.1885844734229166,0.2070641557539307,0.27434574109961396
cgSYNK00326,0.7572216328991315,0.9047893681155237,0.9194251842938491,0.8785679999064919,0.9243438487410073,0.8676019009440976,0.8776569787026457,0.8540189460248296,0.9138189357713735,0.8464803128491533,0.9487567389890866,0.8865453353716337,0.8460797228923845,0.9054669480216427,0.8569676297085185,0.8028240575961141,0.9306243524036273,0.7727222592236258,0.8193816107604653,0.9024871918754432,0.7846932587975262,0.8334841830754111,0.8447903971436165,0.8256611503209972,0.8724311440485738,0.7990388566616454,0.7611069601991075,0.8053423986113492
cgSYNK00327,0.3211256309473617,0.30124967246492756,0.2521253722845519,0.2278387437076071,0.27483528986706063,0.3000172857818123,0.240036628829098,0.29650695533096044,0.30988113469094186,0.24567532822828703,0.29734201263661,0.2288062575902064,0.25116987288147413,0.3041296006355978,0.24073268132716305,0.3371863393208203,0.2364128689137576,0.28180531560947464,0.2835074106368737,0.27451495437931256,0.3244273116775492,0.25372685172258186,0.32466259576977163,0.3096491126475403,0.27423184844086707,0.2785950035627567,0.39348600319712634,0.3625435104520788
cgSYNK00328,0.7393693905081934,0.8354798426783094,0.7969590550250245,0.8533155191656593,0.7429110812360835,0.7641285937307666,0.7614357989778484,0.7514468748648891,0.8292801122556797,0.7509056668087093,0.8172647666558787,0.8263421417529949,0.8450253851239093,0.8599578459756411,0.7919289439913705,0.7497403670864221,0.7951110697000157,0.7366536560872364,0.8047232100245282,0.8625724373325901,0.7898215514519222,0.817569258893466,0.7647020885909224,0.7249079972784603,0.7560924488670069,0.8120961698220842,0.7769586297137716,0.8033969050452492
cgSYNK00329,0.8418266141293694,0.6623050510050785,0.777910539470684,0.6828668606466779,0.700119662983695,0.7502474589219277,0.7993458919796499,0.6609515157147567,0.760578527866632,0.7524468114256047,0.7675290086532529,0.7038638257959746,0.7951100652886258,0.6415303138174434,0.6821758728652966,0.7020730710799213,0.708703712256851,0.8040673583851639,0.6978607809302501,0.8342777324187344,0.6987634260887624,0.6775915770162336,0.8077545792969723,0.697235587875225,0.7580929628830341,0.7256537432502557,0.7674599268523546,0.8063091812385886
cgSYNK00330,0.19408851789073892,0.17473713168083305,0.11268703565894098,0.13627266240508118,0.10554848092783739,0.0523635656619998,0.11650778446048107,0.05055814676686696,0.06186787418197527,0.09786653339835197,0.05139115571400626,0.17792985720257048,0.14640902698176322,0.1594664118528038,0.08961258625363869,0.06487170182278065,0.1581544912263263,0.02254480692316365,0.023486285141144495,0.025208622916046697,0.04420811326908379,0.14010497462902607,0.04549899989195428,0.10856455967271267,0.09961739258322144,0.005,0.07482168582610291,0.013767594676172418
cgSYNK00331,0.7597311706485321,0.6956511109262293,0.6783513437149322,0.7373456788965013,0.649505267750555,0.6294922048699089,0.6240470357878876,0.7394895141534188,0.6728563619051753,0.6746701728572171,0.5689748575677569,0.6711208271927799,0.5883957502844597,0.7248204913660978,0.6978618896202435,0.7282501857170547,0.693524208986277,0.5989187181704306,0.6304748006204769,0.6389826226105066,0.6649277203595508,0.666729603185436,0.6933232493409752,0.6653059643080569,0.6667910889829628,0.6604440672180633,0.6729080624689079,0.5461934112191887
cgSYNK00332,0.17998796623731275,0.28135718688236366,0.20020619465153655,0.2593146613001049,0.27007777614385475,0.2833996457969717,0.18867420569381924,0.1644088578898028,0.23404134771955512,0.09065943235522764,0.2618042340764932,0.22694954906996664,0.20681776447359632,0.24524456075861578,0.26899540838232205,0.19314425005922975,0.2242807614162584,0.1913184762239276,0.22723596025576856,0.17742674019525342,0.25065207423759095,0.2083511583706534,0.16934102732904963,0.20934475940420072,0.27701173373187454,0.15860973396639055,0.2694731579665589,0.23221648871027686
cgSYNK00333,0.322790795876202,0.4859941255569601,0.3647732181097411,0.31572715007868624,0.3941712343199478,0.3769243788193748,0.30744724824873404,0.35115932205806855,0.4676370665438766,0.4558000057435649,0.28384980336259175,0.35207886704138674,0.38495429819883853,0.359509997813618,0.5176891075189133,0.43165671440658976,0.3825215031153346,0.44142141156948494,0.361377794556019,0.44884806955386314,0.4414749746337788,0.3016491624966168,0.25765116246208963,0.3696239140091504,0.34131091270870145,0.4101756575966452,0.345224970304361,0.4159184545303553
cgSYNK00334,0.05281292191746097,0.05778728413102228,0.1514857384448568,0.07585702638262004,0.1684812549648602,0.08867996922867008,0.17157399868216966,0.1088875665572743,0.07660010745172113,0.06986877300823954,0.15898945584050828,0.17066207093908048,0.12080398198964251,0.0623570856030437,0.19016365822839656,0.10780986223260845,0.005,0.11155291787410529,0.11379701462321501,0.0575323951748385,0.06920416081679596,0.14719271252651261,0.1355242902932284,0.1822077735416452,0.1731036017390288,0.2563634561509235,0.13616153606709033,0.14580002891282878
cgSYNK00335,0.2434126900485394,0.29961321195285434,0.11024422424592599,0.21505220950880574,0.2562698886197645,0.19365634123189351,0.30513139399549766,0.2146387361231937,0.27034674581851803,0.17627535835643204,0.20417509680168067,0.22292098246461162,0.1472624305142161,0.2669483386808393,0.23590971881603973,0.19106004144263594,0.29405802752921517,0.23303883849174703,0.22006645537227904,0.2453599826865384,0.1965583013574669,0.17530889373579941,0.16459798317765909,0.23890674026695005,0.15399388331540942,0.1997456302597932,0.19044335318144343,0.1857471523381519
cgSYNK00336,0.7913875535547589,0.7842048671514213,0.6870885893593087,0.7944239359052507,0.7626688326397114,0.7032245613611968,0.834809031803571,0.7200849461084599,0.8077647503155623,0.7786776867565713,0.7394133331654023,0.7137766348502348,0.7667536125337724,0.7434120081659866,0.7715315761665298,0.7510312179873924,0.7107446398569954,0.6982481186318311,0.7357897116017754,0.780112855226319,0.7222658183484024,0.738160128970604,0.7715464252640402,0.7790710048188093,0.7255379464579206,0.7450646129735574,0.6675963811474213,0.7524032746687261
cgSYNK00337,0.005,0.13569969722813674,0.11200976308206803,0.12366132080101334,0.11214563736250739,0.005,0.0627896821107863,0.15493387923394114,0.1001156170974254,0.08289264069105062,0.01954695914108645,0.13446690010185278,0.11809514212587324,0.17464066502848458,0.022037275817845967,0.03635085152774206,0.15401950837399941,0.03593550188595051,0.08660130427109258,0.015181087355507453,0.10924772593224855,0.07938219222652036,0.07595578786551122,0.005,0.08953573810028422,0.07515899371029787,0.02285529184906019,0.11132734129018247
cgSYNK00338,0.6923121385399196,0.6125680200164395,0.6904199250434233,0.7198567455010058,0.6860101826780607,0.7624733441104042,0.6933041197488002,0.6994337594468287,0.6035032959219266,0.6912318712592819,0.7231836446858054,0.7080533377214585,0.7625972950137269,0.569364236170246,0.7000166945090401,0.7586230167750392,0.8781377205614675,0.8439973607995535,0.7499172629753058,0.7561911310061715,0.6217010045876157,0.8461756623190103,0.7062434128927688,0.7086926328332053,0.7126757680732841,0.6978679240233274,0.6768385693789617,0.8052365429178614
cgSYNK00339,0.1585783163613288,0.12490875390009779,0.135275784639323,0.14625959414309103,0.1662056053049354,0.28237891253698094,0.12288968812482415,0.10986184946791122,0.24166462688939003,0.1366273280851544,0.15552590394993057,0.15565507799565476,0.17064130629931581,0.13525569675464805,0.21860260636410195,0.19074686415022224,0.18247915328695255,0.15326476017872737,0.27250584633748526,0.18301729633921632,0.16655455891262297,0.16475200343153018,0.18015405857031885,0.17160226971665585,0.1547521972610707,0.2592005397063466,0.17516847045209405,0.14235675769160905
cgSYNK00340,0.5969582666100046,0.5529389415569427,0.6582194626234293,0.5661217524096595,0.6392550196524859,0.5194722674062197,0.6383611608499818,0.5678249951145303,0.6542067684246118,0.6379975084674268,0.6854835542298551,0.7168216962171217,0.7404012195053962,0.496613887820052,0.6442561375829025,0.5435142406039916,0.6802891669231288,0.6009479133648048,0.5482666082297748,0.5682325819984564,0.546407108308315,0.6629122394563167,0.7254015255826024,0.6615779291948024,0.6310843641388616,0.6072854471992344,0.6639065650740829,0.5829237943603456
cgSYNK00341,0.2704498673692067,0.33793443521248945,0.36006491191577655,0.2563271160991748,0.20604160758823253,0.2558671577852257,0.2786631659268993,0.2475795689491137,0.29187939022602594,0.23061004193867146,0.24446003827850982,0.20263118617209835,0.20485396709745715,0.30369030646689316,0.2852498812815405,0.18314439352937908,0.1875053818046184,0.22778940461415972,0.23743210893168365,0.28422267060808976,0.13428389219043385,0.2682073134768686,0.302018502624771,0.3876392312354606,0.24108425980146148,0.12515625188639412,0.2120902247610203,0.12867363924640407
cgSYNK00342,0.09802298817221922,0.21999639759809186,0.16742388202047,0.20380383559021967,0.18351902114005125,0.23808644094582487,0.22058860285676646,0.26658575228627984,0.11129644628909223,0.13389583988395526,0.15960094614332898,0.13622890056861645,0.20426586409762162,0.17383027071659263,0.24766114495275673,0.1226175828487932,0.20698327275204947,0.20036799389076237,0.24039637529920138,0.19852316492312053,0.20044039624371554,0.11311077921852011,0.14738304827112642,0.21198191514227493,0.14476832765557596,0.15611962757840558,0.2102429054425357,0.1999218597171484
cgSYNC00001,0.35058245091409446,0.3106451654336769,0.32274833718878193,0.24975802696281701,0.2869766254718181,0.24638217608285973,0.21469052180163484,0.21744653531889935,0.3840043822875935,0.3536874124108542,0.25360367768935604,0.29255439236321745,0.2797583147964296,0.3693102747110051,0.2976249546441824,0.2922806045765061,0.30695283767403814,0.327094550021585,0.3465874235133256,0.3486841272128111,0.2678834804290215,0.2412587150354719,0.3118545303672575,0.43027497163653544,0.24030551496195734,0.08058294611750924,0.11967496059536074,0.054042519033202556
cgSYNC00002,0.8331434949219323,0.7706383749764895,0.7793321208979781,0.840391890987165,0.7784492427118213,0.9093033566943678,0.6777673770390122,0.7688955467992983,0.6741827020234706,0.7023989217624637,0.7314070375801454,0.7569113153685576,0.7674074390986151,0.7978924597167428,0.766284140782837,0.6898106223473895,0.7814782572903731,0.7324905094678926,0.7919236653760983,0.7071326703673365,0.7923838242341199,0.7301765670691475,0.7386485505649167,0.7668384525974968,0.7859702492915822,0.6541091696347143,0.5727112723853324,0.6592434469832922
cgSYNC00003,0.46282239485661314,0.472802038134824,0.4298476356163777,0.39294073218706127,0.4490453625553554,0.4381152243547315,0.47139850729392413,0.480175139578246,0.5065094771364034,0.4387261620834076,0.46817050654242054,0.4972360835693764,0.33964436908679646,0.45731392058225157,0.42266430995503224,0.37582075891536504,0.4467573890194207,0.45462621208190845,0.4714585631617679,0.471001695474596,0.4472530548087433,0.5386906334238868,0.4589281339492139,0.43527334158347725,0.36002644124642735,0.2999842216041002,0.19709520051116183,0.2442359555221986
cgSYNC00004,0.8858388542695379,0.8475333696756584,0.891198199627691,0.8762273820736277,0.9283843066730022,0.9307702680523833,0.9294609204636379,0.9173967052755496,0.9713662292331626,0.830317856730113,0.8054238969026501,0.885302151178702,0.8309525023486972,0.9261648610829949,0.9139236384089089,0.9102746941478332,0.9176949609238199,0.9151638481957143,0.8439301870225946,0.902596657096945,0.9531667051416375,0.7561733363162382,0.8504987472867422,0.8773042639320436,0.9092314690879184,0.5496894196657341,0.6550555727863289,0.6543366808413927
cgSYNC00005,0.7821347026537365,0.8543021459612369,0.7509768842433174,0.7752684114723775,0.8262524264164863,0.8572610848302683,0.8653527818457712,0.7079621484440722,0.8007647562910194,0.8292203097478852,0.8683341689288658,0.8242272412115014,0.8064997628169064,0.7495700868143449,0.6899808189572464,0.7648017452120893,0.7825385005842102,0.7409903435260554,0.7451234209547655,0.76387540558518,0.8040275584842265,0.8023114839089278,0.6752825326850654,0.668237915487197,0.745682106008683,0.4770478326676211,0.638104408755574,0.5301901422385439
cgSYNC00006,0.995,0.995,0.9474041565161366,0.9362885815953818,0.995,0.9934267091692784,0.853526975779677,0.8996437983016723,0.9070562693432236,0.8712997107173762,0.916985452488399,0.995,0.995,0.8984587728375101,0.934972139511596,0.9701727289169615,0.919425352717369,0.9844339759001762,0.9550418959175708,0.9621652749157983,0.8788961816579689,0.9647148611965057,0.995,0.929003674925675,0.995,0.8577435070227407,0.7809227207910354,0.8711324150110143
cgSYNC00007,0.6490085369797174,0.5912413414389146,0.7019791644362972,0.7269240133198782,0.6253549376663223,0.6601906002932916,0.7434931416729482,0.7117796139284305,0.5881758803157804,0.6202512487400584,0.6873522658198468,0.6483480575908037,0.5731174788247164,0.6181242891101061,0.6514493182993626,0.6461782895210038,0.651664335820117,0.6724126686916041,0.7129623023394558,0.5681129416835268,0.606596873409143,0.5905223360352405,0.7306125680644715,0.6866619370815823,0.7042256702164333,0.48228463627312607,0.4987220894433969,0.5446679644413562
cgSYNC00008,0.8019305204504743,0.8304734302778463,0.8184022495712888,0.86679727399875,0.9054145281471921,0.7977822955937968,0.8035237886107967,0.8289173406740469,0.7859104135308452,0.8488580129218299,0.8898022821626161,0.8282608297171765,0.7967030430217612,0.821249094939597,0.7696164459471928,0.8027197365474203,0.7995214171293787,0.7659124065552809,0.8184577927129191,0.7889332751350677,0.8530243736871541,0.8394666895216321,0.897500268501142,0.7618598264175505,0.716643029591367,0.6254225097880108,0.6477209177306749,0.5668083789716934
cgSYNC00009,0.7516466644249984,0.7633954451662328,0.8294346008537372,0.7801154473557408,0.8368998601181377,0.8969404347350083,0.8123209080399174,0.8889318392755259,0.8548496776419205,0.7770890942839392,0.8255123891011864,0.8619421760578792,0.8692209259981165,0.9000906078878019,0.8663842102946095,0.8104434816540584,0.8171425683240567,0.8577980657214699,0.884968626092665,0.8201243982287367,0.8218556998515518,0.7818183518698292,0.8766896922967387,0.8270276081620749,0.8894572845098963,0.7088605367123864,0.6746017148619036,0.7227006452820113
cgSYNC00010,0.30942198312453395,0.40297818423246023,0.3913779873042069,0.43548805693936155,0.38486612296902867,0.3320228504671109,0.3275349278483589,0.38796604364722953,0.3471026558740809,0.3250706745796752,0.4734977029101929,0.44454397119219624,0.4594922952397853,0.3732789601812708,0.3715871237842323,0.34861296393537483,0.38837542573930484,0.441321684608018,0.43049076085016047,0.29096095177963655,0.3811632256493076,0.33893171934743105,0.35168951084020184,0.40395575380495863,0.3946168790824178,0.34073359725186747,0.3332376685672532,0.23589015028985588
cgSYNC00011,0.8860785196458798,0.8369573202134014,0.817003643016801,0.9178260925055568,0.8163987722028813,0.8598428910829204,0.7863160990788458,0.8303721399374822,0.8916251373924386,0.8315180283243138,0.8641235599697368,0.9736080420824458,0.9068335735221896,0.8360403767867565,0.7872140143336014,0.842753147926343,0.8096653908059609,0.7865404866337995,0.8837161902071388,0.8555788526246619,0.8018672554638951,0.9322015959711984,0.9208425448321843,0.9002218058284407,0.8427523934607861,0.6911380196773562,0.6350877753379321,0.6463087280428823
cgSYNC00012,0.5027155926196902,0.37718339973953796,0.3667034199372182,0.3613317910659885,0.47091485894929797,0.4735375415110515,0.3971419043983529,0.413635376889013,0.4179953098869688,0.4874304468575859,0.46206352787641686,0.5283861109635493,0.5307759895131959,0.4762731379619448,0.5173048123039556,0.4147781085137704,0.40849876397920654,0.48008125282562747,0.3879452368263594,0.505261642645501,0.5056682570261437,0.47379509651456725,0.4071337051668736,0.5078816288658135,0.44521446956316774,0.35721507078636655,0.31386452010374055,0.32775586417678204
cgSYNC00013,0.45042274617350275,0.39990435623313547,0.39789372732269335,0.42650904427175285,0.43023515491046915,0.45117014130591704,0.38124675435953925,0.49019436430213215,0.4364555903128413,0.3996761355164973,0.41809903190631814,0.43709446006972175,0.4201351474677344,0.3937253492913313,0.4074214757695215,0.4296189068697609,0.39698985909835927,0.43089646388733227,0.42841233209704177,0.4971905145810046,0.47256246058927864,0.49124286824180263,0.46593116851204075,0.46710346629196986,0.34123117948017345,0.3748187562002989,0.26036437618777497,0.28933986344901225
cgSYNC00014,0.8732491628778986,0.7942031344691407,0.8474932142768747,0.7496430104672931,0.7366560114070662,0.7966613217962879,0.7702696141566072,0.7949849525171228,0.7850627903475826,0.7856959078044222,0.8228009231488129,0.821865889083481,0.7255239066810025,0.8594895100860733,0.755508570315011,0.8070029431805639,0.8099579739423058,0.8770336867090213,0.8902424950946628,0.8810032496634864,0.8697613576695499,0.9162368785672349,0.8317915757474026,0.8060223836997266,0.8375196901427511,0.8198176120109353,0.8278549118426268,0.8508961248946316
cgSYNC00015,0.5683395254697231,0.5532937445308458,0.5221205734721489,0.5382162085829183,0.6293539670725145,0.6216980037930694,0.5004373280748825,0.44802159195343294,0.5584500765516691,0.6089286974665836,0.48878911367808453,0.6260176984889567,0.6060706189773187,0.5897972401298597,0.5719642861531271,0.6557618623829384,0.5434416936074024,0.5533648342454828,0.5155710272882782,0.5531269784278487,0.5566118174206561,0.5348064924096804,0.6294351155171732,0.5677550083685166,0.6219324992856909,0.5326698309220816,0.6190287460033779,0.616633378406314
cgSYNC00016,0.49453787113527237,0.5434806778835976,0.5312166422871544,0.4820263604517371,0.4787827090737778,0.44608065556071774,0.42542749218217196,0.4170465513450505,0.46762337292835654,0.4976667083403115,0.4358609729608641,0.5326540487015823,0.4481394823780572,0.456409727719809,0.5425793235454079,0.48963347210551,0.43342149938009544,0.5158703409978124,0.49793742057041396,0.4325635573799979,0.44549675246913073,0.4702728827920854,0.4507545982571034,0.4670582615228437,0.4599319549318166,0.4354211014071591,0.5611739230282697,0.5012152057601543
cgSYNC00017,0.040061360799587414,0.1606200167079694,0.0752429848974619,0.08033732380546987,0.17443758554963312,0.08209272209208227,0.13724235162578052,0.1841266719337334,0.023230157010404845,0.14992045450964708,0.1400060251616549,0.09694331036551815,0.15275313869164647,0.1194066784147548,0.11788513537647027,0.1542842903295114,0.12444858327569527,0.04488545498664197,0.14766540379392373,0.11231936976144208,0.12403259359998534,0.052389223387212386,0.11684625229765927,0.025565293208202125,0.16971787684076328,0.1560686153333777,0.2602199529972539,0.20543239476708264
cgSYNC00018,0.3066781471390167,0.331806828727929,0.2863982699655105,0.4022235969155849,0.3421569305403558,0.3114077774309146,0.33293494912050187,0.45105539601437333,0.4310015764319376,0.4210875690941948,0.4196391131556955,0.4491692534383153,0.38335191189771733,0.45229258672032563,0.4208514350453754,0.4682513551012208,0.40868056844740636,0.4137979264266943,0.3996002957390093,0.42111711293810583,0.30208419989448204,0.35608617264517683,0.41840271805129053,0.4064574102687665,0.32107986380924985,0.4655538974131373,0.45325821519158516,0.5190284253501175
cgSYNC00019,0.29480478653817316,0.27103782853523056,0.2786412061261395,0.2801637187328006,0.303479780846728,0.27782202272127865,0.28349506103756406,0.3394509039468483,0.3290247265646037,0.24256601469937855,0.2679282586851435,0.2992299777511456,0.28020990368902104,0.20794975149086425,0.31707763575405873,0.24850890043849294,0.32723829230046547,0.24941928281357084,0.27696735361854496,0.37285397284108485,0.26182610892907443,0.31486778487188183,0.2799415584688904,0.29227066721916767,0.19009022784702917,0.2632025967096378,0.3288551827590112,0.27269424580945706
cgSYNC00020,0.3437565992712026,0.24715008190230311,0.23518512373311315,0.24781295183815297,0.27476239119449086,0.1958508815908114,0.22009992906527123,0.17079274563279198,0.3299563799361842,0.17277066697628413,0.27992799987673156,0.3205129630949437,0.2223776492866716,0.25570301629552894,0.22521060134744905,0.2672503694047055,0.24842877860370974,0.32404876504088864,0.2554700003515621,0.1885669993028168,0.15584615293209714,0.24716001248000588,0.3244413185464098,0.22835277005720803,0.3311224524388071,0.3933134889560855,0.3207158376370928,0.2657437546107269
cgSYNC00021,0.7474260739654427,0.7416540615593603,0.6759739924879392,0.6853034208447747,0.7306781337028211,0.7102291714204803,0.7291735958623254,0.6131964441643701,0.6907743619157256,0.6607530370837023,0.7326369023155009,0.7096908736779669,0.7762417437890669,0.68931548059322,0.733265222284475,0.6582626265148095,0.7145629371932003,0.6699971925495954,0.6469761990411175,0.6639096806469632,0.628887246940331,0.6795254941712412,0.7384734727191887,0.5780779781399507,0.6586525308881928,0.6231935324774381,0.7494353025009866,0.7933553597279107
cgSYNC00022,0.7208928087047777,0.7714203291785321,0.7403405511898608,0.7783723791817511,0.7524927243523268,0.876107804364653,0.881049203128852,0.6895751374007499,0.9202282744350182,0.730858381002728,0.729539593222544,0.7075484606966067,0.6565491624251292,0.7878739191478046,0.7761753996149997,0.7003723714452214,0.7744646618365297,0.78289739550364,0.7303441674658538,0.7323303183024382,0.7404341375131746,0.7529936900626946,0.6894578980364765,0.6848826646979703,0.7422421689156199,0.8412925246820367,0.8310047230673759,0.8159327408033076
cgSYNC00023,0.4681040810224135,0.42690812361596425,0.5479821435871947,0.46748071066143876,0.48630502704039236,0.43655194355756605,0.4866961311398459,0.45274310896347303,0.587080665272577,0.5309506067971421,0.4271128305560838,0.4649660602781485,0.4428179584284851,0.5450005760766715,0.5234220214432375,0.34615805775517117,0.5330665501916145,0.3553717542338672,0.48229044918117403,0.4847954138957659,0.5069066026683309,0.4735195869091897,0.5778530300868026,0.4790577616151519,0.4297675402457437,0.4196594816360206,0.5684697705968338,0.490611701740659
cgSYNC00024,0.13429758174661005,0.030938578567182476,0.11835374569823282,0.12389904977815941,0.14683109919444298,0.07863999673271066,0.14075566358597782,0.009220964070474527,0.01048452320268077,0.02259539606629528,0.10889186906578674,0.056013605776092684,0.1001157104491946,0.10550847655687162,0.06073592603369951,0.005,0.1202522013138356,0.1382114362498715,0.19552074902009794,0.1520077252649597,0.06656432658070775,0.10298128729300557,0.06831642561420057,0.13053175003491227,0.11611903215338809,0.1871014262477959,0.013785341402335116,0.2774254110255079
cgSYNC00025,0.02650724831479436,0.005,0.03093322519088798,0.09148479346477831,0.10028941278189579,0.017100736440036624,0.06597064517601109,0.1147473046648956,0.07596712325397992,0.12467613735227726,0.04063646999604355,0.10515004085399451,0.03928077001916403,0.14088644058311983,0.09755026782176218,0.12970098148929385,0.01777027182330492,0.04172817651248705,0.1858153202767529,0.01588989747042678,0.07133242875599724,0.06250715593516129,0.005,0.024813659521829144,0.039063913454721384,0.10694827714755917,0.16880230032429147,0.13746645063632792
cgSYNC00026,0.4567724566382301,0.4766058288392811,0.5979814129417593,0.5314200627149986,0.47082442178861733,0.6115962811755165,0.5136309480682174,0.5013913526346901,0.4024499800476235,0.4214406998725842,0.5099019345817383,0.42804157481799043,0.47567884247729236,0.4880484284974393,0.5155884834028052,0.47481029989235496,0.5112455692203338,0.6076059436049603,0.50326297034827,0.39096534696342156,0.3981431772218021,0.55426491627727,0.5302522345388984,0.41277887162482174,0.550396005672379,0.5636182176127417,0.5553838711190896,0.5199838432850327
cgSYNC00027,0.5189832961732335,0.5531699659170385,0.6011927586941479,0.5739026057665781,0.5376589199120464,0.6217754816395863,0.4972954396469237,0.49097393692840385,0.6375870228220153,0.5679079287831547,0.5464014725371241,0.47083962770843923,0.6277981544421174,0.6529244935546231,0.5900119652579897,0.5677195467222064,0.6026449144061646,0.5274772339986671,0.6107847092293568,0.6115903711383524,0.5688832798667451,0.60524691468669,0.5100112525606619,0.5546831580238866,0.566931552931904,0.5453274830247542,0.6864796864411727,0.6105075342216536
cgSYNC00028,0.4300615236135019,0.37159344159327545,0.28999079409546524,0.39388585210934934,0.44767073249936407,0.41670005748194805,0.3672005766178731,0.3557560265600225,0.5400745017248487,0.370365468720659,0.38938253760447583,0.43869015719068716,0.31931297272695003,0.435744472769344,0.4563193551226854,0.3926388657574502,0.3557178241718726,0.28150809526221865,0.38701216159816865,0.39716998959963534,0.3602555561958817,0.44041316268302444,0.4157503842095368,0.32136192666296926,0.43434887439077585,0.439139291963901,0.4070819219794613,0.3747089286137716
cgSYNC00029,0.2595893290528042,0.18859762575178393,0.13501642016799154,0.21356496522327062,0.20828789617176197,0.2829615300087915,0.13855653611382224,0.19326740595475986,0.07724150674741197,0.23970944302047953,0.12916970912758274,0.15091895433427568,0.17099370825211627,0.087381586213189,0.051730246200890895,0.13426438279319577,0.1504977370976903,0.27021617362408606,0.1540271560732373,0.10130115388211768,0.24194503972347736,0.11492552015458059,0.15096806980599184,0.04524527296085537,0.2094788619256622,0.19681234395908903,0.22348335287733348,0.23116390557544897
cgSYNC00030,0.23436498105520898,0.31206224407224187,0.3240792498760738,0.3222380428488102,0.30085664229132625,0.3715761383312769,0.30740068673193555,0.4037217590190743,0.2543500420302444,0.2892951598381778,0.38665885636157427,0.4019135288494224,0.33485426457046347,0.31095322863708513,0.3355277760028619,0.3779853703591864,0.3303608913726734,0.3420430008015062,0.25909038155448233,0.38981114445168025,0.37277367277439677,0.34041590752086115,0.3181261659595568,0.3224841554802575,0.3151485672173156,0.23721404854777917,0.37521917946014605,0.35295660991258226
cgSYNC00031,0.6926868271836127,0.7717549379982591,0.7781108312941982,0.712118726275485,0.7365398227416055,0.629911320289208,0.790538955741668,0.7364122128569964,0.6772949460672114,0.6766666936431475,0.6293475229664309,0.6651995291315964,0.6793892750036553,0.7937443940427742,0.7040684180137138,0.7252196761927292,0.7048058201486181,0.7416933074860022,0.8068743873109031,0.6265656054711782,0.6618892337392778,0.7600106787912643,0.5980715859889412,0.6051293444241265,0.6559094616797105,0.7278374712857292,0.6349489782558939,0.6731880192718206
cgSYNC00032,0.4487369135040559,0.477588741805951,0.5118340208460391,0.4320884350234959,0.48494258813552454,0.4979995396860707,0.42645805859210373,0.4349995961297914,0.48564030767474087,0.491198826924502,0.6006441226375383,0.5049406761237514,0.38016773347760924,0.4259559266919982,0.48294052661849995,0.4710458993821738,0.5722048624400748,0.4592393697176006,0.5517495688832049,0.4167247254950169,0.5277579088785207,0.4993363094470768,0.36518454719469495,0.49828904556669734,0.5297258165329211,0.5039320724709364,0.397100811572488,0.5232005009924592
cgSYNC00033,0.7582285226901799,0.637377961040446,0.6348478396819441,0.6172812221179391,0.6787183100717971,0.6892282086800403,0.6284421801951469,0.6130808011674973,0.7454828708702013,0.5154800506795555,0.6764124985759467,0.7103174230685453,0.5905100864633269,0.7003322864101966,0.6941459830996123,0.5751052736839352,0.6064718908066056,0.6682509276951252,0.728493667397387,0.6323508772125102,0.6365424919418393,0.6333434978405467,0.6256251312973523,0.6926838944660223,0.6703128877492429,0.5790466667674946,0.6969879102033082,0.6301538602465901
cgSYNC00034,0.24208867004553647,0.167681925848775,0.28012472132331284,0.1730771398395831,0.13988311332130535,0.2581798131482657,0.12131378136063739,0.12110847692718604,0.20477598635452213,0.3248081758831283,0.09867649631007702,0.1539327593191929,0.11544377040901115,0.21860163012019418,0.14488111334776876,0.1330449521484614,0.059755709503507254,0.19993808656721915,0.2219930815321559,0.22025144876829578,0.1711727822321426,0.23379337360664953,0.1620855614638208,0.20080701913030902,0.22064842682340105,0.14524764107963672,0.13657996495556296,0.17135452944297203
cgSYNC00035,0.024162720995885623,0.005,0.00726337021806181,0.005,0.11401547974538664,0.1393335424001177,0.12092450910859812,0.18350012441730953,0.03409983134266308,0.13000595678034138,0.09592209252857532,0.16035360863549056,0.0824263707094769,0.08697884895862736,0.032825447272093786,0.16211159114697726,0.07337297769438153,0.10734386554358852,0.0957158984620077,0.10057749672470422,0.05996223584257877,0.160554734452405,0.08024597296928138,0.01590955767637167,0.03518912277129018,0.06511701360430132,0.10494428707737563,0.20252830741070255
cgSYNC00036,0.33382020151189595,0.34430142832457167,0.4615589523363733,0.42964285241231687,0.4013397988915708,0.4273230417174485,0.3752744719664497,0.4894320737438554,0.40842246334227356,0.39802047375598715,0.3682909816523057,0.36467418668012885,0.47437940651733046,0.40466543214748346,0.45699811718270983,0.5123787719081898,0.4395887106549185,0.4957921688150924,0.41110518693206377,0.3873545597154125,0.4726412223309279,0.4264024843206113,0.409475033800184,0.3810183281219846,0.4386127272521137,0.4357257978368552,0.31473597051337526,0.42328012943907833
cgSYNC00037,0.13884843872497896,0.1450656800607935,0.15814719990297588,0.047601964135260785,0.2108502634262196,0.08480450493199099,0.1571231500098518,0.13436832534079388,0.06052278701184208,0.1601684291325538,0.12810960207651803,0.12494649013795256,0.07552085487749793,0.18611787008688382,0.17609278539813422,0.19251444993810865,0.16809462313571594,0.08503889184039132,0.07810463287799893,0.14766614225451868,0.27362359447105145,0.2452925295884283,0.1651324248391471,0.12330095263373086,0.13913251227802248,0.11355246363359635,0.171047699750567,0.05773620501595332
cgSYNC00038,0.8100899456816592,0.7427354810611703,0.8881101994823647,0.8228477717903392,0.7992270256456984,0.889428759866378,0.753226293056077,0.7772737061723284,0.8905836119085357,0.8063550783391739,0.8560064149797236,0.7261654166191738,0.7449917429694558,0.8905863092990219,0.7974713946838597,0.804283340411343,0.899760526744362,0.7732049343817315,0.7442704277733206,0.8272288558263563,0.9056923827249954,0.7889935584892429,0.8433067519980832,0.7716400458035668,0.7812377242935934,0.7622514083653925,0.7722276911381275,0.8839375580604674
cgSYNC00039,0.7940298547104234,0.7636445235846607,0.8106170935868939,0.8111158516178208,0.770617285274586,0.7349252066845515,0.7747761222700296,0.722225608694401,0.8341823004999952,0.7489968022446225,0.8479112667867182,0.7119734143440547,0.7768766987489027,0.7631251727487376,0.7885441141047148,0.7447324457037129,0.7262055992630493,0.8288700848570283,0.870554596980656,0.7490517736577628,0.8521127407107572,0.7313248022688758,0.8543579631084198,0.7642951995127693,0.73781462976385,0.8717848293898743,0.8601459824939317,0.749097332628819
cgSYNC00040,0.7016826618390876,0.6412183317901128,0.7294589632044972,0.7525855414443323,0.6282293669404518,0.713385704378218,0.6812874523354785,0.6838893604277592,0.7463561898392809,0.6719588905621849,0.6242312859851248,0.653748533339932,0.6669149782088355,0.5623859428515324,0.6634505213261099,0.6216292630422519,0.6801388517338877,0.7136449580464539,0.7508904551627023,0.659564918523209,0.6380719566302792,0.6908415266385466,0.6226485158798498,0.7846715616963917,0.6722580505449024,0.659641300444766,0.6559240808232745,0.7341711050510764
cgSYNC00041,0.20851195904545122,0.2990897765469413,0.44323161774788566,0.36734001164848507,0.2870832396387389,0.3487383185972438,0.23811180695652667,0.3824111515998393,0.26795128952577507,0.42864544550847944,0.3745964862892805,0.31628731981096414,0.37404493239499415,0.2537975205022453,0.3034099227897846,0.36202827750168115,0.37477016153430714,0.39808053156474166,0.3100873496528313,0.3275300456683137,0.3266717340208726,0.3152931610196682,0.3914339679124009,0.3703178494034254,0.34905040195591586,0.3060029274425666,0.1560957996033828,0.32873934505059843
cgSYNC00042,0.6211210119929806,0.5966673786610456,0.5009511046056918,0.5049692938804874,0.4679387555711465,0.5770386530851014,0.5637236260838215,0.5532966063685714,0.5534776455181001,0.5662312520938977,0.67271076437642,0.5561125737753868,0.602364957761031,0.5137922363029124,0.5976668547904432,0.6383500043565945,0.6214162828740475,0.4853783161221519,0.6660469053918351,0.5387839355290341,0.5920084214781383,0.6680579285997357,0.6161984918143385,0.5716548299921933,0.5679679487176085,0.620266264791384,0.5596580294617719,0.48223321327191837
cgSYNC00043,0.6786113328007477,0.7178478423338766,0.6440563933131384,0.5912187625237256,0.5546081205922031,0.5637603105777514,0.608755903787769,0.6704266064424768,0.6093253179472184,0.6061847813508762,0.6017139842643665,0.5097586364129059,0.5804382547239979,0.6747904452997806,0.6068254234969914,0.6602835966585733,0.6515839732982347,0.6050416104909927,0.5078950302762488,0.6153952371496706,0.6181767654972354,0.661091088208693,0.5239118899257784,0.5468676463472234,0.6092267324578664,0.6571132516356947,0.6710134948720772,0.5786594283949879
cgSYNC00044,0.7855547889355963,0.7123465261197816,0.6869335437544445,0.735964649813668,0.6811300168871224,0.8273799443495552,0.6947499882363308,0.6773753386470193,0.6681858682130485,0.7025730772332599,0.7300792584444626,0.7455284725887226,0.7093885780974222,0.7715999467041494,0.6763578956552065,0.7935437333165313,0.7839558896592164,0.7564011277921181,0.7584357261369158,0.7115147228606684,0.6685790210815941,0.71668188137595,0.8283297736264451,0.7620551256636231,0.7703069105775344,0.6354128854875999,0.7244932923929783,0.7083384157748657
cgSYNC00045,0.8288667258672895,0.7443547626715129,0.7935012859789493,0.8641302640972686,0.8245946988262864,0.8093211164361588,0.8494226408206192,0.740482180431976,0.7876697063956171,0.874019746037972,0.8104954099480756,0.7605648390929803,0.838456996781226,0.7522696044212579,0.6997387764534835,0.8374678178628695,0.8688501505178636,0.8589966231635482,0.7817096212835972,0.820501317169628,0.8129158922016645,0.7580344540819977,0.7846789836656871,0.8199880927973199,0.8275239755697422,0.8020338318222605,0.844401902462395,0.7998747302344205
cgSYNC00046,0.833576718805441,0.9289875558259144,0.9476429115669114,0.8713928994884562,0.8335305689565529,0.9484801700774242,0.7812422917010206,0.7704152911314679,0.828183092566371,0.8750062060366409,0.8389223267091075,0.9456208607633209,0.8777079176362402,0.7915666547774213,0.8268544510935812,0.7915562240680145,0.8543649119131916,0.8300451904269918,0.846382266936054,0.8633137319253845,0.8666466698662303,0.7387644236104243,0.8289767104977054,0.8491420294717366,0.7679701500175529,0.818501570254067,0.7865924432334627,0.9249629938360792
cgSYNC00047,0.005,0.10275306188714253,0.05254640412600531,0.05679301257487668,0.040792376026185184,0.08608732296522328,0.04092058606091889,0.06601487805862194,0.005,0.09725190912904932,0.10523300808523972,0.06436580579293512,0.036668165763396154,0.005,0.005,0.11157188244474042,0.06320651745351873,0.046834284038812596,0.005,0.046682521955025424,0.177004171292883,0.025109016552749525,0.13308506258218877,0.12491000542065242,0.04534242021824811,0.025661242616006885,0.11223244716972296,0.09177976631951987
cgSYNC00048,0.23173001178110159,0.19331537760561823,0.16498827717043563,0.23387533704431818,0.2240754198740974,0.2242714390551031,0.20770815652675978,0.18842226756618863,0.25410073278227713,0.19288887715894554,0.24335656611931145,0.20351919989817469,0.17694389128572552,0.21202126229390106,0.13174474432706268,0.18411867275488752,0.19263357039940543,0.27415734994245644,0.2382295844756876,0.18303763338243006,0.22811711833115839,0.24504840204787653,0.3369237322583201,0.2819415796852898,0.14623294617275023,0.2942288892632841,0.23989717880446942,0.24268315878557117
cgSYNC00049,0.241607907877302,0.18185645653619795,0.06523758060337741,0.2111741683778734,0.19057802895774492,0.20861916735995698,0.17463335327874635,0.21215698629309745,0.19010679597256663,0.1387803442638109,0.25285203159288455,0.19575216849423765,0.1597433918650442,0.24577454678687624,0.1840691811649607,0.18275947571167742,0.3348651507881032,0.17055660146052765,0.24379660910814324,0.3010382851679179,0.2215665407846034,0.28043264353226205,0.19620243206867546,0.16714089311806493,0.28143717902873194,0.19408751065071028,0.18371536625736445,0.23955164548230756
cgSYNC00050,0.03000927919642781,0.1902590989355891,0.048557706840692806,0.1002815835967393,0.0988081702277192,0.06821502356279269,0.005,0.09703074327902148,0.15733388481732374,0.0693282630267836,0.019700816492323213,0.08542820003837182,0.005702681158916485,0.1186089641365616,0.08496011590806019,0.08147519049719687,0.03504390347507614,0.040024001758624576,0.11173883340821164,0.2185663566782066,0.05284970883509966,0.09404187752152504,0.1623843322976541,0.1092913330369206,0.13471843627145846,0.13559802402445073,0.12507321051173936,0.04482109332175477
cgSYNC00051,0.6699857117504213,0.5367750625938603,0.6433269536031565,0.6074184891982812,0.5187517560701052,0.6423728746845729,0.6700666307223933,0.5735797837180605,0.6035198466515566,0.63808674229867,0.643981457267091,0.6232042855125284,0.6006411289766111,0.573879536202482,0.5700649306820467,0.589191952545232,0.6500794183071681,0.6287042933900784,0.6173007169779567,0.6969285646296701,0.6026710468840251,0.6151984421478605,0.5523103091099877,0.5942638943388128,0.6640668348815473,0.6314572825432341,0.5106489826659788,0.6970266707136813
cgSYNC00052,0.4126235435863192,0.3860209703136134,0.4070814952272154,0.4153836300643649,0.3511879469658484,0.3867090672514973,0.36018060571064564,0.37569481429401874,0.4062726976542075,0.35865933927585475,0.39852622513504066,0.30586856365603027,0.3991685121634592,0.5787706764408963,0.4045818606555748,0.4311198911888356,0.4723424716950829,0.4460558232980409,0.42312350834230394,0.4864395715106063,0.3317624910711506,0.36881496598530816,0.4149095418506185,0.4046641076552152,0.3124542293396002,0.3620842777084463,0.45105320903759816,0.40146798689981844
cgSYNC00053,0.405584179830097,0.48256502687003894,0.45929872990819337,0.4289051163931417,0.4723403575655148,0.4389976986347388,0.4363331610115723,0.46698281334460273,0.32990556043476876,0.44381123780997894,0.45412511436772546,0.45664896739812166,0.49989398210740343,0.43416020082009293,0.5005242229875366,0.4532806796836725,0.5577012623989827,0.422377525420012,0.4470340925496352,0.5104547684926738,0.48812755173492417,0.42265382112048827,0.5835185677614761,0.5086903793398103,0.40672965983093895,0.39294120449232695,0.5138038968764738,0.45802999966816127
cgSYNC00054,0.176561686747298,0.1837284602683388,0.22618835996494754,0.03424022148251939,0.1572508080111084,0.17066627966839454,0.13767566402998335,0.11770117780144503,0.14431714100308446,0.1329366776027795,0.11701778668309831,0.1020521067780661,0.18619938467765626,0.29095121734861645,0.2597319651654955,0.258579500451825,0.20680028560469083,0.10013712557385453,0.09107416311653396,0.09779197325632695,0.0826376848315924,0.14808356954390267,0.0699559280450525,0.1657320980666363,0.0999998238188315,0.2338089740775701,0.29634153171422406,0.18889047140171256
cgSYNC00055,0.27746448304378557,0.23869165324180505,0.27208714756075036,0.2368455805257104,0.2255294203337613,0.24186308514357688,0.18118637794978018,0.2166495128378539,0.2413422497210774,0.25623878075264805,0.2232536018887972,0.29934736767491454,0.3321355365935277,0.1933682781918609,0.28835362539794285,0.2222179589830036,0.3054391998002187,0.1359986305804534,0.2389997636424838,0.2965465638686089,0.2941374253649286,0.2511538496582265,0.20733714115552657,0.19629650491759945,0.33678557280219457,0.35492459438480356,0.26855029183094536,0.27423398653680264
cgSYNC00056,0.19574827927042582,0.09622574292233947,0.1049009972476521,0.10060069270429757,0.11177638090107898,0.09955568872405483,0.17805767957826862,0.14771215761197598,0.08969406155736585,0.121985767832778,0.1601455937138122,0.17013392180237424,0.16925180007485374,0.15106387617524764,0.0633902853711565,0.12996943554692564,0.12831294355448414,0.005,0.09970621077601481,0.053276792684183394,0.10389122469437369,0.1717448947063574,0.047542386120190475,0.11328513201191133,0.19871571864524384,0.11470070186985568,0.19143068139371927,0.19091426339581996
cgSYNC00057,0.6659015546957836,0.6750378923303486,0.7103148256251419,0.6651616393515283,0.6899342050306743,0.7112430848961594,0.6414985948855356,0.7200648314390918,0.7072855968048843,0.7533760344975757,0.7154426472688361,0.699482773938982,0.6968118570848085,0.7869604388666519,0.7066008774943099,0.7989538965597343,0.7180546024841046,0.7905840532106592,0.758066846233162,0.8339463281962942,0.6999283775780731,0.6800271144906587,0.6243764728607071,0.664388785474827,0.7629011391304328,0.82975399086252,0.7295555856974238,0.7437352431232304
cgSYNC00058,0.20448371212373095,0.1611202588677038,0.18882644597637702,0.2638520812219064,0.17749030554873688,0.11497119032573598,0.1762766214030678,0.222042654076531,0.23715947092281847,0.1890644804861869,0.22542588308979314,0.26456242381116957,0.1581459646942242,0.23653183116269866,0.1406737762832111,0.3001594009620344,0.20124550471336017,0.3035408182582584,0.24883401336972866,0.18278383192360773,0.20596265178313394,0.1778197495643118,0.25653699459477425,0.24259038823904716,0.18723470512687804,0.2140211724397315,0.1423858562317937,0.2168346632585619
cgSYNC00059,0.7166440683381803,0.7792321788740253,0.7510527197624626,0.6347247346670766,0.6975150571544003,0.7798569137131678,0.712218242762889,0.7229631120995703,0.8151899447374106,0.7551014654744931,0.8146140859955624,0.8589884504906833,0.7637031179804885,0.90003519212409,0.8032816538163802,0.8179200839796853,0.7748829313011558,0.7091602946769539,0.7584897257214342,0.7244979097957981,0.694232084963735,0.7741503734110309,0.8470849108152447,0.7167985631741537,0.7761118612015524,0.7436600924541096,0.8471077724311548,0.8030486192922494
cgSYNC00060,0.47170165132791,0.538782623524479,0.42699303985975745,0.46604122852010793,0.5144053494327429,0.4930442136817126,0.3944847582675063,0.47338360390162254,0.3666732745436677,0.4182291293548451,0.47310939619292836,0.5199134515985039,0.47224655949447086,0.3995718645651258,0.44776855790290093,0.4670284392643869,0.4621720531899392,0.46887285477667595,0.43443332069500823,0.3614630460194364,0.47220973879363004,0.35474910947162613,0.4907428538382248,0.5001007236869746,0.45070339858511244,0.4439292360108496,0.4385610066644603,0.3762949036940126
cgSYNC00061,0.6173550225049175,0.7464597247343806,0.5331897655827782,0.5831231378262892,0.6077494100234923,0.6922276529376251,0.508591569154202,0.5325657852890069,0.6618731855003601,0.6357095119611959,0.6939770051984461,0.5937930979092201,0.5473029993893557,0.5939663355837109,0.6067342647683904,0.6111765263905425,0.5372136321093207,0.571399570805753,0.6371747952468212,0.5711374156188423,0.5854167196333279,0.5571817963964827,0.5864874362740601,0.5021340875395928,0.6187578933122373,0.7026499450666266,0.6187512518874506,0.6772620405358246
cgSYNC00062,0.09169927378929356,0.1745214424083722,0.20497967140891085,0.2618745458905086,0.20780033305770437,0.19811400715024305,0.2640170722915079,0.2188931088915992,0.20447866845953067,0.20229820156251024,0.10360336181513752,0.24163171209870812,0.2775816785989205,0.20530102909551606,0.2806110521638995,0.21444117292520107,0.2555825353739868,0.2593834403398013,0.2672554376368819,0.12596196228516357,0.26510924992685825,0.24025261581713653,0.202366723095869,0.25636010362112716,0.13380415246803318,0.19362503839489714,0.2833727640246355,0.15557323281753715
cgSYNC00063,0.1885705432776326,0.11813320012497477,0.1894899138864663,0.11426999915458988,0.11032143401682343,0.18040679640457236,0.18771678307725453,0.15780911496265004,0.13144553479628548,0.1408076028260174,0.19690664021694726,0.17822000348659525,0.060471534093448784,0.15903362129202864,0.11821791165841264,0.25997624343171605,0.26541298411988623,0.10413303877362606,0.20042575252345246,0.10130783543448366,0.1985682640233139,0.23615085102506134,0.16231599938222485,0.19009059986891713,0.203070015543951,0.0713642377235604,0.17754687917998613,0.21329819601023758
cgSYNC00064,0.5039956178368471,0.43277977877406504,0.462658604642422,0.4050830626908287,0.5060412733493799,0.5274296576303004,0.4708191520997109,0.470231007213574,0.5758309752457186,0.3923110595919213,0.41531211463988443,0.38293898559897094,0.5090768464734842,0.39225633775883434,0.5209220592903805,0.4626830455695826,0.4516320375395571,0.5074224894060742,0.4379181916955247,0.42312612151719164,0.45601539960755905,0.466863534636494,0.43758207355395967,0.4798523186436681,0.42984075411813893,0.3890180808371555,0.4348913726385579,0.47347777457288326
cgSYNC00065,0.33095789228733724,0.1875914625382093,0.3060105454137764,0.23482971619231854,0.2728602209975595,0.23000028864440356,0.28407045276920956,0.18672979621411046,0.2817606994081769,0.2700246702320564,0.1945988891348176,0.28877464988802964,0.22956768435027616,0.3181295589076412,0.29147212068301603,0.2875386315201639,0.2573188879727156,0.19563861104203076,0.2843680306292797,0.26571156300004395,0.18090757360591678,0.18741361577401228,0.24190985945684387,0.22603908446650525,0.2556984714390702,0.24505056145832843,0.23959946447414973,0.2520052342948501
cgSYNC00066,0.2817555528111133,0.2620972760371101,0.18406479378792973,0.19343040705724104,0.16592943952262384,0.30221134492731944,0.21969418366169313,0.2081550735767055,0.1767502081964527,0.274313686407435,0.16872881591447564,0.2822788795201176,0.3467591228009745,0.33833414986110316,0.24049159307989562,0.30756237799958674,0.26644534723424157,0.2090915220495893,0.23677920627451843,0.30151896042664406,0.20771641554113654,0.19722373144967192,0.18449163850165395,0.3306212772422508,0.2794408609618153,0.31130854076480874,0.19443499687295346,0.1740514344427817
cgSYNC00067,0.19365436204238845,0.21512490796864758,0.2957855471736522,0.13633652503649848,0.11817415574024226,0.14792423081824904,0.21007390306536802,0.13150582503387717,0.22407219192117214,0.21725045702094903,0.16815055676092067,0.23647320886017464,0.14929509029768678,0.1652441686900904,0.2066144670207253,0.12017374022596045,0.15145313797628018,0.17653302344014293,0.09540739949114942,0.29641600719463335,0.21935881627039833,0.1584909568971574,0.21783833927526963,0.2337222633656644,0.16482484625412674,0.27036477955761723,0.19973107964365222,0.1467736965191568
cgSYNC00068,0.6283727114237964,0.7386405714134558,0.6615222949090152,0.731542594611762,0.7698742178132711,0.7216636199817461,0.6473093024163817,0.7556611364498949,0.7679157185529499,0.6820692181915011,0.7744705947203349,0.6447740066459455,0.7352288852784364,0.7025270221414093,0.7340169989082879,0.6437912141844155,0.5887128783650016,0.6259484442149585,0.7131603140458224,0.6523915484282379,0.7452824885463056,0.7307880787295187,0.628042375255506,0.669697551356705,0.6172048791720689,0.6610328288141294,0.7238854019738672,0.6950736369013826
cgSYNC00069,0.47947944070546183,0.47791045174398605,0.5515837514977939,0.4080702079925625,0.5113961959106295,0.4235920972890257,0.44749878979578184,0.47026211928317474,0.6360254259188004,0.4659232479011476,0.4261409344019484,0.43946977728001396,0.33481411892978197,0.4705553976851012,0.3993530783200277,0.4899046339244349,0.3847365879152671,0.45249798345002074,0.46462069836665026,0.4439621905630534,0.5282085378706253,0.4574513893903426,0.38099398713412946,0.416945579848612,0.4855658027004125,0.5134470026906005,0.3990464258802405,0.5046634430654661
cgSYNC00070,0.3825621804666255,0.2815715947795614,0.4557350109647084,0.3558199721121237,0.3947179530270497,0.2726860288714437,0.4051381842383508,0.3905128284713782,0.30378878961703826,0.40394394560861013,0.3866929464238608,0.3686080169647867,0.350330608956107,0.39926312360590843,0.4166942980678718,0.326209631234466,0.3426412992895999,0.29841348238547283,0.37087794953706815,0.43343400706787866,0.33677618311531904,0.3465743661308973,0.3406813058811208,0.365838442643213,0.4120155451406207,0.3323746080260716,0.49281722459198113,0.42753803263781687
cgSYNC00071,0.299267820797624,0.31366024503669776,0.26010022941881883,0.21393887104592915,0.2613964916057004,0.1780677723199624,0.2658323994347698,0.30723577465399937,0.2782581678735485,0.27880344969923515,0.27428463489475446,0.21556768112939484,0.2069912996158831,0.2076862338554308,0.2731048606015493,0.2695772133942403,0.2590917856907703,0.15887876962772673,0.29019508590526033,0.2932644383518388,0.23896170595802899,0.22329219218221802,0.20747720869446726,0.29387868256957744,0.3616676858811995,0.25296813145680963,0.32581708333912274,0.2631981946679534
cgSYNC00072,0.45561852193081165,0.42011303721253906,0.4413875410037152,0.3659922500072721,0.4030187355809922,0.40374323232798126,0.34790930164333256,0.41955621998827597,0.4719772921176797,0.3708255853037368,0.401918551116295,0.432300186937295,0.326580242344522,0.2991261229377369,0.4182910013269304,0.3997606060134429,0.3142714170581434,0.4731114121152902,0.4766626185091779,0.43965249829984954,0.5010951984984648,0.4949557321551854,0.43022884526716326,0.4013973924692668,0.3443216401050632,0.41571467141939794,0.433896620403257,0.3348647848286609
cgSYNC00073,0.3383741687313453,0.27907514088769614,0.2131341295747839,0.28129657792159635,0.37900788058253354,0.21711338988189724,0.3096873423050654,0.3319782749215707,0.28838476725345796,0.278627520771885,0.2287026472466237,0.21484272913805774,0.3571040514365537,0.31971818743845887,0.2358278342073492,0.35631577612990073,0.21275023595479947,0.28010389509765476,0.23986807389113085,0.34639900668173285,0.22792190559777104,0.3994871296009582,0.4322425161766129,0.21266897528686554,0.2918684163409062,0.27990494890396017,0.3463076151758234,0.2927580790616493
cgSYNC00074,0.38885658644568466,0.5211822094229294,0.4081941451300562,0.4888979093945373,0.47168664757509043,0.4682008508418934,0.4897544667557464,0.4936016589642682,0.5345027137521057,0.4264071850672475,0.4258411995535751,0.6009367535799575,0.425776524489017,0.4590408361858231,0.4433379885290586,0.5025042418364377,0.4982359771625537,0.5224414591067751,0.5172393170259882,0.46681624380936515,0.4427152273311963,0.4596945961851431,0.5561826926015098,0.4513171820652475,0.5056529283797613,0.43255259469130103,0.5814803528321004,0.4890654058429552
cgSYNC00075,0.3822289361423461,0.39208650970850156,0.46763356351769075,0.45834898074823516,0.4774134897962852,0.47168050231790937,0.5006175788999624,0.4310183694747629,0.3575496652618236,0.4199688283483603,0.5408370947222094,0.42205628595410255,0.39767038614380135,0.48831940539747265,0.403451703616741,0.44029520096915736,0.4408541721185226,0.45545785613202466,0.4838607913499744,0.4296955940768466,0.38640533594007087,0.3368214102304526,0.3079575693796424,0.5524116477403951,0.4281673052948236,0.45553932146310044,0.5504720046032867,0.4989571362234387
cgSYNC00076,0.22665869012136775,0.23538807471413797,0.33157401090235405,0.36788305243762387,0.3136339237768781,0.26111177689233633,0.2796377055491201,0.3081528320622108,0.22933858202529186,0.29914725481549687,0.26772981186200007,0.29420033469537404,0.3165754365813573,0.3037603611081668,0.21739731392739628,0.25900938327284684,0.295851066421039,0.1849251128522752,0.26546333865800664,0.266996979700205,0.2979293005780597,0.33401220845339885,0.22004028449248855,0.23377325943103047,0.2600555611771153,0.2570359582960185,0.2648778506888296,0.2586893461050429
cgSYNC00077,0.7405703954145907,0.8680935166028978,0.7351488386300162,0.8107904735455536,0.6432007327367222,0.7444038765225487,0.7939177040114404,0.7281604129941306,0.8670002055356134,0.7084940302152078,0.7157830654046707,0.763750296503815,0.8115433531705434,0.7794741170076336,0.6782632273485368,0.8302146028701616,0.7388521450697989,0.826132197010975,0.8069002104390226,0.8014959912042474,0.7174374259191241,0.7065569553899375,0.7593675967200656,0.8066175842929997,0.724361337998489,0.7437797541940511,0.8146604979615961,0.8759204110905647
cgSYNC00078,0.13720500432981406,0.17951816967590067,0.07007738891044163,0.18032572163646443,0.10347619531355384,0.014934067642034837,0.03076020512634821,0.14689642781745693,0.07371426629744954,0.08533467622846304,0.17364588018210567,0.0582641009728007,0.07435683107008646,0.11055051419700705,0.1459354467601297,0.14069538493428596,0.20466796033487988,0.12339971534276509,0.12212847546791465,0.07624863469691227,0.048118592718451564,0.13055735774607058,0.16164591541443024,0.14749809541487208,0.1808009224707303,0.25835105964091387,0.1755680663864499,0.07487139754707282
cgSYNC00079,0.685520426534391,0.630737427568549,0.5991481448672303,0.5349711116750668,0.7129420938674549,0.6521752819153535,0.6566702885059237,0.6653171741682816,0.6462062033093862,0.5828919862891482,0.6866935680090578,0.6012678934399396,0.5402191800192331,0.643385754777076,0.5921215671483602,0.6339830654546164,0.7204135020084177,0.6234847652237147,0.6542022401789066,0.5995191970611785,0.5387945746814587,0.49847495759280536,0.6451357211026982,0.6391787775065656,0.5335004859079946,0.7177603483281783,0.5733068181970158,0.6282994148039684
cgSYNC00080,0.5952825962456904,0.6147352426906545,0.6744053090256137,0.6158933513221836,0.5219533823078866,0.6189190059434672,0.6737438144101993,0.6995075664416022,0.6479641320641598,0.5646406850345974,0.655982273262612,0.7055069251551505,0.5684168067404413,0.6804112422338691,0.6145181306251043,0.7047043599468729,0.696972776648755,0.5707003707211871,0.6712744485584843,0.6737883933325067,0.7102415459997289,0.6389170299624495,0.6214073534033963,0.5877489885058609,0.7279708597467949,0.5414557344026716,0.49288068193804613,0.7401786633931017
cgSYNC00081,0.3469727229434675,0.41416020695293054,0.42183969081121847,0.3380989478554853,0.38407202391697565,0.3502991925452423,0.46385967367902425,0.3352337827881348,0.33318112089754337,0.38943169164981184,0.43805416929070773,0.4294382982191387,0.5346179503753178,0.4021556210203736,0.4549779420807751,0.39507136377489255,0.388250381910724,0.4516723757209404,0.37837327269633597,0.37528495379788707,0.37746658639031616,0.4073871816890482,0.3837679286031464,0.47697882616260406,0.44895664696065096,0.4580387055387519,0.3576813142878939,0.47378711010972907
cgSYNC00082,0.42715460125575094,0.5179590032491519,0.4600646896511412,0.5331547242915524,0.4296349088316895,0.37727802812001243,0.4499976393045698,0.5858472039984552,0.5704890944171328,0.5284370949215539,0.48057248809644304,0.499839315803054,0.5429315922727235,0.5230525299585416,0.5299471708692368,0.4820936952986146,0.48817851152527775,0.518329905160026,0.4317876215947237,0.46953875507912923,0.5081106749192674,0.49506789053793876,0.42269383005540756,0.46625014386368446,0.5206180098610246,0.4840743089518665,0.4958695547749799,0.5642967692226518
cgSYNC00083,0.46710239814308374,0.559212584882256,0.5066732057243652,0.5427800587417339,0.4625083086891938,0.508691310676233,0.5588992310249161,0.4569397005812565,0.5392240012427995,0.5155011395404905,0.4846984005316712,0.6083071628621256,0.5644851760636339,0.5407028180526193,0.5244166129707495,0.48356664137380234,0.5236041718366575,0.46542559298622604,0.4680363258716949,0.4963887900533875,0.5212932190367342,0.46199567668906544,0.6003489597887777,0.46052202078802323,0.5205532289245846,0.5173887391937996,0.4351130374567532,0.5104059011203975
cgSYNC00084,0.8718473941511908,0.9669015939533396,0.8675517963855677,0.8150529255498028,0.7868043620597369,0.8583332951160534,0.8736992289297824,0.8780374197475872,0.9701742517967261,0.8877962804740808,0.8043639183513143,0.8920221607358031,0.7754083633397397,0.8536918491368795,0.7605498765571983,0.8275217649096173,0.8863063773446499,0.8228502467257832,0.8850333464535173,0.8076095629772824,0.9293874435633681,0.7605245945207404,0.7064998554664998,0.8631487387373332,0.8583731242700933,0.8483927314208229,0.8046803008682973,0.8877008123710503
cgSYNC00085,0.6934202088566019,0.7223622944817141,0.6772217631895459,0.572305901644785,0.613712428569093,0.6656091894087175,0.6686016402123782,0.6568286764641791,0.6031531464172283,0.5949811414860723,0.6220489481747112,0.6349211192106518,0.6650902833779527,0.7336978959411866,0.5876321857091094,0.5898091355063956,0.6640461002053355,0.60978045535493,0.5723927508911782,0.6582884570423619,0.6190084317656034,0.6684246378555221,0.5931982140988618,0.6584295855157586,0.6003349797545465,0.6469337391212329,0.617287430903611,0.6950125145291652
cgSYNC00086,0.85229291285289,0.827867173446205,0.7596695691954568,0.8703224224890465,0.8316391314416954,0.8316898729715404,0.7732231931685408,0.8265074713692309,0.8292202922072052,0.8215852046912601,0.8017404825781688,0.7762947931308516,0.7819994461883216,0.8258746737116183,0.8818434779027081,0.8430281744523576,0.7173801159412809,0.8508063938373821,0.8857473672061249,0.7391096905602029,0.7909207191906615,0.8732316444071937,0.7981047966959149,0.8971536217672774,0.8648529264025541,0.7577726591533172,0.8397618462162916,0.899974887810426
cgSYNC00087,0.544457245671678,0.5099169744241452,0.5763065128949205,0.5942641079678123,0.48667775052458173,0.5262502281837428,0.5504221065335759,0.6499704308065769,0.527657112957323,0.6755446622060876,0.5107240104168344,0.6042993237929403,0.6055822609015871,0.47183088822583585,0.5281077288641134,0.5823030566492087,0.4169060255329784,0.5576868551379557,0.586589279434713,0.574148825391416,0.5796185490511733,0.45800729892821956,0.7039411649992204,0.5321564140948403,0.6020307521129277,0.5166087920285857,0.5295367205210616,0.5506072141719873
cgSYNC00088,0.7353352672389865,0.8126464354165848,0.7856635777543426,0.8383730030334055,0.9127765178618055,0.8484118006336561,0.8706936795596428,0.8128146560320183,0.7485947401265939,0.8706688524272441,0.8500321653508192,0.8603890002402887,0.862314547339026,0.8452294385111738,0.8542466766768932,0.9186363048947489,0.8331266317484682,0.8052389190160354,0.8220531996161178,0.8083567883481041,0.9892788190402777,0.8726541956964612,0.8309572004168778,0.9637171901597168,0.903913238663452,0.838243511278228,0.8859129989787162,0.8725655806732348
cgSYNC00089,0.360399025513622,0.41136921302235924,0.33977352795630783,0.2910640510013183,0.3323728770792204,0.4007684154655125,0.48081134952712096,0.35994727511261077,0.3005220187832346,0.4134541553229759,0.31416469613575104,0.3897581839630608,0.3123653130567525,0.3307024466604285,0.3971397251505611,0.3603694898359553,0.36226631912929863,0.32299216388407354,0.30371409286900786,0.38475109948156205,0.37254562108909345,0.39637902232184297,0.4708351559573002,0.29316929215124465,0.2832661418071895,0.24836291920538955,0.39848325063002854,0.357332936353108
cgSYNC00090,0.1403644098985116,0.1394545472907994,0.1768222593032397,0.16922430440282976,0.18931239066276725,0.20984838904685688,0.17857154765349215,0.14176247187995802,0.15881820183709747,0.1904416875969303,0.17655248375087468,0.16714796917607555,0.16820138426095452,0.24889147621756458,0.22200408844767527,0.16962928929565485,0.15692819655134832,0.29477277038024363,0.1513604028427024,0.1721064472372528,0.11207570931872715,0.11132900715531455,0.13792162738727598,0.1652078385449067,0.22145223547764473,0.10175514369760037,0.11102278986081811,0.1649024918485721
cgSYNC00091,0.5094461557375013,0.5564395322871515,0.48937849521221727,0.47188781220792614,0.4771337623500918,0.5176845144476999,0.5196005426618864,0.42177488539564467,0.433757767066444,0.3852429293963655,0.5403097442089906,0.443929912102636,0.4610143237615922,0.4831772462224886,0.5058847661390695,0.4681164928133174,0.4984615807376349,0.5000576721331553,0.3986332560950243,0.4377137053229181,0.4377682815999875,0.510193387070612,0.4780020600090633,0.44126575155044206,0.5501006147641591,0.4273469753724515,0.3819277904746656,0.5513117506331546
cgSYNC00092,0.3111628692117996,0.43497810049089963,0.3603355510174796,0.31167233495624036,0.4039328146380654,0.4689758764711771,0.4594292352610899,0.4616070568181232,0.4717125311240929,0.39907931236612953,0.463854302920363,0.4978159633572672,0.5467300341586103,0.4479636184820793,0.49755520345759946,0.3352640564919944,0.37793430659619603,0.424179195003043,0.5488809919449642,0.3727593972935585,0.3243574399490002,0.3765180569947917,0.45150990158103593,0.4644345619340129,0.5893144205455426,0.42948288765395715,0.43603123684937506,0.4210125863679369
cgSYNC00093,0.21261580362357974,0.18413072255928756,0.1840513177701022,0.12147992242824612,0.21690645249832802,0.1461537939141674,0.17573128048510667,0.2421676193775007,0.10099952463332529,0.17456094841992273,0.2573994836600469,0.22673752782313744,0.20012345617787666,0.13818628529878507,0.06949527463748247,0.15341709151287636,0.11650001339700969,0.1952147321410465,0.04433403943191028,0.17607689758618858,0.27753792046026005,0.012531050628070556,0.2817396990214814,0.11469079874491206,0.07076597082954107,0.1344679960686391,0.14351395939244466,0.23388161721626077
cgSYNC00094,0.8030829671073234,0.7743426756817321,0.7425036126969496,0.7810128490888348,0.8253497421689766,0.877866867211542,0.7732865865514306,0.8387001884237965,0.8288325388633846,0.8670002618156303,0.7956503164237034,0.7828205051824226,0.8241726701173644,0.7821605201200933,0.7382092746287789,0.792300384172605,0.8035418699419407,0.7728986408470725,0.8262851830687843,0.8067719809882242,0.8459855490918227,0.7870858561481802,0.8152319264881911,0.7726124940280121,0.7601196052067227,0.7613118412765292,0.6719800748514084,0.7765236285074927
cgSYNC00095,0.9438137239345865,0.8837980445791369,0.7830274267259187,0.7649184675842259,0.7864247048056652,0.6630276763041527,0.8096977956782138,0.8310615977636655,0.8866832541302316,0.8839642372114312,0.8185546846482569,0.8087716993878432,0.983237522949521,0.7473333051132595,0.7885297322413063,0.8841520490880821,0.6665585861092459,0.812884265504151,0.8548226007816,0.7987503217737831,0.8129987544517341,0.9601859211767672,0.995,0.8852916802923667,0.8894813540644213,0.7633500701634958,0.8178932577270278,0.7848494194882992
cgSYNC00096,0.6687669846449981,0.6472170848583034,0.6336900531742529,0.6034713773423483,0.5538641705995077,0.6371561435652745,0.6611604213061545,0.6372640246910305,0.5510813517470411,0.586059699367141,0.5381331617790643,0.634176448469728,0.6139730649077368,0.5246106056926885,0.6841901282211342,0.5656082404373649,0.5587716516087655,0.6648664044032754,0.6017748544286028,0.5189725545471916,0.6016758552217334,0.6366770244653106,0.5896926370507622,0.6626963946961958,0.5362901786411547,0.522698799286421,0.6540064101995196,0.5807425852719843
cgSYNC00097,0.19882582062646112,0.09869573212591559,0.14686096542010033,0.029427033627538277,0.22417487907110584,0.12595903830862362,0.0619689591301993,0.17697412768011406,0.19398280007822394,0.095726438655206,0.1364248369817041,0.15553186768639612,0.2256087395307766,0.19091616184295362,0.20276616778616208,0.21851985923095155,0.04288006512460786,0.11589829829781269,0.051817799381263546,0.21284037231460212,0.17835047685543168,0.09887424018080156,0.15527132892007667,0.2864336525869773,0.20002945973485176,0.134582364794321,0.19161575783049117,0.06079793819800204
cgSYNC00098,0.5669734474335836,0.5682882201234082,0.46876305106541594,0.7744180757648506,0.5945857927612365,0.5341723135273305,0.5155815323631541,0.5029540300283177,0.6100251004357817,0.7055070567219952,0.5055056778736836,0.5407931129148356,0.6298021617415208,0.6057026806732354,0.6102022944152785,0.5905847432353978,0.6076646119268712,0.6108673989634327,0.6269983255018821,0.6088537153140385,0.5936287743629515,0.6369110394049772,0.5387944588224215,0.6402328866410995,0.5667199338422199,0.5838248334395565,0.5932621935122269,0.6131116751680974
cgSYNC00099,0.5362454762650863,0.5668948607252757,0.5971465458436048,0.619734984462225,0.5743263501770468,0.5213453862135535,0.6686533764729625,0.660974470397361,0.5831615316732215,0.5693936640606443,0.6042962369957428,0.6287302456613332,0.5447999876288782,0.6078231027237152,0.5341046178290607,0.6253478754089317,0.5263332876869188,0.5676488648347274,0.6414402379648326,0.5114652032297747,0.5980530668353204,0.5521165902902864,0.5212058422574222,0.5737815003636342,0.5388206099777845,0.5773650124235343,0.6423882337381452,0.46584917586865554
cgSYNC00100,0.8813936010049963,0.7408483881490348,0.8840830212838775,0.9313648200530378,0.9565278787564313,0.8727808614739103,0.8448951049014982,0.8097500390774659,0.8059011851339596,0.8164428123950375,0.8666505271391745,0.9393138297846856,0.8750694748637294,0.8466118891489537,0.9546796252904196,0.843915120383538,0.8028526071384864,0.794263814618558,0.8760545134837027,0.939643617559173,0.8311595951806409,0.9468587533301646,0.7716779895434042,0.763340605397052,0.918714076213122,0.9151708401990919,0.87911359454012,0.8761649547961484
cgSYNC00101,0.873029758647472,0.86183796972732,0.8498824512836457,0.8980575806870742,0.8829544227099886,0.8482300844521748,0.794767717841143,0.8974599356296036,0.9445636800397761,0.7777385343036485,0.8463205065664928,0.8484785703005618,0.896841581334567,0.9632426007244732,0.876089256580213,0.7964569181798299,0.885926088988506,0.7825831787362059,0.9501989483687131,0.8064712791000236,0.854972128978576,0.8614576420169757,0.8123434982676055,0.8624493332470521,0.7718913826686048,0.926292440617389,0.8532172312492267,0.922675998525315
cgSYNC00102,0.48545632721662174,0.6539805377484342,0.48759467445685223,0.5345574570359383,0.6367845709501956,0.6496665072513883,0.6026628842958428,0.6247322112748166,0.599823382276258,0.5075620246266456,0.5590114718567294,0.5419128415468547,0.5589106494919724,0.5530588870925395,0.5782215972489079,0.5742434931907189,0.5316144684431284,0.5159293051577036,0.5569018335065595,0.4546902384142611,0.564746684716159,0.6530541221668467,0.50100562016187,0.5735173170557751,0.5375453473773125,0.5490240645171862,0.6184294252006799,0.4718599725183003
cgSYNC00103,0.32489769923855866,0.37274592845532806,0.32218569154992727,0.27881899855180237,0.2462787569159429,0.1843593243827888,0.28694032155346416,0.21053748573067244,0.3810663792990968,0.4306378698620026,0.2613721583155549,0.30135319868686483,0.38241864197370723,0.29845065408080496,0.35263408459823964,0.27950287643661287,0.16453334927530033,0.31034900738063387,0.3345388636386958,0.19409217976923326,0.18214419244873786,0.17923278920759958,0.21361267530602268,0.2927589732748477,0.30137881710324904,0.305721880425589,0.1620375469883446,0.33827159700354725
cgSYNC00104,0.6698609795953138,0.6863174067710605,0.7128706056493747,0.6334767590787397,0.6951111423941254,0.6807674652302605,0.7142777679386917,0.6959774182715195,0.6635858584784015,0.592107472137843,0.7692828727353636,0.847636603432856,0.7366721277406473,0.6667242656683234,0.7213512788401002,0.7741101118151671,0.6689643641191202,0.6987682293184777,0.7337070270014392,0.7376993533877823,0.5937333149409183,0.7206190426708334,0.6370964038011326,0.6794967301496243,0.7268021627652181,0.7233135448293084,0.698686726286887,0.8058170116366477
cgSYNC00105,0.12222523148483465,0.14637623514811188,0.040729318080810845,0.1362497193417861,0.11716314488442353,0.16468535181722044,0.14720083185871133,0.12587962816421192,0.11457481048785854,0.09970194323553097,0.06346174424700815,0.027870943652964414,0.0058376281264872765,0.09527980715133284,0.1122849265659152,0.04754202747700935,0.2315375930396573,0.11310078353641663,0.11559191156235804,0.15872032434197703,0.09049788411185095,0.15168493815489184,0.03203770691016991,0.08298563802653164,0.1373317198384531,0.057352316479864114,0.15494169001725472,0.12309062011919569
cgSYNC00106,0.11341001539429371,0.18977372749579308,0.12786071021829534,0.17970360366596266,0.08893277258735614,0.14911424326855338,0.18541726810254533,0.13468129766766723,0.05864415768748559,0.0683422020442916,0.039560044951762345,0.1838241775819805,0.10983893585832541,0.042966080027096114,0.06041205720092009,0.12688710118558313,0.12753810455449177,0.07654810906167914,0.016148411051497738,0.11341937415425091,0.005,0.10344745935156396,0.06851560790062418,0.14151682467065801,0.07026885529457763,0.10140632438654391,0.10903442178475614,0.12187077045716505
cgSYNC00107,0.8310908626152049,0.8015716475900746,0.8134928768012479,0.7549651562968577,0.7475793349943708,0.717652075464286,0.8067210486606133,0.7154977751945854,0.7283783435331704,0.8008087916686836,0.7581050428973727,0.775755205217234,0.7744207158236128,0.7882000650900622,0.7251529330757381,0.6642238382510927,0.789879877820758,0.7966400010795671,0.8593502051663418,0.7518753935186083,0.7696111141830189,0.7877730341161369,0.7444897375686668,0.8494042832356131,0.6716640904360416,0.7335311456682195,0.8350240226271246,0.7041497253900704
cgSYNC00108,0.3895437945634989,0.3776456682217312,0.35103821820975917,0.44423621430387444,0.4126650314275301,0.4283443632696482,0.40250021746587966,0.39272927849613554,0.541389163412958,0.45277642728884326,0.3934549112597106,0.5019748890000033,0.41865153924028514,0.3324995033560997,0.5443808702173984,0.440905190153073,0.3804319020809189,0.46074033497869754,0.4269769883587351,0.400478488745158,0.39948602328258903,0.381790964305438,0.34542062494879433,0.4132922716446925,0.39347892917211147,0.36879034123837107,0.3346035190543505,0.4282272949881511
cgSYNC00109,0.428350907309818,0.41115911913602216,0.5717236691905635,0.4058409737109179,0.4017154431618871,0.3289437009866327,0.45653221190553056,0.3712344416145153,0.39680275230879414,0.5362375854843177,0.32297122868428246,0.33158513890926344,0.48710130962267423,0.4017295188500451,0.4370457119384053,0.4353280160744901,0.4002585804701048,0.36115710153028335,0.4690339126087643,0.37746177779812373,0.449607198135595,0.4966349471324206,0.3988219819691474,0.411010211400013,0.41742404187566007,0.39763656774560385,0.36684784885091726,0.504799558020716
cgSYNC00110,0.6505115951941627,0.704243808388234,0.7196886933217153,0.7919536422535317,0.6979903989538493,0.764996408083995,0.7120722133963404,0.6875360423128161,0.7719816993149253,0.7156125222503226,0.7068264877670646,0.747284679089974,0.6683844149838472,0.6515630831955336,0.6929148873217301,0.6271510328520777,0.6830130286031678,0.6975102969977416,0.8512302790436621,0.6487778802994937,0.8181977161669969,0.605742332619486,0.7272817945210773,0.6346636730934294,0.6443554882483188,0.83342193666498,0.7359688504345832,0.6735083681057911
cgSYNC00111,0.8204529267867774,0.8370174103726753,0.7856160947062366,0.8238660926701407,0.766276863552624,0.8214623467491711,0.852020467818616,0.815205073102611,0.8183331591776103,0.8782016421564232,0.8210593918740655,0.8106071824943664,0.8512656892609781,0.7823396856850356,0.7748293065224078,0.8235659218189008,0.9359909797740034,0.8589783715128211,0.8382212446635557,0.8641912913288946,0.8001251109041982,0.7155447554612517,0.7832302764340282,0.8285365151370157,0.8277904244808123,0.8162435841918331,0.9245743156463313,0.7593898646208854
cgSYNC00112,0.6800923415437901,0.6163031899424016,0.6302477798725264,0.641044293869101,0.6273366735617362,0.6219445035087697,0.7049177208558979,0.6944018334617929,0.8031041026546404,0.7108915051927215,0.6679954155293579,0.6584650010688963,0.6124280754229717,0.6063442874065751,0.6635386015356588,0.592472944537517,0.7662766246146502,0.6602158152209936,0.6997086376245003,0.6276501494063741,0.6724809628753566,0.6413959883574902,0.6707328222900235,0.6181332575591931,0.615618597764434,0.7009148735177706,0.6734260641999706,0.7223461857528037
cgSYNC00113,0.5605480850573921,0.5513425150089372,0.528587586143719,0.6189419128711633,0.5060451597660184,0.4584457167432753,0.5920074545766897,0.5306961355523747,0.5482103316602726,0.3925523249075238,0.5000196001344891,0.568227050351185,0.5617622144070538,0.44147459491253616,0.5969804038433895,0.5629072572591537,0.5254260885844133,0.4592927141229263,0.5342274547442298,0.5712365879472125,0.5017361477404844,0.598919568621216,0.570561250962615,0.4902143276414549,0.5190241253666422,0.559511993314824,0.4522118491579424,0.5411741561458199
cgSYNC00114,0.8510677557394102,0.7998980858692584,0.8361213315743382,0.8044466103108553,0.7560528046739519,0.7242218078565436,0.5808168048169075,0.6938002403205153,0.8043779166635165,0.8155067361640299,0.7009837165315536,0.7310827471027674,0.8325362493640868,0.7458619975980216,0.7889165927218997,0.8214261496923323,0.8977766461861022,0.858818149806656,0.8057074914852047,0.70783757802103,0.7926071607172196,0.792961611229212,0.7082223047707149,0.7571914900720556,0.8063663800962586,0.7477230486083544,0.752932779226926,0.7928049836339127
cgSYNC00115,0.14186360552526533,0.041157046224206996,0.0516386238262857,0.09686060598985786,0.06582236692215206,0.06921740936239779,0.06632472840501838,0.022998599706183745,0.049527875974051644,0.08721261211810645,0.13365002253924554,0.09561400140972678,0.11432278190641004,0.12854267378395504,0.027474690089591046,0.09936461860092444,0.13380448592687214,0.059688965369599,0.07642100534533543,0.10525796041984227,0.07443236555586945,0.14219272802873673,0.005,0.05389918474200529,0.11690921395896899,0.1427407488780924,0.17933603608993348,0.0931827046853125
cgSYNC00116,0.41492495381458067,0.408518327692435,0.30859488212588276,0.45219689386564943,0.38384497235635007,0.37215063405433163,0.2518118713386229,0.35128970573842877,0.5133016887718508,0.40328087017058556,0.5328747120008741,0.4660508918244279,0.4072114816794636,0.4164802591292334,0.4743419265451232,0.3789778939619959,0.3730755080547452,0.4214783718314249,0.3083588320070608,0.4000234224993839,0.5675849495576597,0.4160635930665545,0.4426892701539554,0.3733697586350049,0.41397856545546996,0.41739861117041366,0.4231849596315797,0.46901518886470356
cgSYNC00117,0.8759414385290694,0.7999311919092362,0.7893427160104357,0.8654959497568447,0.8587499651186188,0.805574592774404,0.8614731164819716,0.8877903645484952,0.8592575730570653,0.804024376238141,0.8209301580588014,0.8190058874564614,0.9718997724125009,0.853954639584611,0.750557508546567,0.8803617371506964,0.7739220846852451,0.8783339123966574,0.8107559257102146,0.8050480167919443,0.7691087046310723,0.9218745732261303,0.8510048296714476,0.8226966033502048,0.7877816072410236,0.8657012843940772,0.8896473992547776,0.8448533491179572
cgSYNC00118,0.7689456970970139,0.7359104435215098,0.8843098258752057,0.857984287984266,0.7776424271348527,0.8845748947800665,0.9057653394074359,0.8023624198099788,0.8333374649362176,0.804954089306757,0.8877624690808492,0.8937406291229013,0.8500471106425914,0.8154209426042942,0.8325957730013747,0.8497008081680368,0.8281649737886493,0.8031248174279532,0.8004825014777794,0.8422528147302157,0.8226167223112649,0.8892298020438819,0.9539806827852225,0.7939251040187636,0.8066845849720916,0.8169524801031324,0.8900911810426723,0.8085914605822253
cgSYNC00119,0.675670093147031,0.5513838760704087,0.5179089829513107,0.5432037686309614,0.578625073504108,0.6363742173909714,0.5115935547629188,0.587005294038675,0.593308611092877,0.6008903332307761,0.5919759052073217,0.5582444208791111,0.5491967034757375,0.5477498316501914,0.6281580573025842,0.5770320732670063,0.560328697590737,0.6175650509354995,0.5628100610156479,0.5098602040935724,0.6219757097720159,0.5721020819268838,0.5823643625566202,0.5452850518311404,0.4451895759612165,0.6862921329314954,0.4274225076492487,0.5434104052448195
cgSYNC00120,0.23783041337780964,0.15954187439099168,0.23084352995235655,0.14175820674252723,0.101735262019197,0.23853479637350583,0.18286152048288667,0.18146464621857486,0.20065268311560921,0.23835970517539085,0.21803500719896707,0.2229608948785194,0.23487132946316425,0.29455512896348984,0.22655110078398427,0.24642163789651086,0.18251737555730158,0.18289736938412243,0.22485363597977928,0.18127976490061587,0.2035444643321404,0.2267690111169012,0.19840202718362626,0.2174058521876327,0.27356654281308235,0.20789581170777166,0.20285464407091683,0.31947601148880955
cgSYNC00121,0.5213105060459319,0.4839316864038782,0.4900279667851255,0.3955577153294891,0.4281649617060429,0.425061831334606,0.3634307558602821,0.45489981173355315,0.4552890498720981,0.4245368403332228,0.35861270997629857,0.40245780963982514,0.4579302539145437,0.3979753638617362,0.4151013949879909,0.40733035729376776,0.3661842436119609,0.36440991560052904,0.4580993388039851,0.4165491725978089,0.5246090090001181,0.3863727387365478,0.3184385567192077,0.32328807349849403,0.361294239826452,0.42790686508632214,0.44250620750314595,0.3857018752171937
cgSYNC00122,0.24335088428138466,0.23911165941376217,0.293876233687383,0.33963653438510083,0.29676007347696365,0.1798832029213339,0.2664189379816673,0.2402696332948488,0.16085722217532428,0.30018655754771256,0.2122529325583452,0.2603034569758784,0.29362453516131054,0.3060447980309055,0.2261457581760988,0.1938639711173166,0.34528135953599315,0.32118491066439786,0.24889588836353993,0.17193527474738646,0.3186476998772844,0.27768990759549406,0.3391390142815776,0.27437827986938895,0.3156852100502495,0.17529705299745774,0.28760318914759125,0.27577883298991185
cgSYNC00123,0.2586950584509431,0.23399037988614055,0.24400549281586306,0.10554622848395499,0.2849771765032295,0.2124522176797569,0.20980810800512897,0.1891147528478475,0.11254678307577476,0.1742840348213825,0.13751457471273432,0.21756855326705812,0.19973862116265909,0.1898312907999789,0.15188152651412576,0.12940272457858332,0.15027474584359163,0.20958052177716743,0.15210644681052557,0.17959359497313923,0.1956066957004495,0.08665876191218709,0.3093098117278874,0.17858717406992572,0.18092301628233035,0.3091261665675593,0.1336148276821085,0.1950274090129617
cgSYNC00124,0.1071585777872863,0.18575854904520384,0.27216174525867176,0.24608952395318975,0.20294326192254158,0.2530239831058255,0.2837112964357764,0.24337145665895624,0.174073770883249,0.2569835724476947,0.214356751125331,0.23284392378346744,0.2835984419989996,0.23513560474311973,0.11270790817942501,0.17934553459334163,0.24574195942842664,0.23126598265400417,0.194319703140525,0.2902733048052513,0.18041618769214998,0.18760512963634163,0.17269387161919764,0.15466612222755768,0.30473935422664045,0.19917881752911806,0.1850410201239653,0.09040506269650361
cgSYNC00125,0.10420616380055124,0.14053098279866996,0.07437765886711065,0.11545495777660908,0.0844515764325033,0.18722817996660834,0.2749144217587589,0.16337347251407583,0.13600498155787144,0.23374085485417467,0.11000929680380951,0.1839754198201698,0.1702490230565799,0.1619265756662831,0.14782806572620638,0.11966925404936656,0.098700204269359,0.13129917904067837,0.05665164438959777,0.10387735981646022,0.15788142237118222,0.09600348199002853,0.11519316507164733,0.13860929480719306,0.018954523391969583,0.15831406042223478,0.14407752624884052,0.0821155997869292
cgSYNC00126,0.6211399877051216,0.6681814530520652,0.6914313173602651,0.6946645358104894,0.6883369750833129,0.6340837734494362,0.6101276069651083,0.6826056239528386,0.7153735181809107,0.7217110884653961,0.6142162266495184,0.623353602788271,0.6430918874041383,0.679395939216385,0.7274460907660388,0.7146384021946617,0.6586326655638449,0.7322405792845872,0.6012929122820246,0.648473575788059,0.7997791578316422,0.6790391985462301,0.6914637152770056,0.7152053900552391,0.7288542831507254,0.6865672838907685,0.7221236006608007,0.7085658839358889
cgSYNC00127,0.7746899587340278,0.7650942994421953,0.7218259475851965,0.7397180370999927,0.7583861788173631,0.5731980010069343,0.6704811461725759,0.6661323988306643,0.7501290242432068,0.6825632301008889,0.7976379813950111,0.7562710807922645,0.7528906231985761,0.7081748139511842,0.8577222351340227,0.8116385059205423,0.7522405577218098,0.8518920229468465,0.6689856460181975,0.6572334745807836,0.735935076740401,0.7060810221678161,0.7326201414203023,0.7054354808875598,0.7311608105012093,0.7749637349191462,0.9188739335465981,0.7890101339425816
cgSYNC00128,0.4476249260446314,0.38580568150547545,0.37271430495551083,0.40421194103405644,0.42797734762514433,0.3988891959923431,0.4508028045656637,0.4536818085456881,0.4087229552252103,0.38158069904801484,0.32870780334895705,0.4640463314974551,0.3508349942782356,0.37530562194463046,0.377154406281865,0.436455649904527,0.3223925587357392,0.39945442625567135,0.3967762627461034,0.452696789094375,0.3784357449207616,0.360193916314781,0.4505541254986545,0.428797180350727,0.3917893132034541,0.5054971833275944,0.42567011125077514,0.40404067462522936
cgSYNC00129,0.25025082431995976,0.38136412453653323,0.25046609439197287,0.30583880294810606,0.25854145805635437,0.27971595164083896,0.26742087606988774,0.3297308649726508,0.29046038552974746,0.2560552793290087,0.31621813448105063,0.23329001663668048,0.15618082826453444,0.3222873531048427,0.32395925605151565,0.27915879110815744,0.21103756467164103,0.2883978742611391,0.36763844021567466,0.19770287764759067,0.32126094491553414,0.35092635775530373,0.35326977706738144,0.2718242130287761,0.3238868695150029,0.2909617852683895,0.3531906899550109,0.26003953597546403
cgSYNC00130,0.4389330764389442,0.45656863944696685,0.39229705686366884,0.40287339754538987,0.5383845724432612,0.48090608647213345,0.5870549361171286,0.5770443088652275,0.6203692410917712,0.5044228974151375,0.5123414323398119,0.5638818522744817,0.6055264341478388,0.5640771149653657,0.5589316082111266,0.4589883907960174,0.4196702941148079,0.627936820779001,0.4464969375267734,0.44315770274472444,0.5039906057388579,0.5463751281561041,0.48394300127421086,0.45270126134054745,0.5325824266425842,0.4644574759141371,0.4748908906930463,0.5217175836269019
cgSYNC00131,0.125067379740838,0.2077164218980352,0.26909198342682905,0.27324063163393325,0.25450154199011543,0.11305771661334181,0.2598461034453063,0.23525113654118984,0.2757696109522057,0.23921132864975297,0.30237008199763177,0.24068392709849978,0.18882086228934256,0.2871990942889777,0.27876805797915527,0.26011120255240877,0.14003261566468794,0.1802625871889846,0.29621228878723443,0.10514006944082385,0.1307164469263413,0.20538560873098163,0.299171501542406,0.18502002409628304,0.15659887730100516,0.21469062673039635,0.23741169167868134,0.06520542138454874
cgSYNC00132,0.7934122281884216,0.7183010938581255,0.6676943102560202,0.6729932973096777,0.7662762432257514,0.7979902889501652,0.7487104925260747,0.7371839492795589,0.6486646073736834,0.6190908064412323,0.799831509116519,0.612173032467241,0.6597006268816726,0.7161498622263297,0.744564986149198,0.7547492438827215,0.7932548276008472,0.807492564817097,0.7586553311144881,0.6839834405204873,0.681764931696945,0.7251261728057223,0.7551888092697819,0.7264631667685965,0.7336295172926675,0.7382818122785759,0.7219892429133252,0.6558768492178312
cgSYNC00133,0.4279070933130281,0.3524210719165867,0.47479770248262326,0.3085325294698771,0.43034906227881137,0.3688256622108862,0.36133979010338513,0.3534097017650079,0.3610148915968055,0.361852405921833,0.38078848714441677,0.47776540531764444,0.4261071530109591,0.46339678945114,0.33451670637590647,0.40248413508531417,0.4436820324245842,0.42061192866565195,0.35432764404539885,0.43651235749671263,0.43429225979368385,0.47744666811326897,0.3995163082570493,0.40965719439612014,0.3696257502438429,0.3102789269916511,0.35284794566339234,0.4209650530254109
cgSYNC00134,0.5744869201089854,0.37515301362235515,0.45036862790932575,0.36261249204713186,0.4616923725702019,0.3392458970215242,0.28466500065074357,0.36124770940683004,0.3600863137341387,0.38882790711776466,0.44137385197261797,0.36576078982152543,0.434969014821419,0.2630258042629813,0.37374432388118833,0.3846810372562566,0.4209589600962973,0.3470448640043537,0.3923863598816592,0.40520712679412735,0.3813220785775908,0.3129262162002488,0.42925172125360517,0.32219175378990533,0.353400689098126,0.33907197661384336,0.33796384928350953,0.39519480851325506
cgSYNC00135,0.24358184147834558,0.306963648084639,0.28615713213341676,0.26211093645599803,0.2726591021064131,0.24409117069352665,0.20185627645397194,0.17858653110273026,0.20936377931168693,0.32665794833993717,0.25427947758431224,0.2057351797551515,0.24852095780119127,0.21334926386905365,0.18372166756407157,0.22750032209965745,0.107382329253116,0.15786363248336138,0.25635919961752884,0.18185508676352027,0.2213905761460299,0.32705148545178686,0.2023711770016278,0.2832625155924317,0.18607912119395162,0.23676180611242595,0.181949953075191,0.35654663416661825
cgSYNC00136,0.16649579098424813,0.20119124918902676,0.210081575658584,0.08968984250343229,0.3072346834626606,0.09395076110846778,0.14410243632367697,0.21902683749370458,0.2013374653575738,0.20857478861868695,0.19019792290092716,0.20195689637765743,0.15965936242404136,0.11578818107516362,0.16981950146724623,0.18171304527913196,0.17264791222738401,0.18784090552136998,0.19403621392612386,0.2875149286792783,0.1813638115318983,0.23251946815089267,0.17000265647571625,0.16729363091444616,0.24376199760051379,0.23264194276137556,0.12566744917622114,0.15534886275586246
cgSYNC00137,0.43399085233881735,0.30928887447805997,0.3606374703539192,0.3126865798066395,0.40507187089819086,0.46015425937121635,0.4412568849014574,0.31079696803499046,0.3946002784572999,0.26757575936102085,0.3423390185402586,0.2983258625261523,0.22203924999965108,0.29657131871463244,0.3942669744141986,0.3833008628806358,0.35355464693162375,0.316746049091162,0.33436745165014575,0.3762094444788521,0.30745228791971685,0.24563947657749152,0.3708256738954971,0.3786179741258219,0.23745316304593095,0.3125180340280304,0.3867920483557976,0.33262796752173496
cgSYNC00138,0.5150490830505374,0.6121595594956298,0.5364291953017271,0.49518998244107143,0.5715147780367181,0.5460688315601301,0.48827973569985744,0.5457443721416606,0.6077353128051111,0.5804228220983058,0.5881747800625251,0.5393573134380553,0.6144856725615493,0.5404941711788713,0.5444104139207951,0.5232260105040165,0.6335983493279619,0.4503401288847885,0.5143687887715186,0.5819034954702035,0.5325221355257567,0.3958260402124467,0.5713947892435114,0.5194137024582383,0.48033550718090123,0.5412538383575287,0.5327215217112519,0.5980329885969544
cgSYNC00139,0.8709350776140691,0.84867878106682,0.9068277281786687,0.8543279666728234,0.8712151564502569,0.8849692809072557,0.9242336646881087,0.8750825611070921,0.8459289634334192,0.8511209092492117,0.8322837947934669,0.7598184187881232,0.8607025085511689,0.8341917455969109,0.8352870514162848,0.8146339230385243,0.8244884269673877,0.7254203275619429,0.8075160367863407,0.9213810118539247,0.8364672881526997,0.8939567054340058,0.8022327937677258,0.8459642336978662,0.7798381947668422,0.854271342841261,0.872481329494795,0.7712549574227006
cgSYNC00140,0.07995235647983798,0.06831902126582515,0.06558689856624504,0.1982545159294474,0.06491900207405478,0.1038220323583463,0.10527268898973283,0.04887942184717355,0.1796597376513494,0.11314529468067375,0.09448819245663953,0.13884471739350807,0.005,0.07267146175242975,0.07245466709992092,0.12368056809997037,0.17694215837607913,0.046118638009758545,0.0265508991264682,0.12749914183433675,0.15275235104721624,0.1776842282865846,0.06814237902109781,0.17744290876669994,0.05770848980824361,0.1238759535603324,0.12858667870404386,0.09143068100706285
cgSYNC00141,0.7989963771597437,0.7157833108921675,0.7357222542886416,0.7526207447668365,0.6392901873033192,0.7348866273772339,0.7565749121162488,0.721940491057112,0.6470201386534555,0.8106268766203968,0.7353015481516719,0.7933669693307008,0.6663761743056744,0.7696850204302479,0.812496105354015,0.7279439048692893,0.7153025710776219,0.6591020286850297,0.7373984646167014,0.7370747125303071,0.789937041302009,0.7120882744856132,0.7276699513906508,0.6523013957429896,0.7934762600731178,0.6946322361673322,0.7036070877619703,0.7799322817562138
cgSYNC00142,0.7236276837229898,0.7323693111152341,0.7030585167054427,0.6971538224638064,0.7280230798977962,0.6598808160043989,0.6354949723812038,0.6212741308230004,0.6417412434519758,0.6357711107662983,0.6513931259881669,0.7233360554202214,0.6263698922958826,0.7082267975256527,0.6344110311616098,0.6908751654610145,0.6656535136391646,0.6170352424794043,0.7100093110591906,0.6188473463750359,0.6916058310546135,0.649537887038522,0.7722534585179349,0.713953194319155,0.6306309108724713,0.6087706564663127,0.6782735963129316,0.7082207817089025
cgSYNC00143,0.252743659969579,0.28328163067276946,0.3535471493392327,0.29718701746283344,0.3491186452522013,0.4458515114624553,0.37745289741556526,0.32704282389703954,0.31900376676940706,0.351328620218131,0.2441684839955067,0.32642283828113217,0.35793311431621927,0.3623987776974061,0.25043236196129637,0.39494455064605277,0.3669907640068326,0.41327191647861194,0.21527699138026207,0.3188058147019574,0.3616774570425621,0.22571588741478052,0.31540365925828834,0.39646912258431943,0.4426536289690991,0.28645324937151384,0.32203461350730544,0.2860447727366863
cgSYNC00144,0.15791345464838386,0.14514209908213205,0.12268213889540328,0.11578872115839757,0.2676350380068295,0.1978531678932613,0.18251662864581372,0.19521223211976776,0.12327952749366816,0.20738437512012026,0.22891978690072923,0.06102493995234179,0.2862471292241498,0.23535751092071394,0.14577416360086926,0.22320453762559586,0.1382191904766938,0.04942845198373508,0.11561183325592975,0.13397081576808528,0.16313234425598103,0.12951239671950804,0.23852607154339808,0.1662416739604223,0.21017156663942632,0.09510061531323494,0.12573937759568768,0.2180020776231103
cgSYNC00145,0.7984706867929359,0.7979252553853042,0.8585349749395416,0.8104206562614096,0.818788206471937,0.7652565176115672,0.7765996089859578,0.7316584944493314,0.8246992436829669,0.8086807424880188,0.7283224438526734,0.6820596222016582,0.6956163370072669,0.7733064026695241,0.7995093203302275,0.884547077286781,0.833785274086239,0.8359161683239169,0.8285992591116524,0.7548413678752299,0.8289775851301842,0.8230596859195776,0.7920495860987841,0.7227829412584257,0.7927155281403243,0.8032090483995582,0.8524295407573144,0.8302517369799621
cgSYNC00146,0.4605865232526357,0.4698039001817402,0.4787737152960457,0.4636043747875417,0.5133782064334104,0.47003671013786685,0.6016850373293445,0.552907676117377,0.46527632216005754,0.40847401976028447,0.44625454628006894,0.4671830444057032,0.5033783216042214,0.4889652714601139,0.3952996570307865,0.42805539472847765,0.5003086446510064,0.3650941929906881,0.4941087619511712,0.48089546471351313,0.5948644337425737,0.5153416736460633,0.37477017120416634,0.6027618936022924,0.3951486115966762,0.5125155618273582,0.46695279945095947,0.4672313561550888
cgSYNC00147,0.1711398672015985,0.28342291971748335,0.13940287916320268,0.26128817072417093,0.2341593508318568,0.2979794127574098,0.2271719478940445,0.28605656831187665,0.2366215526322766,0.23154984879692586,0.2720919709806537,0.23955281003075862,0.20958980702723795,0.2714987867609949,0.2342076404745933,0.3500344384330409,0.19034248166095402,0.18914478719557226,0.27486644206210764,0.2395109906239855,0.29237051313289386,0.2621867990736112,0.25529024540918627,0.2733478396330966,0.3317915610236769,0.19229326802480676,0.2949745200099391,0.17007784196363496
cgSYNC00148,0.242719041685793,0.21399480899498935,0.31094835086694883,0.22481235509983227,0.15771725843667556,0.18786960133908642,0.12311419654785387,0.20754741327423265,0.26940046284062286,0.24994730902974333,0.2092800049552857,0.19267527161961623,0.22864226127522932,0.16840532992283852,0.3142830471899632,0.24771341497670993,0.21049396828036587,0.23684712228740024,0.2185310573669623,0.1844758835759391,0.19816094184990188,0.1843319678064277,0.19325867757544252,0.226018256095382,0.20362545013281425,0.2052103888571461,0.12621677659557812,0.2334955441818269
cgSYNC00149,0.44676758256886684,0.4468021679998422,0.3898132117936495,0.5866361407048786,0.5086860256198916,0.5575018967499574,0.38333113795012963,0.4722926257404019,0.5017449923758777,0.44681151450651246,0.4260971436005258,0.4682687789816816,0.4539282121853128,0.5177321421219269,0.43469834797252477,0.48828194464807967,0.5359603176149157,0.5048820755278345,0.5310709235257292,0.4683930893241712,0.46099801417218883,0.5019031477210842,0.5590389698624553,0.46451701893398945,0.5671588311046458,0.5450217194972996,0.4913195164705278,0.5051900839115098
cgSYNC00150,0.6394194769784662,0.4323483589417878,0.4130234762446272,0.5396293523141905,0.45776091564127686,0.38774895665269704,0.5008826724456336,0.5715220286529347,0.4204794323877674,0.4828824707542581,0.44299228043118566,0.40667220297997386,0.5687586014187372,0.38681299460842944,0.5120622120203315,0.5217945515417635,0.5653145537311122,0.42448174133396044,0.4693773310595782,0.43170738901353295,0.4562206846348749,0.43307059238429785,0.4679710036028355,0.49827118874191784,0.3912277053460359,0.4453112437870595,0.509339910201759,0.4696719186787438
cgSYNC00151,0.22314111210096177,0.2596763600368952,0.17022189495649725,0.2431733825967149,0.32634749826822285,0.26967308870228357,0.27706480670427297,0.27147784166198796,0.3452489646162024,0.2828164891446275,0.1791756398220396,0.17036259019915473,0.32674222329555475,0.24846974865082522,0.2785621903449723,0.3770393680229095,0.391145300304479,0.29960440471567756,0.18404389439156432,0.29799344173082276,0.2369919810905245,0.26070392475474796,0.2027980136730061,0.373754604893131,0.1885821340381234,0.27097745737431506,0.2397137702555582,0.16433808921655396
cgSYNC00152,0.5383757729887075,0.37710614484078847,0.4236559634059972,0.4337977896084161,0.44255430598634843,0.4565057864698175,0.5424384403665055,0.5380301243551086,0.5303613298820318,0.5302873860306486,0.4390011641702424,0.3434070462946872,0.4854707168847703,0.4915516313270056,0.43994417805846514,0.4766074838513082,0.43024495501853766,0.48406179530297955,0.4926674269965526,0.5065319582446268,0.5047454312942491,0.4236324353576093,0.45863828116071087,0.46945649987150195,0.41227588686034344,0.46381976687241616,0.38523218169057516,0.4375541416985299
cgSYNC00153,0.44158078430597636,0.5700915549278534,0.5643271947410018,0.42269264805703227,0.48511718312720936,0.4943129862791085,0.498579022034738,0.5380712673804963,0.4566481430075643,0.6123639255867072,0.4636371516499028,0.5363237028282614,0.5820373126041352,0.49653682849299563,0.5858775310140714,0.5929585325159041,0.5045473948488893,0.4278798337019445,0.5156177762837496,0.5340328024681077,0.575152864939911,0.6220537900391806,0.5607864238579291,0.534954028465288,0.5544121395380169,0.5793850314059316,0.5513604215812441,0.47170892588241903
cgSYNC00154,0.13828856158751598,0.008177576861939803,0.12277049243420238,0.006665183006657957,0.01571329786546663,0.10143440218154778,0.09263867796736763,0.08626407953921279,0.11779016958617018,0.0942995865293404,0.05494932520581617,0.13036186287425094,0.08447787322530408,0.12065227006232923,0.2135082510269297,0.034888303698201915,0.19836839424634123,0.1088459774561103,0.01554955416454007,0.20421263018516544,0.12982119150522758,0.10893523481080966,0.005,0.11663481314659781,0.03390749539666502,0.0727884921007304,0.058523327245256954,0.005
cgSYNC00155,0.4827969890670019,0.5898497049585378,0.5815026182873259,0.4879777278743457,0.49544558921288817,0.5070504479614681,0.5542446314712471,0.5919823742234076,0.5121003368102718,0.6111065350610124,0.6328895918768971,0.5276245837030408,0.5601250612661108,0.5268838217480964,0.5241253528636663,0.5456877411591657,0.4592721217686329,0.5447303857984634,0.5406159098083934,0.5224542354357343,0.5969820397761708,0.5166191392019436,0.5253069498888687,0.5231585476754476,0.6793205292998982,0.632560419670009,0.5427767817946323,0.5426049758269679
cgSYNC00156,0.43214116979796435,0.2607132142827557,0.3125973216100729,0.29496937339875057,0.3005427706349489,0.22353979154336867,0.19728815205295114,0.24021595897461112,0.34634272747101824,0.2825432043296589,0.3325864487316645,0.31261950849728204,0.265788681401441,0.21544750759648235,0.45432917851194043,0.4011932136514065,0.2759401638130857,0.2262989827304831,0.24436275343071373,0.28760610066959597,0.300583518890011,0.4132042667729374,0.2906241525136198,0.23082980604034392,0.25367643953959845,0.315665880193999,0.368908231887051,0.24662601886365015
cgSYNC00157,0.8369659686788942,0.8985692470315322,0.9360471199483663,0.8684480447008288,0.9558255261467009,0.8006230885918832,0.8415363009917095,0.9282268847281714,0.8933175396478628,0.8941483401655119,0.846915250335029,0.9605054389629892,0.9101351083670033,0.8128506302976888,0.9403245203547166,0.837704874726153,0.8341277825093275,0.8595953837931489,0.8963740682283434,0.8390202726482553,0.8745350289693179,0.8033594861038574,0.8594415543948166,0.8109965754075741,0.7513663109064778,0.7661300855328719,0.8046327524944435,0.8972566356704028
cgSYNC00158,0.5066187732096469,0.5802002335353372,0.6210926638909258,0.5969686490711977,0.6092337076729634,0.5977455360244743,0.41364802456870636,0.45133891911570506,0.5627678549968058,0.5189006973988682,0.5814074771903014,0.5005632975147545,0.5947757786782101,0.5115932236952349,0.519953939749113,0.506974084809331,0.5225555533537439,0.6462397828955518,0.4998230014978139,0.536424801054925,0.5161263663253788,0.5973435910764049,0.5182518765697657,0.5546741111396114,0.5473528342699555,0.5650950151413724,0.602408976716684,0.6186072602735215
cgSYNC00159,0.45488277478335926,0.5432767253385599,0.5753567996915291,0.5011249661719088,0.40284495828962164,0.5246288354646754,0.4516337058376919,0.5157803472098085,0.4248691590697662,0.5357983072175961,0.4337192134414297,0.4667106878189787,0.3656773301046729,0.35183444615983245,0.47917931997495383,0.5280358421652556,0.42365883769797946,0.39056161247925036,0.42359502482704187,0.3813574001762745,0.45945261256670544,0.45481380554873596,0.48488621305833124,0.4929023059245721,0.47373692539928575,0.5136777257762923,0.5003804408037218,0.4807450565269079
cgSYNC00160,0.6808610906407093,0.7699463629123803,0.6147417124825241,0.6335588334403197,0.6701954481145832,0.6279347560864549,0.7012884937958335,0.7640696274718917,0.7658434570240613,0.6736533929103293,0.8055875477934256,0.7555148381589067,0.6374484160659006,0.6979035537050623,0.819883767664364,0.6792082669109686,0.7420740866859542,0.5893821965951989,0.6974575931186398,0.6845288094802741,0.7277394535304381,0.7091322294273631,0.6265091660058083,0.7367190309001422,0.7544552597910046,0.6968559158637188,0.7612153128367334,0.7438378981233592
cgSYNC00161,0.7399845702272096,0.8877600742090002,0.6777954130629309,0.6377562319048766,0.7273549138157632,0.7107987047818953,0.7400102247696017,0.6455541798793347,0.7205019653568963,0.6727188807784286,0.7168387517281051,0.7729729530464684,0.7574257527240255,0.6020412805442384,0.7710593436652076,0.6617151112254713,0.7362281098088146,0.8166306658387833,0.720956905535038,0.7143242718214642,0.7617621538871407,0.6713755933776404,0.6872246968176661,0.8192056089169184,0.6956455144491963,0.700221524683383,0.7748507492252618,0.7487049161502759
cgSYNC00162,0.8083078794676577,0.75188799888754,0.7471656270812779,0.7750762280295103,0.7445765074880247,0.7535676999201921,0.7890174210891542,0.8422077014074604,0.7381792517772229,0.8338247111549995,0.7824642084254595,0.7306403302110709,0.7968456220094269,0.8801208040990599,0.8438440098207173,0.749076311968102,0.746225588385835,0.8969027606228902,0.7423565256754496,0.8206542899270935,0.7280353070913078,0.8525250207020244,0.8710938233622181,0.7755028527082742,0.7893639806507226,0.713712973197345,0.7621706363047853,0.8868461142882267
cgSYNC00163,0.8213099744580635,0.8283779021955548,0.9192050077041609,0.716555712103342,0.8585563060461195,0.8100927487441096,0.7596859653831165,0.8174786719903019,0.8707852816264255,0.8213245168165575,0.8240240780010325,0.8020961922065712,0.8272769232661153,0.909314323631884,0.7551717362227285,0.7664605016994357,0.7880192041166332,0.8289562756709299,0.7585364223152461,0.8941374186521951,0.8106184891089241,0.7539791497279422,0.868172460477762,0.8580611332527566,0.7988712799767044,0.8899261914628781,0.7395692032134741,0.8553653718825487
cgSYNC00164,0.17310544095480962,0.2067648865904324,0.07934645593642613,0.16844089833738446,0.1558270501006795,0.1269979493145298,0.16335517733673763,0.12191420279781,0.20893891026638717,0.17620274022946703,0.21677228733268072,0.17041115917255073,0.17471695178427915,0.09365183354947887,0.15215767342484732,0.19174399432246034,0.12931833086234426,0.2047488500782496,0.10313591591981351,0.14191798754071983,0.12313481611348982,0.06827771876646542,0.11712673918509126,0.19860087121429554,0.1488027643528844,0.1616254570064406,0.14520134330939158,0.0991101094804656
cgSYNC00165,0.5008194902465171,0.5949187178180553,0.5414275693470864,0.6096693827203014,0.6018173957695295,0.5737761552572754,0.4964099004973288,0.6427711385745386,0.6441142180364645,0.5731576625204969,0.5398702515953923,0.634185624174882,0.5264363668504206,0.5204957191530181,0.5630350615663039,0.6051763146798181,0.6242150009622309,0.5606200458205747,0.5439904852337489,0.5123270315241951,0.5725928622496872,0.6192534920733122,0.6541687480340725,0.6956410872895905,0.5628801552081748,0.5461051925229016,0.5897827099738483,0.5551263484770987
cgSYNC00166,0.49083850046358785,0.35351063363432617,0.3537170267769529,0.317235417873617,0.36533619464005684,0.41632692492226253,0.3162868861436761,0.36946449527047714,0.5149222348947019,0.18760451711447854,0.32907396886916046,0.32048333697195036,0.3607024416322367,0.28992086055034777,0.3472716492784073,0.3415434348475997,0.3231400178409339,0.3562291839218455,0.2298424139414419,0.35084565210388713,0.2865530266832914,0.2786896174114,0.30576028459121685,0.39227219708792643,0.28637030845032724,0.4406325370679477,0.3419755905119259,0.33506222306320027
cgSYNC00167,0.2307996180000535,0.18009773001911714,0.2391752707741578,0.2110151854293939,0.20789471592247194,0.12355180506760782,0.23092095466333332,0.218698471901867,0.13415422370993824,0.253748630025766,0.24770618845541775,0.16029026898082693,0.2822618395292983,0.26780142316697686,0.24726036781069521,0.20251085222872264,0.1607757232148438,0.052573468096792614,0.17622522131611595,0.25137507526599495,0.14309357662671698,0.286406168058757,0.1697505802615421,0.16790142189957985,0.2172046257908339,0.22441261674956645,0.20545613829234707,0.1784556714464406
cgSYNC00168,0.3840632786420824,0.42474819365516814,0.3729234793603598,0.41571797980780034,0.4055176489264801,0.44025633447837986,0.3511216408817337,0.3887165933425369,0.33868836363978216,0.40238139844454657,0.39631998898229825,0.43981873616283984,0.373220245566193,0.41624206673194597,0.43943172517223966,0.42568905774934024,0.44743487873082166,0.3647354373503816,0.46706043350560367,0.31118352524564247,0.4040284567880066,0.38172972663608923,0.3496434014714261,0.37200236657682245,0.3592783996752055,0.36936455138341845,0.4561306456563088,0.40240964286367636
cgSYNC00169,0.23473098589497438,0.37185238586519226,0.2892023470767341,0.26865997445062995,0.35428113323231913,0.27163990339879535,0.3388875227748213,0.27965214901979907,0.27412682459810783,0.3758007537489265,0.3070812635213833,0.26098110694849946,0.26103311439103805,0.29041000231705943,0.2881409266169078,0.3018972951801501,0.35171971742594343,0.34499019163285644,0.20212705761328648,0.3297537623394734,0.3017020626648038,0.39145321582462167,0.2632662285763539,0.3584802337064653,0.35617526083751583,0.3326979248470433,0.28444005699121244,0.2591959508688674
cgSYNC00170,0.4922012864101084,0.4084738707154958,0.414668023543095,0.45476286191495996,0.4679540130411505,0.4662603197338408,0.4553635325011055,0.41988002356395765,0.4195356683852239,0.3860402001574855,0.5456154453909701,0.33456042664230684,0.44714727913521485,0.5108095879099114,0.4495700139268155,0.41493240538053805,0.4748977893567903,0.42531148757494713,0.523100005073335,0.4419385065960418,0.4859535570648492,0.414953653556233,0.4292909736146805,0.39663908868550457,0.4787814742873304,0.4675536307749241,0.453330146672009,0.6762964306813138
cgSYNC00171,0.3335294526859277,0.32391455133781466,0.30425206048832676,0.2184900488545818,0.22783121250784816,0.3033887569940099,0.24671972690558966,0.24367325828309397,0.22887473094154828,0.31397159131812163,0.24138829229453557,0.3381600459792218,0.3618594166701856,0.2934054025488049,0.28534186428083835,0.2273285161928901,0.2596699123629217,0.2654712012732436,0.18202175638960583,0.27360231228679227,0.33468180092574495,0.3201298322514165,0.28522937219738165,0.271360414522578,0.2293172757537057,0.2454329226822897,0.2465569909471868,0.23909708980080538
cgSYNC00172,0.37262810984037886,0.45194757653174866,0.4516035472205169,0.370464557033466,0.4820028013585007,0.3103237705979171,0.35038424834838655,0.4130804498525978,0.3167502391320567,0.4980593115026307,0.4682840352708993,0.4457190474525251,0.5108851280070066,0.46292834639679387,0.41631080005080306,0.4244044809949853,0.4388500489894939,0.332632772495263,0.40696915998439653,0.3423079535011653,0.5205406768468956,0.3308660712165859,0.3775138305937575,0.39977646947716733,0.41310797805686156,0.37046326819797337,0.39107273545169785,0.33961180957641596
cgSYNC00173,0.22323479207773267,0.307403059457412,0.3472600347860276,0.22399207245423014,0.2941376728312729,0.21857800223697338,0.35833831064738375,0.35859960762822884,0.2610206584870358,0.27743073581284733,0.22004481262914527,0.2124634010002193,0.32242610032347774,0.2385140303770534,0.34723461396448446,0.14918818093382508,0.24841615372080417,0.2771753355035452,0.20249653624342173,0.17439358921844342,0.29004296319363,0.28536099321682384,0.23708417695501774,0.2804704440985425,0.22569542256315261,0.3688212133685972,0.25652704010972355,0.3562054075495507
cgSYNC00174,0.7448409115792262,0.7787114771346099,0.7238284080743288,0.6926197813839774,0.7104933265300114,0.7343781882082401,0.7353535162321578,0.778118420155351,0.7265116547895781,0.7838443170796315,0.7597729477627099,0.7302955078721152,0.6626195479945582,0.7800651387072507,0.7802098394697912,0.7595381829062354,0.7429427562956384,0.7021072671497857,0.7034604821708259,0.7065888125078743,0.6698892233485367,0.605383194884143,0.7507712730890086,0.7072246248872562,0.7123499724090325,0.7846455882988415,0.7510839807932348,0.8062430653940441
cgSYNC00175,0.8653105374495399,0.7460329693833412,0.8542030140713489,0.8358802017524267,0.8797237884966899,0.8213805450162661,0.8165269419015098,0.9355703967560903,0.8695061919222987,0.7933224961825456,0.8211696769197915,0.8147362610026141,0.8819192197664832,0.8446135598652948,0.8603259030290161,0.8297938671412904,0.9727876260304782,0.8126427979269271,0.9037426470272751,0.934129314324862,0.8947268068014345,0.8363286692279733,0.8369018562985853,0.8122466399289071,0.883305458560449,0.8764728050545371,0.8359809120862587,0.8855900901981095
cgSYNC00176,0.5679853557576204,0.7154811487359156,0.7902903229791992,0.7959677977278251,0.7846971088827196,0.697169046336673,0.7054083069290674,0.6993550203992572,0.6920549556215982,0.6562116547705134,0.7281318707282648,0.658385448470882,0.7796138741265652,0.7157147961752842,0.745620338837417,0.6467096022173338,0.7930350184815861,0.7184089271377659,0.7677636658406946,0.7944301450908099,0.7387413628936345,0.7422120553000364,0.7693922216642057,0.6448386858582489,0.7345819373817554,0.6895059916563224,0.737910949715233,0.7003596305255821
cgSYNC00177,0.6759611768296894,0.687643527581524,0.7638041159367535,0.7368837101715927,0.7359219478105081,0.8015373816136127,0.6884700514562851,0.6286375654558614,0.7297989479503475,0.6585714760667944,0.691440250169641,0.6977591895666202,0.7485287424453059,0.7132493590648371,0.6302902867072465,0.7415648105658648,0.5528543332304336,0.8587953194643188,0.6970201111348594,0.7551308547725873,0.7125256593419762,0.7377037890384122,0.8174113810937494,0.6566623219654428,0.6807958505528429,0.7165761657205567,0.5110988789356579,0.7017062656932869
cgSYNC00178,0.09470308777012332,0.19275893156117802,0.1750237679528349,0.2492797491247864,0.1713103021087134,0.1298969669854118,0.17868409046020442,0.13520790890856937,0.07783742717295491,0.21889822151392252,0.08713943678507255,0.17440565740494435,0.10968752122181064,0.1263112779366618,0.19377552067906562,0.17113118487842227,0.1385026946142558,0.1706420228959499,0.06374350946805447,0.09368084417444233,0.146941668144139,0.0721661314117376,0.16481140021174595,0.10829612575394604,0.29232266063929335,0.11156842381168933,0.15867817810344864,0.1845738461385556
cgSYNC00179,0.36695593567444007,0.2775756708876838,0.28800551045061196,0.33863928834599305,0.1671187237163011,0.3345616175109132,0.3324733737030694,0.28726350930237254,0.2836926474177491,0.30766609187125643,0.22873579649092607,0.30876859589529765,0.32145601365386867,0.3317338306159325,0.1979233876277614,0.29057912088315985,0.2838894030758888,0.3043808326056243,0.22269494068686413,0.42621306264341063,0.36389870739746544,0.27620299045969277,0.1500118284407913,0.2535594950707653,0.35469354735110914,0.3124849714403782,0.3565325280745971,0.31830721734920464
cgSYNC00180,0.5121524815609694,0.5118598617594714,0.4415616606341764,0.4291444782665766,0.5288901155292963,0.4861588849649594,0.433060658584669,0.447656005944373,0.5382232355543144,0.42742567707516527,0.4433449724832275,0.37931087702176336,0.4789438250503516,0.45891706857298564,0.5417556391956615,0.48823281883932684,0.4912664917051294,0.4111036255488307,0.4509819040091371,0.4431109254810797,0.479775961801101,0.508589315283897,0.4477297224239377,0.5462206980167621,0.47239373702916926,0.3667671125973615,0.42809812087646815,0.43651537490742365
cgSYNC00181,0.5262598456645183,0.681489341304456,0.5903658663897953,0.5653940444209321,0.5268371528312613,0.6135433156326441,0.4844406984247957,0.6031704583095939,0.6121375601469892,0.5716666598014549,0.5981325675446412,0.5721514361283294,0.5289370084579984,0.6139643199350939,0.6247091914254672,0.46565423583335985,0.5340819452727387,0.655003877773106,0.43946703117634767,0.5817371171137629,0.511782272785939,0.7282725171304105,0.4628943013673093,0.5315796346135087,0.4631441228700337,0.5604176855920199,0.5898384114065105,0.56055971702782
cgSYNC00182,0.5230881286331545,0.4578298643140171,0.5857164067488673,0.41724551033564206,0.4617539643489653,0.46641669395495416,0.41835041470585205,0.4554931552804897,0.4680056786912667,0.5287987959460455,0.4664926763907108,0.5494644197979908,0.4611318170553338,0.4272837745073369,0.5118287525694536,0.5072776460611172,0.5424029130524639,0.5497814834464155,0.5089416248470107,0.5019376819247803,0.4059640332732537,0.4903027937769962,0.587251763083327,0.5241400398801231,0.43458456617027463,0.42816822718890696,0.5198424981929176,0.45931713979473393
cgSYNC00183,0.2741009110983799,0.2686402827143876,0.31135217488027245,0.3409586615536365,0.2614266589209799,0.35113530730236253,0.25714469375408,0.2955237359231098,0.358202121513054,0.25903692338136036,0.24655889217785945,0.30742821075108234,0.3490944155344237,0.3805501976506886,0.26475064663840636,0.2896558601029648,0.2632340507117262,0.30058097868392947,0.4446579321181042,0.2993999850241366,0.2695129833338323,0.3005678257061209,0.24732393211830606,0.374892127762501,0.3367284019358608,0.3875491500427115,0.3088806616142106,0.2887687212199943
cgSYNC00184,0.8383893329514355,0.8770777182817732,0.8563262353472375,0.773218530309831,0.7970161953201453,0.9387640412156625,0.9146725896984531,0.8526544846964635,0.8673937768782809,0.8718341459399394,0.7992342608537869,0.8117090161680339,0.907074181500178,0.8734948298715355,0.9110776701073268,0.9279090737515252,0.845249191946219,0.8032473593276872,0.9379432514873277,0.8691486559623055,0.8459347193780472,0.815764475223653,0.91409741904062,0.8951146824881391,0.9009404437169225,0.854616384210538,0.8075643034155155,0.8435045151930157
cgSYNC00185,0.7787130981293189,0.9003123522863793,0.7935221909668694,0.8181596383017158,0.8781881796748194,0.8622767658529449,0.789397619524571,0.8021162166841906,0.748070903302826,0.9604259934694158,0.7819403419759894,0.9271223995149104,0.8497187627115476,0.8313462806833904,0.9200600286453495,0.9115724055024307,0.8017495468317215,0.9169126723549939,0.842766381636799,0.8329410956190815,0.8942914088769052,0.8241639627602914,0.7748034217466774,0.8174883478926761,0.7924458114291014,0.840532484196647,0.819125037844675,0.8199977636799101
cgSYNC00186,0.666818716969884,0.7061830494810462,0.6242693452655873,0.64668136170138,0.7450848639217381,0.7524429009285039,0.6873249878455914,0.7645986962911879,0.682680049052308,0.7135662400284831,0.7203708104694763,0.6929849352097667,0.6392662728699946,0.7619569529970553,0.6484168578196262,0.7076512295682879,0.7936585189005599,0.5909979620597908,0.6466262474221132,0.7049795408796259,0.7651391125917051,0.7378919615973102,0.7247038888449638,0.6971791582600346,0.7075920289676477,0.7010633821152398,0.7052461145907346,0.6031274199403793
cgSYNC00187,0.32744181917259324,0.3119043065832713,0.3728825223347962,0.2931160310689924,0.4274241636481386,0.11371770905744155,0.3289594607021828,0.2709422544877724,0.3728038734864145,0.311044932450204,0.3385421130469307,0.36978345702112386,0.32353386424760655,0.4062643255274978,0.29204902047500664,0.28384765322535377,0.30243838371039306,0.3173846143656983,0.3260699913240511,0.29312373156506466,0.26917906224392973,0.2933659124420626,0.1908123447796304,0.3685559905006443,0.33770524118323125,0.31230998432073875,0.37353841848056346,0.31995842839832606
cgSYNC00188,0.43066356993046295,0.39567190920981354,0.35298602599943546,0.40354574889571143,0.48143689419508595,0.5033175294180814,0.4058677568756722,0.3966634048347036,0.41879363273740505,0.5475825527530676,0.40961663906310075,0.4646778878596142,0.4196096463827499,0.45054039785861216,0.40010260123866215,0.3672837375047877,0.42685127483340274,0.4638961459235434,0.5067303217754856,0.4632217986917775,0.4018175738539058,0.4755684781946389,0.45898954715290385,0.42155737149658523,0.4394915124180634,0.44159209270521566,0.45733705746036285,0.4838338088855402
cgSYNC00189,0.23109027658075085,0.17668780285625404,0.24697568576299386,0.17507331034755638,0.2631161268359107,0.22462190628826964,0.20475515741858605,0.39883681077433925,0.2628756450587162,0.20164296804732304,0.3105475762320897,0.23799933186135486,0.24623392788317955,0.16072140436078458,0.21135396655783936,0.26849073305052046,0.18097476507456287,0.2543769131800406,0.20613149872680378,0.33391897587971175,0.08679145899387714,0.28006098824106834,0.19334895108982716,0.24391559795639708,0.14556044620014186,0.32083343926127417,0.22963817185741675,0.30419975956254663
cgSYNC00190,0.416314308752503,0.5618258479784369,0.43865725771978564,0.4780421438709671,0.4601929224598577,0.5127065260360708,0.5163578596853623,0.4872031437670071,0.4144011662940722,0.37908125320434,0.4920793562646495,0.5297245375942001,0.44247965346346285,0.500903669029524,0.33686439885178115,0.45513383854288547,0.4355690832793255,0.44818941742349694,0.4960120795107915,0.5079739216442342,0.4890867069952487,0.5374747030272619,0.4805105706708518,0.5941078674189348,0.45496961827904153,0.5317598777423937,0.48589941200804176,0.4493061950659393
cgSYNC00191,0.31097788296413226,0.36904658750654895,0.23024296463044275,0.3521338438937719,0.3040055126946663,0.3514709811930146,0.29066690050613087,0.2796570957790828,0.40370555135282155,0.29508292600429076,0.28067315025933487,0.2631024575161933,0.2690179297977999,0.2576635753822126,0.4182356572996455,0.23217525391136426,0.16552770429670854,0.32844292122247354,0.2727619706162306,0.3483056651077583,0.3619748261826153,0.3024166897406953,0.30978375000341274,0.29854060519853587,0.31584012135994083,0.32045061142525255,0.2729486673215548,0.38113873012343763
cgSYNC00192,0.5619375213983264,0.656048667946632,0.6475856739111256,0.7346749562925501,0.6630393506778941,0.7600495881229075,0.6858275880852237,0.7705279299066813,0.5289765147741716,0.6862968532349863,0.6478013785020678,0.6804155374224814,0.6065918148567957,0.7137008464971728,0.7225959594592237,0.7142571567582381,0.6666421694308845,0.6567094055410246,0.642954683553882,0.6619751825234336,0.6482269160709414,0.626675756632964,0.7978475157256368,0.7231470986038406,0.6351210294190992,0.7702700891358651,0.7431564704913188,0.8318614824451451
cgSYNC00193,0.09398752678235003,0.17747389226344062,0.02156208182141979,0.045959035535715544,0.07963350145894843,0.09940149008292662,0.046048412705121285,0.13865058087008542,0.11949216434239486,0.11112664992896767,0.11933824054622075,0.19501920557359576,0.1213588256999475,0.11456564137167942,0.13852930975855765,0.0408125641085236,0.025466015876700387,0.06429445353731228,0.07958355241718097,0.10782546431472356,0.08885735167430871,0.12206442831480081,0.15422648562988428,0.16914327626388687,0.12608196925216955,0.15262463719884567,0.14355971715411536,0.1553855972090863
cgSYNC00194,0.056615242072420385,0.07528860550747488,0.15488047228809335,0.07536237561860014,0.08897029777631728,0.11996984321291271,0.024049552922999623,0.13168146928341912,0.17320219874566012,0.06676863806453992,0.08060942013593625,0.03420117898001193,0.005,0.13633216907860407,0.1277530763442763,0.113024242194175,0.16044506073784226,0.12583253986400827,0.1255485731274593,0.10390035482620547,0.0809302998016184,0.13208025733946135,0.09486363712089281,0.11942696013925441,0.024482350447025042,0.08129365319637835,0.08949262823382083,0.06833694422020714
cgSYNC00195,0.33415468728377706,0.48235444344531175,0.46234160395646956,0.2850275347428094,0.5130878986219116,0.5423551781792897,0.39152751717076734,0.43702378243169476,0.4555058654799604,0.4014927919326603,0.43288353352587616,0.4321627034823213,0.4634999700859744,0.49715975692022696,0.4977072235740067,0.5085251447869259,0.34444826273303686,0.34168779963336293,0.38804589546440194,0.4501279423390626,0.3162937292722554,0.34396769047761366,0.3734320452732819,0.40489746896040146,0.4600752666368247,0.3809497948300573,0.5098972173216995,0.3906832042039248
cgSYNC00196,0.3145972560114951,0.23294500522781972,0.36767316841389974,0.3915801924445921,0.3282737588346032,0.37666265899587137,0.34228647335768236,0.3689363670700577,0.27853697517781173,0.3319842361931365,0.3416260231743323,0.20977806789158454,0.3631530817645517,0.3603610228909399,0.2880860600089629,0.3421757319438855,0.4455212033628978,0.2966560646349897,0.38073000095657805,0.3292305036009168,0.3586681371956939,0.42592682713412616,0.3465451751175258,0.3125598763510351,0.4436528541084874,0.3153924743243753,0.38798551452063745,0.31181488616183667
cgSYNC00197,0.1734715266470919,0.20093778764997083,0.07459726944322922,0.020498700984273158,0.2031168932162517,0.1710799505130756,0.1934809927167972,0.12894044685784542,0.17953112583651915,0.07190749925013723,0.14438592165966735,0.1614875806084213,0.07200062616236241,0.27120618667963053,0.1629350583673724,0.1337188849300419,0.2316678809675802,0.005,0.20900627930149454,0.10200870738487161,0.17893159383074883,0.0837793837871259,0.08798285868595851,0.1006252220544354,0.09728245492096696,0.07423433761876994,0.2114458957289798,0.06364712958284174
cgSYNC00198,0.3905696936854265,0.45750863212612747,0.36612641455807876,0.4670117466137314,0.35253824720642,0.41192127123417555,0.42617034050053254,0.37217640296414156,0.42480410200773533,0.45875943572975153,0.48749231607217974,0.3613538408075321,0.45797649534634854,0.5084527571825382,0.41472994032706967,0.45206168665186075,0.39042520320721735,0.4097577621860932,0.5381207510935968,0.47634528837713896,0.3868776618453851,0.3952806986173133,0.3921494717026143,0.49446559742368096,0.4086740324997248,0.38197945529040467,0.41491595384262314,0.30521331393037465
cgSYNC00199,0.34213095148326966,0.3447940698529548,0.25348623836917833,0.3358735234355269,0.33179611933811626,0.3773382639113434,0.32744796041701285,0.28109065318909626,0.2416945610354122,0.3084148520736028,0.27713098366244393,0.27713522972453286,0.34674246512071366,0.3174522524079409,0.3132775602114499,0.33324601663148323,0.33959392045387743,0.3923563220215255,0.4175984746222951,0.2264119604163241,0.3567576358139661,0.2626972343025032,0.2801281288505495,0.29914347546566317,0.3108943242884895,0.24031217858908432,0.26409739455229303,0.3418671086228174
cgSYNC00200,0.27587510028921514,0.3047013132671223,0.2767802561477509,0.3078430757548499,0.3251581313706131,0.21077867121115867,0.28230121629255556,0.3350835236972881,0.306449933728601,0.21310267513457348,0.2870522121162978,0.2808207082911644,0.31314825110087974,0.22799164893921736,0.2740253288603219,0.37635735276930216,0.20982879633157264,0.31484945142100523,0.2850553287361938,0.3850134160523637,0.32244607068351955,0.29121733950893847,0.287756948320269,0.4227110068174653,0.4564136876689019,0.27026186421155324,0.4234340888469617,0.29439826370622907
cgSYNC00201,0.7162355059072006,0.8347363300721691,0.7046633749981404,0.7083573096600023,0.7564233867753958,0.7483792483035611,0.8408396633312928,0.7956743226283385,0.8371922538853541,0.8373809431556256,0.7534819693341378,0.7575455957126005,0.8434175095564134,0.6984005707745329,0.8153278306017302,0.8750576775360008,0.7445683837639012,0.6524275158451671,0.7972451022528644,0.7783743237209074,0.855502188418632,0.7369365505271549,0.701231392502827,0.7234164663790038,0.8019629124522566,0.7230991035746872,0.7733834351198049,0.8506124754523057
cgSYNC00202,0.44870756208916285,0.5576136144008204,0.5300791266050899,0.4754361252236883,0.5882291185681415,0.5858079061160555,0.5647149588965554,0.6051792069608167,0.4690566773262385,0.5547365500278965,0.5743270345301312,0.5473356318198009,0.4679156628823873,0.5383235709977366,0.5051279440103644,0.5398619204225419,0.5046542147669144,0.567906391125459,0.5089667127466706,0.48819648758766343,0.5726702589433478,0.5883376504636814,0.6616631066061504,0.5044941452452759,0.5142894744952308,0.5698064088959317,0.45709977479581254,0.5160594647602375
cgSYNC00203,0.42393694772991125,0.4361615440438676,0.44592914147557494,0.3055918698344182,0.3731263809295785,0.3536231921675323,0.40314478520636843,0.4377475473147964,0.3999487089968723,0.3012638734449691,0.4080852484317089,0.3407930528903213,0.41559689257004634,0.3952925641477924,0.45818528100583333,0.5046074790498924,0.33065179782320747,0.47223349001713083,0.5237879528723046,0.38272886304552867,0.45269069186003685,0.4016449427169192,0.46495856633877203,0.3510528817356725,0.4411224309287256,0.41961082223894325,0.3102098182622735,0.3631975753264484
cgSYNC00204,0.07114424137328627,0.1556880784711243,0.1330649585541976,0.07660130251790329,0.15352836213483495,0.15373221408825893,0.1563145393167007,0.1318759044760007,0.12907798966201686,0.025707342925337093,0.10120948311020028,0.14164548577306174,0.13247790944183543,0.16573229028372,0.20335263807965695,0.1242511053004008,0.08548690519410326,0.13564616609169322,0.08560317815830935,0.005,0.1554600463735923,0.022545558995122658,0.16864172255430132,0.05439824893498294,0.2097476001947241,0.08585062546076001,0.07314704811192477,0.06294318354597869
cgSYNC00205,0.7175266561641463,0.6513628495809194,0.6584153457537627,0.7867941158044521,0.6517315384938501,0.7482726321328321,0.745502880636367,0.701606250601185,0.6213503706437847,0.5845739031980139,0.6493161579659439,0.6748639410845674,0.630079938458779,0.7346021824241521,0.6381366483422373,0.6695831407234709,0.7415687389995749,0.7179809111309565,0.7018538539259802,0.7198538636287023,0.6997169103496047,0.6968638402021826,0.6987038613749238,0.6668927648447633,0.6619843215261997,0.644733668051807,0.6279933945112526,0.7747167264212172
cgSYNC00206,0.29836968352703686,0.10844718863854183,0.2214480439249366,0.20512067657325944,0.25805399268411594,0.3034762842352179,0.24685709567809544,0.2826061544145151,0.2886330636144798,0.10593365583848546,0.22152737840419184,0.13824779025787132,0.21656938778595314,0.2462877748692903,0.15938831773286233,0.21031894262034265,0.28029631688469164,0.36986533221926776,0.30585267788780557,0.20018379443186754,0.27847769183118276,0.22665769637781313,0.28999538958586263,0.0904300277648113,0.2337590070967399,0.29126806786552806,0.1212803916223972,0.18701257295115076
cgSYNC00207,0.5901923014506103,0.520632448406981,0.6532120301885476,0.6622152941570135,0.6256220143785294,0.5916582342808862,0.5777440833269052,0.5818066113767666,0.6044283420968677,0.5336418375385839,0.5592181225332773,0.5449886514828473,0.6752624198154242,0.6530892596066729,0.5429793060452195,0.6292522627682958,0.5736492963738974,0.5806642585563057,0.6482000172320095,0.5634443620057761,0.6780245968933647,0.659417365323318,0.6860039195429198,0.5769874177631344,0.694734249648659,0.6260023532073627,0.6038635364389147,0.5257935599342904
cgSYNC00208,0.6387292653843126,0.6295127761204924,0.6349923535224312,0.6977676222038645,0.6099441141953978,0.662531988554895,0.5780344026305178,0.5887227367057127,0.6034816338815268,0.5797193180426707,0.657171942643766,0.7309976976775675,0.592868375457439,0.7132947826500888,0.5992974297585024,0.5550862996043922,0.5969885047190597,0.676867157559924,0.6507811427146233,0.5860310149327208,0.585561565527088,0.5728533281081625,0.5549749629133803,0.6087118824757044,0.6192129173747288,0.5298515664852429,0.647508492781062,0.5872579955714886
cgSYNC00209,0.08183774330346431,0.19475109625275402,0.10306037591246747,0.10463269686453804,0.1670333219528985,0.026403229851297894,0.21612130032013682,0.04868811813699486,0.07694725046912257,0.1399165319972518,0.23622903477014442,0.074545184780059,0.11805879626192749,0.1869059204211273,0.10172281698849574,0.08678667684927623,0.1302210249096537,0.1647921306479209,0.056041911235721484,0.1981288418311269,0.1315879865077173,0.1210171500714887,0.20576511424751576,0.05327921452958269,0.1957246547270109,0.10891444897768797,0.13030937408795484,0.057781343415796334
cgSYNC00210,0.467534642892123,0.5250523045871842,0.39877491985929664,0.48524104000419177,0.431211064310377,0.4596929843661163,0.40466737515021595,0.4636482285598439,0.4791595412156692,0.4761642765027201,0.4090538084524394,0.46870016381523877,0.46944899929517525,0.46100408310792407,0.5227846993469069,0.4434012714893568,0.4986676646381712,0.4285201238566871,0.40803317968238517,0.405901464217721,0.4567372535823505,0.40761327033043687,0.42331921156059515,0.5009046400679413,0.4595417668261755,0.41243377307032847,0.39528902885551553,0.5030530987317987
cgSYNC00211,0.3443105047068063,0.3459348989581062,0.38944753462623916,0.3272178528123587,0.2602263070689426,0.3281710013903964,0.3024555852145286,0.31870492534471034,0.3785191916147902,0.30351501802963365,0.40326774367251617,0.3594390413254533,0.3832021484416681,0.44811035852223136,0.3472855253179259,0.32572202428111485,0.41045055314083206,0.3359877547010155,0.38688582666323407,0.40022985005837647,0.44268584066170075,0.3355515429517095,0.40160189332864893,0.3627925624398738,0.42503218836527146,0.4812414918555665,0.3685011430643573,0.23349885307489648
cgSYNC00212,0.9102130706618572,0.8555197118089968,0.783326136859554,0.8050896681992724,0.7964170194742417,0.8765422798730348,0.8025950122854367,0.8718852229964845,0.8143807915299791,0.8993772873040261,0.7791113806767131,0.8222087737595655,0.8765165622642798,0.7939743148509965,0.8070171783869016,0.9028417841898864,0.8334834437230219,0.9078881725563439,0.8657173075086658,0.866125727041731,0.8626771933901928,0.859169158298861,0.7428409751796932,0.8674131956641298,0.8908543831036219,0.9591162919862598,0.8410899819947747,0.9756821676169631
cgSYNC00213,0.7129652881390903,0.7226531232492179,0.6930939280417465,0.6899750955863329,0.6230292625282748,0.5775516473359644,0.6427455213106674,0.6807490334353734,0.7191790031360088,0.6159690194217342,0.6342451594611048,0.6500717744237435,0.6348312851352589,0.7333240952698054,0.740899502171177,0.6921433598000476,0.6164780641758945,0.6912717137119637,0.8447528342751056,0.7022830439974533,0.6847752328409947,0.5853072855889047,0.6732287049723066,0.6977523215630833,0.6765446704661161,0.7523938218391181,0.7739096829082984,0.5983687476889538
cgSYNC00214,0.11569656436781668,0.18815531986353323,0.11729210763416437,0.12774329979713167,0.11014034088882725,0.16401124766011102,0.3008676766407199,0.06970953208876227,0.04978055839075489,0.1771181087122385,0.17402908344911064,0.20595037899000235,0.19947697381434668,0.15474432099624005,0.11389773104474438,0.04462740044150068,0.20230456777901787,0.051881638981559994,0.17582837222565464,0.18933392239238991,0.13277648158728825,0.13992373222833906,0.13766959334932435,0.1332701901364946,0.11206579311394532,0.11495343477866814,0.19046028731989,0.005
cgSYNC00215,0.5267375846822264,0.42552163961272305,0.4888309469996995,0.5408269603361757,0.5520446467759229,0.49178303167661813,0.476044445108499,0.49571403898312905,0.4677294176645735,0.5210884093100386,0.5611023291601411,0.4469468441163298,0.45657749481410587,0.5173057615992898,0.5810287693230023,0.4605871327003173,0.39815035422806194,0.4278239823290915,0.5512057336633852,0.5511681094351395,0.3967765804978511,0.48033926835599616,0.5400994998951028,0.5238327664257648,0.5217602354376369,0.47660344758873396,0.37939494797887663,0.5750153002482365
cgSYNC00216,0.7316143489287258,0.7692693280939306,0.6650450531154314,0.6557611214969306,0.6703065193235106,0.6648119545623719,0.7732955591098486,0.8050658687092471,0.721718375110324,0.8596719541315351,0.7018881557034617,0.7288752148994966,0.7410434197931173,0.6999617358746726,0.7519367202609034,0.7124728065854692,0.6088517986342791,0.7680361421875715,0.7840181631404645,0.7667271416187033,0.7181664256746861,0.7670613324811194,0.7292130508430698,0.7866076982575293,0.7211941046672713,0.7182167713246884,0.718049755520293,0.7702648731504195
cgSYNC00217,0.671642932866573,0.6225453981129412,0.7013926746298459,0.6704163081380564,0.6240252596361506,0.5518108940424353,0.629189513529515,0.5642292338819204,0.6228377145502862,0.629115843237212,0.5959544025829189,0.6697120535559453,0.6750443702837852,0.7299765100924949,0.5627980457318268,0.6752833563620146,0.6602177398810903,0.5880046447325664,0.5915577440862877,0.689460264950815,0.5482602416024073,0.7534008385581603,0.7331996149193706,0.7796237801781869,0.7116341603299591,0.6466337332761881,0.5623526140455968,0.6457785622237904
cgSYNC00218,0.6825626228433115,0.6186497914020266,0.6963648687980116,0.6860001790212676,0.6363527893557748,0.6106658879915883,0.6926832778242628,0.7249400499322883,0.7238071314275505,0.6042986463119979,0.7229976395362864,0.6884362086893697,0.6947938418708512,0.6572911476913001,0.8014981977298457,0.6570388939598575,0.7057542647057894,0.7820696880985281,0.6892715885863321,0.7118009679966075,0.630209363272105,0.6768369940616856,0.6961070338316543,0.6884422749952673,0.6718673532913725,0.7037341205518288,0.70851807237842,0.6480484875984133
cgSYNC00219,0.885724565981578,0.8403068737154965,0.8064227413154058,0.7846704394764298,0.9124493206265402,0.7294909504145896,0.8532625594191726,0.9399373355312779,0.7738368592111448,0.7539516974741934,0.8744153449040495,0.8728282194565896,0.841508769276948,0.7724807703375247,0.8925690670815634,0.7452225608196166,0.8453397936509983,0.799618176788614,0.7949339828088166,0.7694532478440461,0.813060096853298,0.9303960844567696,0.8255341824739356,0.78277394657271,0.8392966017829482,0.9063783749741805,0.7756192461207563,0.9003577087888777
cgSYNC00220,0.3193576797148343,0.2060234775892864,0.22917178468771876,0.25883620361724297,0.29702511190230496,0.18718351119846982,0.24179129952808062,0.2630960139867671,0.16457451790346753,0.1708781482319856,0.06658876682309997,0.25123586062394304,0.3187041281206156,0.263541211267208,0.2521058682805807,0.21837464030146533,0.3024457739949474,0.10113934197452085,0.15456965306412396,0.22108284550187984,0.33487076618563516,0.20326346419624444,0.20936865986092767,0.17466909826892976,0.2064561260891624,0.20960135968393767,0.29094924513991216,0.21116198784994036
cgSYNC00221,0.7554426827497486,0.8732158870018909,0.7681138817489798,0.738913290339414,0.8424240791424897,0.7819464406745845,0.8674439373220341,0.7324868573023682,0.8037962240768396,0.6470098711074062,0.6644305985232906,0.8340272810317794,0.7827969583008586,0.7830772169517631,0.7676785713919846,0.6825107223912624,0.8003800491347444,0.7324722173348779,0.8472734823269169,0.7651703629522612,0.7436241696122794,0.8000428842015321,0.7101182400516598,0.7300812238370038,0.7648246965299561,0.7446706778503565,0.8163536456977252,0.7794851534095892
cgSYNC00222,0.5107525371887774,0.46897541802127896,0.5335170990300391,0.41885926855855116,0.5572944462254489,0.4690839256012065,0.5549543309756906,0.467694556336546,0.5074890474612798,0.5228665151083336,0.5158017655079354,0.4749847804302268,0.5115846327537815,0.5235267519025139,0.4135366491238028,0.4905956883756681,0.554106845836045,0.46514755689125503,0.5722962371730238,0.517041734502801,0.4694639476122875,0.43577259463542234,0.543118330181747,0.40028257140894796,0.4801244604858012,0.4667150912669146,0.5851211098905666,0.373491277492381
cgSYNC00223,0.6194590415266412,0.5906556186508398,0.5938707670551783,0.6642873004885124,0.6785384516777166,0.5909094800080974,0.6888844407281018,0.6193074031283908,0.6696136543066301,0.4839533577306502,0.6785352232319026,0.6020865169234537,0.6333452479607249,0.6489368836779831,0.6065744102830981,0.6969248116052841,0.5773805892591466,0.5942720148318197,0.620393454095019,0.6790797840986623,0.6024811475034185,0.4679136915195764,0.565982498203316,0.6667771513588293,0.5142978544585093,0.6337188419369466,0.6825772332585481,0.5991816889709162
cgSYNC00224,0.10331253987613427,0.20434299087443125,0.18528560645607808,0.15736311121434446,0.24910242662163767,0.1349696167131348,0.09093559511827813,0.28328896560365946,0.1805980428579048,0.22279217437245347,0.22267468686920533,0.23192372448202056,0.15799427157973361,0.16213197114695993,0.14144651786103682,0.09046430918371005,0.19602341461074574,0.16966606951579027,0.11022793340493117,0.17682649427040198,0.2137621977584356,0.08116946183621908,0.1966864746414713,0.19026135035662028,0.12417016209014871,0.1990884271988391,0.13383349529507493,0.11465349035646781
cgSYNC00225,0.5068277042278485,0.4558707799699086,0.515141252077218,0.5879212287923392,0.5913254534878394,0.39675569123678606,0.5747959477406778,0.4951701048279808,0.5498882126492931,0.5040088407578825,0.4606170742747553,0.6032094180959892,0.5534642493309353,0.5816742925876095,0.4860628522297016,0.5192739981037868,0.5055064590088978,0.566582537236578,0.5729667261661392,0.465857246971522,0.6138007688726481,0.5864903215480863,0.5759599758118037,0.6154314170768338,0.5439231085397362,0.37512462058541235,0.5483676502964042,0.4782551678422341
cgSYNC00226,0.5590139192368835,0.5792110075578267,0.579176077734403,0.5765565902231363,0.48148538814813635,0.5747977343310593,0.5229613052522619,0.4658530112034887,0.5375984490339826,0.4521156160978522,0.588265858664175,0.5075856949338214,0.6143608562399047,0.48992882777614494,0.44974915091919376,0.5081857588702954,0.4337220079415425,0.47812640894272496,0.4795391090552096,0.5626544600750445,0.597309800962813,0.5095983069140088,0.5248238241488945,0.5876505491326891,0.4622225367638477,0.5602125439963368,0.6156973317448051,0.5763430756359522
cgSYNC00227,0.8786294152207212,0.8607687790939595,0.823529596871524,0.8512237432607591,0.8212586593089013,0.8625381230948547,0.7929120871324051,0.8230672976370064,0.8699586421470109,0.9231605834185965,0.9062577588861015,0.995,0.9642538971548356,0.9285595493715816,0.8564764252542685,0.827471730068376,0.8946403492908067,0.8660869474380966,0.8503503187536374,0.995,0.8945336363158366,0.8360182965465932,0.8045824256078811,0.8280941150697616,0.9064017484344828,0.8936688796011263,0.9062632972715725,0.880950408204473
cgSYNC00228,0.3412507556448406,0.19174090449024292,0.26611102305269874,0.330480649070861,0.260949799775244,0.2102304393175902,0.24856575560873295,0.2864100093191302,0.139087571314797,0.2862351286555233,0.2924720089682461,0.338261898367693,0.2404058469142126,0.20121651960377487,0.18463934976260618,0.2474310675484076,0.16414781566941766,0.39248300883083576,0.27417003304424065,0.31493990274356604,0.33621021050447847,0.2568816135077388,0.2298139168383732,0.2319870046925556,0.29008705406453517,0.18643359836227874,0.2063753819506257,0.15984056090018944
cgSYNC00229,0.47452338136264893,0.491477661770768,0.4575843400988779,0.42576525766151524,0.4705065075420026,0.3898629729079614,0.33796222109258606,0.46003281585237055,0.4885685165309816,0.2894591563953733,0.40355967752644195,0.4192837999147573,0.4513043049994639,0.3890371096154057,0.4473138305922624,0.38867274050739414,0.4295300855611893,0.4797471763666656,0.47532350652235333,0.39918978708443625,0.36426480525843435,0.4007984276238428,0.41305156929766146,0.4123270972491101,0.46686912288623716,0.4070853929390543,0.3514363600558838,0.392936242586497
cgSYNC00230,0.5954506988406364,0.6576117909903707,0.7002020538869292,0.6750258603992068,0.571725121666146,0.7213749970406884,0.6064364413538829,0.665881288303092,0.6262553309164751,0.598945725487129,0.6063565477738377,0.5853679022084148,0.6519405166241063,0.6037435028425349,0.6484331791099971,0.5663577026194175,0.6455781582104797,0.5418756289569557,0.7090439631564522,0.5918336539784647,0.5560601941529387,0.7947861397988065,0.7450155260761584,0.6822032644670081,0.602437002383534,0.6075213463271357,0.5261213263774768,0.6391323601186711
cgSYNC00231,0.6675848051163241,0.6081462189955769,0.6933605850745305,0.6478151812644442,0.6890561061169217,0.5616083705812337,0.663720050920525,0.6523674592156824,0.6495662590350229,0.6583401735036298,0.6227828967439223,0.6465326952235001,0.7782954088952901,0.5115870301887697,0.6137148734459797,0.5993761253067201,0.6542971076205051,0.6425242565517231,0.6535127853904062,0.764621896807976,0.6057652832858578,0.6987181919865186,0.6093081257392265,0.6682996763904232,0.5672630196842539,0.5627358011542278,0.6207369571829948,0.6157144172617084
cgSYNC00232,0.28328200249412533,0.2544846621700754,0.34626633341200524,0.3736874798537657,0.26521584308681695,0.3088825751400321,0.3960677742640822,0.25994007645945694,0.3878677951568238,0.40935443049608145,0.34872675037755535,0.3055353488325185,0.3990788216444088,0.38968485589087964,0.3453275582504569,0.30184594402819714,0.28870041542592817,0.4220852048085335,0.27074256327215696,0.216566066966983,0.3072648479333879,0.3260820779585412,0.4266839050940334,0.43159816868937584,0.3196827630870653,0.34588299085547575,0.332527997158426,0.28445278299916743
cgSYNC00233,0.24409377921527242,0.21157402109155693,0.13675348714077695,0.14999614628868732,0.21428296463471921,0.193965078619273,0.19503423308152015,0.13935535711614772,0.16056846784873152,0.19676811189127758,0.3309431266604649,0.11013203009155495,0.2295582119153043,0.08490179606149047,0.1320379698344768,0.17213236943730895,0.14161853377201683,0.21715123617337315,0.20094938574841567,0.1330313494315373,0.07826552587683976,0.16072985559395553,0.10024470165727872,0.2870664825705777,0.14306764963818763,0.20556512790452466,0.14608602722114086,0.22137246704088728
cgSYNC00234,0.9319518387805881,0.8750081448064312,0.8495924031600881,0.9101091089504729,0.9128596139433843,0.9704131483309753,0.8570952413375588,0.8172212060962366,0.9061378863748383,0.8296291354137463,0.916018171361028,0.823689710381158,0.9265661597007533,0.9066538524343173,0.8235161991088082,0.8433443773763837,0.8603253085291808,0.8954056430837002,0.8844263259256292,0.9368544753981409,0.8455069166930308,0.8838281715744674,0.8551511439293255,0.8250341711852504,0.8721288153384166,0.8681499214558875,0.8130063063548495,0.722168056311221
cgSYNC00235,0.9402923715759608,0.8833121234311202,0.9195640843608284,0.914782067924474,0.8681954297335226,0.995,0.788218462429326,0.8280200045449694,0.8608880005040822,0.9424373154125244,0.9642470787567181,0.8349372245696247,0.9132669893532559,0.8680790702789941,0.8892016359222138,0.833939510000484,0.8757853808873123,0.8303339699854887,0.995,0.9045422132086314,0.7804590148148765,0.9057062115813322,0.825014119419421,0.8914036199943969,0.8734938562152113,0.8053991133332628,0.8791487335384104,0.8789633546227584
cgSYNC00236,0.6288265638033621,0.6543541639353873,0.6335102495866206,0.61522034770302,0.6084127376924614,0.6560821358514038,0.5577460214089307,0.6346553594303536,0.6989997296572703,0.7611334933905379,0.6281894361770979,0.5567162831501706,0.5608785528296716,0.7140762281307429,0.6389344454582373,0.5995601898900689,0.6014844762240711,0.5036821007181703,0.668890652960758,0.6134642317894456,0.6894998455437904,0.6410890410747663,0.5856041277642324,0.578634738241866,0.609710857897066,0.5736675114608834,0.5514383156136324,0.564997516218877
cgSYNC00237,0.8614896423661329,0.7870496487937686,0.7894763653250497,0.7721551617465164,0.8227291140154998,0.7720291628706746,0.8019228824465723,0.6891414131009279,0.8155167974573316,0.8159754571762957,0.8092436448024442,0.727802671196497,0.664988786896639,0.7615709484644639,0.8096137313002181,0.7407349516965384,0.7414737265144432,0.7146918170760687,0.7446627398323183,0.8506250558259151,0.8389280521931778,0.764762555411777,0.8395208184461902,0.7250014685276743,0.8127614817061665,0.7950205270916096,0.8079400380379356,0.8536913067745351
cgSYNC00238,0.5659431565572755,0.533811415097334,0.49520090368934655,0.4072363279526831,0.5164112373735705,0.3926305475821408,0.4745837967354678,0.42376244814932584,0.530408906766181,0.5267878300820956,0.49243467679441477,0.4855326867635404,0.4434464728831653,0.5054327367522593,0.46963516654181214,0.4214312952453745,0.4754334710189849,0.5215811683507852,0.5303150120767047,0.6306375051883006,0.46776062680934,0.48460430678050603,0.5101328137882051,0.488175213289788,0.4310559515915411,0.44517881810960747,0.46181186966615007,0.4355974003925578
cgSYNC00239,0.5970523734225749,0.5363121692029182,0.5479452879728544,0.5861268090672452,0.5179174917128017,0.5755546714196669,0.6296442384186427,0.5030182945598054,0.5273547862207325,0.5074855382385967,0.6077629588333934,0.5377564241743816,0.6621542239811564,0.5644236209519813,0.6152921590730839,0.5605515526596073,0.4374732020781532,0.5283097035028259,0.5948496747835278,0.6166904681681074,0.542608247625835,0.5284124482359485,0.5349933214220969,0.5486142353198343,0.5344927554376651,0.5054455599990114,0.4961605278663312,0.6074194800340086
cgSYNC00240,0.48253287743489726,0.5510066573483993,0.49368080260899405,0.5205643376991067,0.5285379743096955,0.4848344103747144,0.5478333396563528,0.604022758066518,0.49248288902062887,0.5426536443552183,0.6221866659396195,0.5922897890265978,0.6000783132433865,0.5894836501855234,0.5500010029091146,0.5061576929682514,0.5339821471338752,0.45765475598391203,0.4974879946105353,0.5711391040236792,0.4686405398359848,0.5175548893355371,0.4159876208232057,0.46869931109055424,0.4482242102091992,0.49268876567525527,0.5373124453677854,0.4969744110869805
cgSYNC00241,0.7043760311363371,0.638272440960421,0.6882254753612072,0.7047971224669359,0.7218316531295494,0.6831350331877459,0.717253228544909,0.7354724967393218,0.761668561812903,0.667239570224609,0.7730570588118939,0.7351752451441073,0.74735797977224,0.7955388656539246,0.8142241717992031,0.7138548159005068,0.7774552661283881,0.7596183548906617,0.6542813695591791,0.6702561119743351,0.7809645931858945,0.7185391956260423,0.7338450077903655,0.6903744671720429,0.7395064047371781,0.779873640793175,0.738537188010732,0.5955012576956452
cgSYNC00242,0.5921804940943514,0.5846847971412807,0.5577873338066196,0.5754393578504762,0.5405285685594022,0.5683758227391762,0.6705539779053303,0.7129484472263966,0.5186348458632806,0.6315114966223199,0.5910089894604615,0.5941065622469908,0.5555732789223962,0.6338021139641518,0.5785747210634589,0.6299931418785027,0.49312098405155164,0.6776007297330018,0.524817364323437,0.5977434479137417,0.541572915330978,0.595708168057306,0.5523791519268672,0.6233333002058457,0.5242562670683436,0.5420603189275152,0.4709470278673874,0.5479751411956397
cgSYNC00243,0.7860061856837552,0.7032482710951872,0.775339555867734,0.6311566701954893,0.6418519515743953,0.6714932430090954,0.7114173148011244,0.7845158210570866,0.6261770144727404,0.6491784163190866,0.7204063898126389,0.6064980073642677,0.7184399289980404,0.6208330750346434,0.6011917074507575,0.6269783232021363,0.7259072728471253,0.7196367633689431,0.6492300611931809,0.6725225623373028,0.7737854005185755,0.7308631336795275,0.6882270823016348,0.6369812659353141,0.6228877698446756,0.7037641276812151,0.6264019816318736,0.607087749483555
cgSYNC00244,0.3645959283087603,0.41633027850706056,0.46218211910585427,0.3190413847124526,0.4814156006825444,0.4154441914314449,0.4742840899404912,0.48648278410396545,0.452151374473323,0.4786269036893007,0.3539167356413323,0.36468562117780046,0.37215965368401344,0.4190919384000267,0.33370133663975715,0.3457411309852637,0.3675908740076203,0.3686752517050236,0.4401201478480925,0.408566013907329,0.42793873181030406,0.38797609119817317,0.4374285000262344,0.4486055641170108,0.38091919304628996,0.44993088925379315,0.35297795337969373,0.37941660240961006
cgSYNC00245,0.8027057585221937,0.8725359959925397,0.761015298491412,0.7388054761151458,0.7483547327339471,0.8120527525324159,0.840381859560836,0.7604505779502472,0.7636803437260169,0.7400857656892256,0.7497881814698127,0.8239490250418259,0.7735254691648479,0.797634846239994,0.8097855260382228,0.8189683398789267,0.7980265724124066,0.8894404405942677,0.7906201731248134,0.69801522901826,0.6754472295615843,0.7767451262406706,0.7645572764629083,0.7612811588528126,0.7443136730913852,0.6726895089308973,0.7341207913740534,0.8046693589505607
cgSYNC00246,0.26800490925877785,0.12130743077631989,0.23754933382924695,0.2062820108732701,0.2502115203150689,0.16918451592544298,0.22729698761740222,0.23315674381921678,0.1920219736920175,0.22910699883194982,0.18619208954991556,0.1960223449731057,0.16491748337468853,0.22376479164935015,0.2732657660733642,0.2966824859289834,0.17785724066452321,0.26613096858973384,0.23867274258110183,0.22944741212055358,0.2723193058362642,0.20996004535629564,0.12576239730479982,0.2653645634529178,0.32831175968687576,0.19524649376451855,0.15400754848826098,0.2454373529358214
cgSYNC00247,0.3474717256595531,0.2747937257702666,0.2781662753295097,0.26535591727253716,0.29823610940560225,0.352430620381587,0.30267439593281853,0.22593488169913006,0.3534227762223241,0.37999716396866706,0.23236798994734587,0.3038248088614463,0.33496502305722264,0.33970076144654654,0.3407975203042337,0.27445641164572376,0.2984080880629497,0.24127355718356416,0.34921113052231834,0.3047669155456836,0.20346380444709788,0.2878273482035494,0.19232590494717244,0.2387781938009534,0.32356886777013577,0.21828290865599884,0.31875289657176326,0.24273413385665973
cgSYNC00248,0.7734558250955147,0.8993227907623944,0.7179275524954376,0.7955475783190467,0.8378104454088955,0.796889053659602,0.69588908698072,0.7149334416090414,0.7899162056994113,0.7883588058427875,0.6514297879964659,0.767083958454416,0.6730430926364072,0.7978454439880215,0.8465456757947715,0.7832640836148395,0.7580179559896507,0.7445600834007741,0.6993029919120006,0.8688667436712879,0.8527128154180263,0.7951015073710536,0.865278138327655,0.8319847472149331,0.8051742157196549,0.7602752202164103,0.748765268936527,0.7528375293104264
cgSYNC00249,0.08077955890732492,0.0578355283983297,0.06271750825850968,0.09478206910052404,0.14729849154296146,0.106408138417864,0.13518820098790305,0.06748773430542382,0.060228812936417034,0.05574686222887612,0.030098849875805522,0.005,0.07363649174116524,0.08673519726952476,0.09668773005906323,0.09487107475635627,0.08063866310968412,0.16889569646264624,0.03757074660814887,0.10882851195986071,0.11939053256897321,0.1449903236989435,0.09348998877218173,0.09801496055702458,0.11608266579625343,0.29082971389054024,0.11094094514910596,0.06384121685321473
cgSYNC00250,0.7501732743933012,0.7843864839105177,0.6927849883375576,0.7312222995179256,0.7998900347707968,0.8517719274526763,0.7622435408077425,0.7457254563064325,0.7177786353215875,0.6657722362107116,0.7247407897293899,0.8558192290283925,0.727437022629065,0.8270676479733718,0.8455105273855059,0.7545063225613343,0.7408451892363249,0.7405169780601989,0.7629293956248766,0.7589563142444712,0.6252515867107311,0.741560829392597,0.7184683226540836,0.8139217525126591,0.8206160158879803,0.730415758949663,0.64783393206181,0.7162444567773902
cgSYNC00251,0.1621325462159601,0.19455363745432364,0.1332613256580198,0.14012776004369218,0.10809117823025878,0.07333603989867221,0.12277894014963367,0.11075740679679395,0.08411870877425526,0.06177843842341857,0.14029782809873004,0.10715208579286194,0.07954903742646115,0.16130557519418437,0.14080728564775236,0.1429853001058208,0.015001694790705039,0.11487892686375305,0.042464538707070565,0.11683910210190204,0.0299292804315138,0.15935685132374663,0.010222677446808173,0.18159528743990244,0.0949069483260627,0.14302490018276043,0.005,0.07986782761971692
cgSYNC00252,0.5108563144043115,0.5965590228061164,0.6284967658034035,0.6531833069352675,0.620844206135596,0.5371019386961235,0.552368943167583,0.669825860611837,0.6112693604885927,0.5570017582002011,0.7083526132644806,0.4922895638225345,0.5850952644707574,0.7232036154058443,0.6487178778523295,0.6256816196892413,0.5301890890138606,0.6313690129685098,0.676023025500553,0.6813961053191534,0.5287120963206801,0.6239218748317467,0.6462352932694689,0.468236208669466,0.6373381627309826,0.6650335846885143,0.6032449473478922,0.6439591921134539
cgSYNC00253,0.7168103214571885,0.6571943838237665,0.6961570326280957,0.7243517275270902,0.5938288733314183,0.6636477380896549,0.6632707949768771,0.6892711453754998,0.63516741913994,0.6734749551069428,0.674252173831161,0.6720966316269875,0.7345451683115704,0.6054006290732478,0.7033074468941124,0.574449424264559,0.7529171661414666,0.7118289348678242,0.7399462292138231,0.6839362846588745,0.7109070009205928,0.7490005729086597,0.6533110341509241,0.6962773734217139,0.6640896573131414,0.7969113448080227,0.7173090885981345,0.6842442935830089
cgSYNC00254,0.8185297450903802,0.7731493468255518,0.82266449626011,0.7699565476816647,0.8249094043327684,0.8250292900627598,0.7958814351887319,0.7485974134425357,0.8451232012095669,0.7496143505609939,0.7694686933863238,0.6749766229850811,0.7941530294918464,0.7174880607966004,0.7547134574837746,0.7505345929086225,0.7674762602725748,0.7425522929852839,0.7110779940785001,0.8625311044649114,0.7106281949319518,0.7751012939795202,0.72998146624832,0.7179344399729037,0.774029721810573,0.7402099010590191,0.6983651994353954,0.7578614833914288
cgSYNC00255,0.6171250535624985,0.4759417492850931,0.563766565761316,0.5099089948143691,0.5908578262313317,0.6486526503222754,0.6163884482847599,0.5230618157496406,0.5720811230166233,0.5475664042852032,0.5897008062001305,0.5561543091141131,0.5614860450343659,0.5943146302821299,0.592103731632235,0.4167008310399425,0.533812410079062,0.48887045534158674,0.5714608483197283,0.5752043678451332,0.5676560271856411,0.5010822017674541,0.5550141582255855,0.49273945874414826,0.5409471607787057,0.532886350704503,0.47621378519826063,0.5804277762605233
cgSYNC00256,0.7336684107330935,0.6796358550430773,0.7386934076283512,0.5565480636471499,0.7247597431850633,0.6950990293167484,0.7679463030148272,0.6372691304555155,0.7095675110282674,0.6400865491489168,0.7223088797061873,0.6062591507653411,0.6723467525693437,0.6652441647099059,0.6951628413994351,0.7874011755878356,0.6398447378128409,0.6044148838694346,0.7568451729483463,0.7051675788123665,0.6946370433032226,0.6577998452900139,0.6823942969672486,0.7016372745542823,0.6702350562160081,0.7358179194842719,0.6054293622369248,0.7291592532012307
cgSYNC00257,0.07288846149511034,0.14829243289690813,0.07861196384259794,0.005,0.11959338560794155,0.15907416872052416,0.15292723453625728,0.10714383850101092,0.05684943808080073,0.10802884386137945,0.14529621981477905,0.11300372024307337,0.1907487424556791,0.04568535956996239,0.16667109166963126,0.14159210627323146,0.1318632594035804,0.11074094640205528,0.11630508281416681,0.11404786989102227,0.18918359771965493,0.14972979560946345,0.20233744584654306,0.2442473725040954,0.163083381447661,0.19064148683707532,0.14532650460762983,0.01915159517963906
cgSYNC00258,0.2572548670761263,0.12023919500999797,0.27873659313921556,0.2307881971152387,0.3189978496708359,0.27908140259094116,0.16741920564735163,0.25008966765742935,0.2287791622138943,0.2869293085333812,0.307246151620849,0.28313534531629236,0.2727091617867876,0.21120422059539448,0.20730344557683622,0.22449555911676877,0.264324697803321,0.27377384080010897,0.32484336222830473,0.08587866562022181,0.309825511764651,0.32176955069816693,0.1982277818711367,0.21881983553208278,0.3119338892766632,0.3174032179871887,0.206991950048252,0.17698083324691033
cgSYNC00259,0.6136219238716939,0.5405501909539983,0.6758976974246417,0.5976264997002172,0.6041373199043713,0.6270953939549977,0.6408896883897313,0.5825772511245696,0.6930734023274732,0.6051237549643768,0.6027677282290783,0.5370235926040511,0.5708654501572649,0.5993940739449386,0.6881775258630158,0.6458405733086955,0.6155988534281144,0.7206240218951319,0.6242082474820688,0.619090718353433,0.5757239504662256,0.5325659973378687,0.6181936785494282,0.7296046346690911,0.7221404095297453,0.5575808641802891,0.5984186565850107,0.6253609961835269
cgSYNC00260,0.27039552247000115,0.14897334496197795,0.17992828587926227,0.181589105938453,0.2139122287726172,0.3247676256958887,0.2579755306794162,0.16006039293125718,0.16272451202119795,0.14725463036433903,0.3796962670526069,0.15174038544468677,0.2798755454234346,0.17264774809517633,0.13120454706041193,0.23333103053737161,0.15467757963839682,0.23399416399461595,0.1769060464312874,0.09689689106887182,0.1353669904683299,0.27099297333767647,0.28703589638934124,0.20599224831812796,0.21714049664509766,0.22577036624609856,0.25603540021187127,0.2733016949011968
cgSYNC00261,0.6561728030964803,0.7644527285762687,0.7390255953409803,0.5685855759813839,0.6621368871338273,0.6942340104818867,0.6360367374239604,0.6435806247996302,0.7066280595981312,0.6556046175701703,0.7056191282507629,0.6944679769978568,0.6110468279376178,0.773524390079081,0.597876300781531,0.5782125559710092,0.7321580424882072,0.5904250830482588,0.703932200318655,0.6801082771911736,0.7057889499799249,0.6231602676350885,0.7891015808252875,0.687291033561452,0.6555855248067083,0.7855823573448164,0.8035671140413909,0.6769533593709062
cgSYNC00262,0.2229135779535697,0.11378899110019505,0.16597900652669834,0.21463586686986058,0.17918213832329458,0.11106274312573083,0.25390198970592504,0.21230518295863637,0.18957106898856016,0.14226400025366465,0.28005062261972324,0.2034021483585382,0.12331105631262326,0.173989198744124,0.15429021510000573,0.17748897079731588,0.27711375712414044,0.19274450489197809,0.14948357879226992,0.15777540575588347,0.15571436682369236,0.13334214414791856,0.1319451577512076,0.24484216786531493,0.2181484881547054,0.11271213881241648,0.13429493575271872,0.17897441054299498
cgSYNC00263,0.3992978752486004,0.43438810853028303,0.41666537395092257,0.4242772249418647,0.44219783331228135,0.46584730862772883,0.4341068965681347,0.500342581863457,0.4124141112404345,0.5179672372495241,0.5584565501797829,0.4073143122345756,0.25757605159913016,0.3969025379308036,0.35406866098364576,0.4198636185978295,0.46914671250948176,0.3922111898066316,0.377274248672537,0.5303982358617029,0.49518303829745036,0.4632790466568446,0.5832999420835541,0.4383176168889005,0.4368622004204265,0.412891788868836,0.46336845188296494,0.257368441313791
cgSYNC00264,0.4096275008688899,0.42261509521615404,0.3833352522709553,0.4895313330793718,0.6131968624437928,0.43035047010046296,0.3591904716634815,0.35744857076262715,0.44459543290418835,0.46337686801903133,0.4762046490125217,0.590466525044659,0.443330805512757,0.5265286655035231,0.4692991671027064,0.4306028855788641,0.36978105843509695,0.4880663798896584,0.4544560669362187,0.48876030623994443,0.4390017934734347,0.4056298674119954,0.38750292619452187,0.43268890096935214,0.48619883132180713,0.48894529511705703,0.4904019438518405,0.4659024736168732
cgSYNC00265,0.43526188338847743,0.4234811389978958,0.5062322705381601,0.38532584024349803,0.39947142294135973,0.4547249704229805,0.4133429150559279,0.46764119337429644,0.5312362046426714,0.415214751414926,0.5430058310780358,0.43306567833766874,0.47923220225449464,0.5311739977177581,0.44066789333488077,0.5298537610374445,0.4887475897062441,0.5408440858521781,0.4639297178746011,0.62172028251649,0.39299398048937717,0.5066871457330338,0.44028032674950823,0.4778071290173299,0.5316931433025596,0.4974257367009048,0.49626550719068924,0.5140368700666575
cgSYNC00266,0.39789706389491664,0.3134395126481989,0.40368408105325776,0.37561888245591335,0.410102978320139,0.3264225479852864,0.42006899886470417,0.35350006451672705,0.3826366893924782,0.3075144686000813,0.4113484378431852,0.33252948787289094,0.36109976799960913,0.3438965512379598,0.4479469634415434,0.2712015517871079,0.435236184995653,0.29757447902798045,0.3659683685049896,0.4089025424808597,0.4533001729987506,0.4171069040363621,0.3211459410179949,0.39772696387804146,0.34372179222871047,0.4113648919242338,0.4024184723125213,0.3217779967391068
cgSYNC00267,0.3708694911015235,0.47796578428193165,0.38669596273994417,0.33793906002249546,0.38712419351881383,0.38191848526732103,0.4034559392558,0.3856011632980525,0.44951141844070713,0.4386746329591903,0.28518366530527733,0.42792216372169134,0.33351616403827816,0.4665662772961587,0.4436048538707496,0.4258497688299216,0.43200816539175857,0.33806938667983877,0.3228378586279971,0.3419083061497167,0.4767202393824878,0.42467993737537924,0.26497898287219745,0.37050112031073035,0.4334595865803902,0.41967781651358876,0.3688295135789984,0.40359918804688205
cgSYNC00268,0.5787446215105909,0.6669422380200908,0.5953721409726931,0.4572768195700627,0.5369718401548917,0.5888033176207627,0.5852663340342398,0.5945140505701536,0.5659505306814293,0.633374716571383,0.5669725301776952,0.6534182442086363,0.5615283516797089,0.550164974181863,0.6650228135625516,0.5885224972478696,0.600984643177822,0.5720809338911331,0.6649911179099068,0.5669455582172193,0.5674819985424383,0.548920447226973,0.5867388144713276,0.626870482631413,0.5761179611430173,0.5869816252100566,0.5978716142719201,0.6116715591956592
cgSYNC00269,0.2839680719939851,0.16388458726858127,0.23289832501625427,0.14731729017342368,0.12553954621179567,0.23296280132727618,0.22565065872235893,0.22149988876700935,0.3020474343163566,0.2551112772740296,0.24450715718788285,0.05921187682574558,0.1649513670721079,0.20273993107096244,0.1640357856544622,0.22095089833518633,0.2537554022043114,0.13100432963762243,0.2800065718002324,0.19440097570151602,0.21658494674546652,0.23495855731989712,0.20629892583189627,0.19343374779659442,0.194445814248981,0.1500748408295277,0.21276736521170378,0.2327998188215964
cgSYNC00270,0.46955860318793147,0.5041334069532666,0.3738981150164677,0.5156559181829423,0.40917666584473766,0.4654455588888219,0.5275149157294052,0.4366890585575365,0.4734880691144432,0.34465647182056125,0.4359277191380566,0.4591021942630944,0.46313643632528234,0.4254364743399578,0.47862411464488913,0.489881203679902,0.4829787655556824,0.4428777251690888,0.45652014782238426,0.4247771901808385,0.5456156990252936,0.45112642988084956,0.435825048517341,0.4204754352965389,0.4929888089223041,0.49606714886717473,0.5101231879579406,0.44575468009831387
cgSYNC00271,0.762690597373153,0.7645313895197041,0.8605581755690119,0.8009170546211454,0.8296748002582905,0.8225225385814161,0.8738372461603088,0.8041699113916073,0.8203837795703388,0.8351433224591278,0.8096708496011812,0.7674976242274729,0.7886761795825667,0.9085182496626791,0.8177377078147912,0.8025609923772342,0.8515607972167075,0.7342053831270661,0.844122588754438,0.7743887376449362,0.9225027743876333,0.8199497857720328,0.8588684994695315,0.9299420264198243,0.7863744223651692,0.7591107083133571,0.7792360712155046,0.8957617173391704
cgSYNC00272,0.8733062344237051,0.7912425316401835,0.7437447618015123,0.7903639876633901,0.8297964182983523,0.7786611245630993,0.7744117337730327,0.7492481111005397,0.7808027238220216,0.7565333672053293,0.7764518443967002,0.8505035991794379,0.912032448187104,0.7835334989977428,0.7318411829986375,0.7326124756298883,0.8749362210369589,0.7377598053771403,0.672041845651926,0.800186326366472,0.7038812769005658,0.6944997638998238,0.8716320347215237,0.6967246759574911,0.8443050368410306,0.6966152383365412,0.7093779148526963,0.7909734531433861
cgSYNC00273,0.15680467950771215,0.21215372578847683,0.18203264527741367,0.2628382744239982,0.21255212883629065,0.18410576945198734,0.25922779716035604,0.34681929705514614,0.23847898818924934,0.22702913708176445,0.25558787717336934,0.22146057920601797,0.23591524267570013,0.315145761573549,0.25894692213448983,0.2585371781643727,0.053151022152151284,0.2608621428081618,0.21291159880875718,0.26514703446705257,0.20224584770747778,0.2065191367169939,0.22964609393746271,0.30674383960150287,0.3046741805391656,0.2048652203268118,0.2291411746256233,0.2490131207030982
cgSYNC00274,0.2697903206236924,0.19159034388536786,0.38288455362679075,0.2485967567914837,0.147555540963754,0.3683768004167375,0.22460717992040033,0.28140118425935134,0.3387604786930566,0.3660417961529894,0.32659695818546153,0.41454090090057627,0.2652041443101383,0.26273306693195214,0.35563823939301153,0.3091695411366153,0.4316357084754916,0.301916715857365,0.2924696662329125,0.32919402282004173,0.4002343572977195,0.2740890578481565,0.24795096984348577,0.3793996801648224,0.2830059152735701,0.24877871609436145,0.3414875619495346,0.3540394923263794
cgSYNC00275,0.37277808598473616,0.39928642724030455,0.4611285981277061,0.3356022396462274,0.2339077669122213,0.4449572370571142,0.45526719741446664,0.3838130812963076,0.475862392675105,0.455891576852082,0.4153602704049881,0.4184709593203484,0.42314502267002496,0.36310210737731324,0.3860548637464489,0.4215223634027528,0.40663246298426764,0.4679214759291407,0.4521997422349384,0.448188872031794,0.5021268813672564,0.4090833583488307,0.3533149853977412,0.42402100546313776,0.4048262002153198,0.305598118900563,0.41093208759843936,0.36430467729537575
cgSYNC00276,0.3295814328632576,0.3244995384635832,0.3987784513471324,0.383443577437492,0.39719051921117343,0.24390788452514484,0.2517898242830607,0.3060408020295274,0.2169480842419143,0.31700226465660963,0.32881982708203206,0.30058789177319667,0.2306000409972599,0.2468781356874878,0.331406653907964,0.2606391937017846,0.24779777772319078,0.28142342819957294,0.36794692566029713,0.26592714382589544,0.2800282005544653,0.297832711277414,0.24288538947186228,0.38067593220535045,0.35652909501955005,0.3019847035804638,0.2695351859885306,0.2435845724845493
cgSYNC00277,0.7673545966031374,0.5696835996868156,0.5655654644411624,0.578094551822186,0.6799163056731689,0.5743947864236751,0.5682852092305672,0.7604189628392508,0.5515970230412823,0.6234326413438924,0.47906471573898307,0.5804508825370379,0.6464067449535826,0.5671441965277537,0.6251285070318695,0.6215547441587967,0.581525668280467,0.6084904914608599,0.6315533956116665,0.6154641759450179,0.6455741688270635,0.5651228136823162,0.5715881349157601,0.6071916778982479,0.6344475065367109,0.6021775940483018,0.6510921641160412,0.501929257170534
cgSYNC00278,0.1963097406582941,0.22301965526064543,0.2294392657358589,0.17923059165613603,0.18193975031124224,0.19259094234105542,0.1494161025584982,0.209958343865119,0.2590476070237507,0.2630647610137246,0.16797547358037626,0.09638596250828645,0.15083515896667687,0.21304908858723592,0.07880997635747143,0.1902992214251689,0.2688445405565109,0.12332474370165332,0.22031176889795032,0.21804841139307968,0.1371698554817689,0.1301044638061052,0.19416255118565068,0.13741325344010905,0.20672327118310738,0.10919357420289638,0.21303935300833718,0.21551180462155675
cgSYNC00279,0.3121608105811326,0.3335879419270162,0.36826639066682293,0.3025836123563085,0.3576197874649577,0.21597261117205568,0.29365052830139415,0.2931586649856607,0.40791730317586705,0.43575964958556984,0.40057906014636685,0.3617028185935727,0.31941648060644057,0.3931241631714062,0.3040774763963787,0.3581908848550015,0.3738550058474879,0.4243377372485239,0.35836996349250155,0.3851323068802598,0.4444789181042948,0.27286617262291685,0.4106210358467958,0.3161787925380187,0.3703062015062172,0.3372613351585875,0.3459951753658912,0.334568517991805
cgSYNC00280,0.5403336577469571,0.664178457361291,0.47691423838136726,0.6070225074796489,0.49273641533953094,0.6064292541973736,0.5808487677699029,0.6532577713201255,0.6054625547442057,0.7015448095452239,0.5683565316619508,0.64356954707589,0.5779597293079305,0.553805427589628,0.7002738381023424,0.6252378426218363,0.5744336905680759,0.5265479154810281,0.644933084078198,0.6121297160678076,0.580687830231617,0.5778468814945726,0.5907515799039085,0.5685492302204894,0.6749904535843573,0.5268104457452,0.4464297759346382,0.5536523004921383
cgSYNC00281,0.8484487780340237,0.9230451310266496,0.9252251099322713,0.7912182246802498,0.9041129225304454,0.7908379084262596,0.8955820685377012,0.9728942750376912,0.9057437898964961,0.8941618389506614,0.9436852067784789,0.8089315540601293,0.9117856162113211,0.8111691201193659,0.9497325749088847,0.9107449315738867,0.8887938044294137,0.955483255408567,0.886506034154617,0.868501602468927,0.9321204778378023,0.8905965023751244,0.8877661551000859,0.8885431182733161,0.8521701234637074,0.8311024574069346,0.9120249614182637,0.8522092082033621
cgSYNC00282,0.5893414890430644,0.5381795419432928,0.5500924664345066,0.6671617699220055,0.6649467427382897,0.6037461617213804,0.650258468909453,0.6613805762470053,0.6185641090975164,0.6030286585857015,0.667154295349484,0.6049422181837694,0.6303151708954502,0.5874537106415143,0.5831852249928128,0.7000509114277356,0.667066799735555,0.6108644200755381,0.5862364425565935,0.6358063069776567,0.6510931939125888,0.6174996656360573,0.5783205511378303,0.6216895223069179,0.6470351110019713,0.5350783520546948,0.5764793891384637,0.6015339724648776
cgSYNC00283,0.38844074818733754,0.3720857207001209,0.38708353117435673,0.36340452898083236,0.37493059901809284,0.38036869103615895,0.3982302335586522,0.4225983899687566,0.3967540992781786,0.42741336194224827,0.4013511687541667,0.29739619555579144,0.449079183924201,0.42588782792518726,0.4270797252274372,0.5419699119224861,0.3793196662165596,0.3120739944848361,0.3444411849641036,0.42442427739541705,0.41524625423864303,0.3757011987356745,0.4081915281443,0.3151939602865848,0.40776425032808367,0.48558273389799955,0.3709951048866418,0.3756682134238211
cgSYNC00284,0.6894654162808656,0.7071468248637685,0.7684563530625428,0.7238180623064318,0.7282099445668786,0.6132467036559786,0.6897955249761883,0.6448074335821494,0.5711322794258741,0.7015340472856619,0.6639809769340482,0.7849267824446367,0.6713176860807146,0.6866400636480117,0.673250550762349,0.6190867621078686,0.6840355279752303,0.6426103897872367,0.776702645154837,0.6450479823235371,0.6872221710232164,0.7184698873985446,0.5885820566095055,0.7145125195727204,0.7571955236859196,0.765688430287471,0.5572288305999689,0.7355827122069558
cgSYNC00285,0.6842086989445965,0.729359633972217,0.6670672559912331,0.894089135312098,0.7208996648250992,0.6309342106939222,0.7203680246377291,0.6745589477360651,0.7751561783302852,0.6745732931207379,0.6382700928944532,0.6628974166534654,0.6380592125561576,0.6721109079161047,0.7534480503859544,0.7272242815080245,0.675764253605735,0.7024653677836052,0.7701126121909829,0.7254370692864164,0.7170080938833934,0.7075897154147497,0.6915840953716968,0.6777993442162511,0.6820672653129863,0.8312038369563339,0.7617274557838937,0.8607798240505797
cgSYNC00286,0.5885154549312298,0.5473290288407864,0.5081606490179948,0.5782489253770786,0.554970700652913,0.5452147258620471,0.6310789661859986,0.6142424022963273,0.5348379059234234,0.5018681123688656,0.5700189649415512,0.6712318748370115,0.5388532625168787,0.582239873454163,0.5353227718116138,0.6275519657161301,0.6144559594470819,0.6187130905070681,0.5887340802358236,0.5722360051586873,0.5083273618441004,0.5183655088939781,0.6433787305731096,0.6147772904009845,0.5480991094385583,0.48232275903878874,0.48697882487653693,0.5633039229028124
cgSYNC00287,0.13795308227692576,0.2696227672252134,0.21446960026273235,0.16435913110164915,0.16675295676771348,0.19326471815351787,0.11359447839818061,0.3095351452368971,0.12177990786016576,0.1592714474929782,0.25442410038535324,0.18072287681538435,0.19427952910247184,0.18178153257113572,0.17106238092931894,0.1605644940606249,0.1656631385453923,0.2352514173244486,0.1814081797676207,0.19204281985289945,0.1600239968857875,0.18920426313386515,0.18196684671354618,0.21383526088902163,0.16040685914299171,0.049753711168248116,0.1300914079637544,0.24162429543351557
cgSYNC00288,0.3454917311138915,0.36246905080548725,0.3271189655160922,0.3721043501745308,0.3017217317895825,0.35024825971245277,0.40569481656990913,0.4148606624787036,0.3842792328692589,0.3318304802916425,0.37218334199728964,0.3879813349955621,0.32496856045463546,0.4457048336617058,0.36269652443365225,0.367318857321737,0.3597815204788074,0.4239005772748923,0.38803220858428095,0.39715438620081894,0.5104870375853529,0.40566684697520977,0.3799562070884846,0.35452524047294837,0.38531142567192134,0.43977554786754497,0.4149697730964029,0.37507317197290263
cgSYNC00289,0.5738092664321328,0.5282143399274922,0.57504926672186,0.5001560421720288,0.5705353015202215,0.6167300759330242,0.5090545139805522,0.5163046231610833,0.5460868632422978,0.5297605359648626,0.5847865261109935,0.6076585066348726,0.5713244196741993,0.5923235930676647,0.556109184756745,0.5158204905594704,0.512470463309882,0.518844442235684,0.6226816237635815,0.6004894234925658,0.5262750537271296,0.5776122241430705,0.6178828749960203,0.581912662083948,0.498213736521165,0.5224334308652253,0.5873528482458119,0.5031651361642622
cgSYNC00290,0.4285952576876745,0.5119866445475726,0.33108127699699946,0.44314763761514553,0.4025582048915827,0.351308247753663,0.4042677597222211,0.3826967707236773,0.48025014955434076,0.5014658290193729,0.41476613728575856,0.43056989179166527,0.33648435841939683,0.3993161272432352,0.34162797540058903,0.3706291271581417,0.43317000540094164,0.36057644798107297,0.5013031421252411,0.4732258499380167,0.41131593514630294,0.43511702523463675,0.4870457945993767,0.3130041933624897,0.42573041094597014,0.42120466027251546,0.3754139120432028,0.4305461645542144
cgSYNC00291,0.49140857386708153,0.4845116187870004,0.525649254993943,0.637923869691503,0.5252797673824177,0.5294790383043838,0.631222024691534,0.47984573908757794,0.4100127504317144,0.49312068754667837,0.5514559444084122,0.5027001276676356,0.5844223593601043,0.6024979766308154,0.6209975438367373,0.5040058339815311,0.5852219178655865,0.5188379730665067,0.506945601579731,0.589415732404527,0.5310850721118319,0.5714596794840637,0.5554084553152994,0.5321274205440559,0.6594776083952447,0.630072512343614,0.6334720079604998,0.5590473116814392
cgSYNC00292,0.5402513952098518,0.6644684506992717,0.5848024052860971,0.586120807426436,0.5516174531184981,0.6625015220001031,0.6384305805583252,0.535330953504162,0.6770352748813436,0.569747630828274,0.4956616473426757,0.6014329109421686,0.6849676967224427,0.44764611932904075,0.647879820371836,0.5972303016068018,0.5930660206686226,0.5716009536466223,0.6393851218712457,0.5677554908202553,0.6670867222426772,0.6657099940248843,0.5971554250627261,0.6444283692444891,0.6109205926830626,0.5912547822437745,0.6172565114933993,0.6605499040024198
cgSYNC00293,0.5736330135181587,0.5862090922771881,0.6537766420025963,0.5475500594161625,0.6831222225575951,0.677020441075453,0.5855580417741193,0.5494730094306536,0.6230447680319314,0.6823681016281923,0.6367165325126474,0.5364763321615758,0.6624821221499608,0.6262685164277662,0.5461243905874601,0.640508916073496,0.6391485376960163,0.6450915248512695,0.5487121824403789,0.6147523809392655,0.6942489786024009,0.6235408546209604,0.5701587889849089,0.6172082708963755,0.6031158172063229,0.5722109421842824,0.6358644539675964,0.5494073765035302
cgSYNC00294,0.5639460431165996,0.5838155470110908,0.4174719846451075,0.5682481031182706,0.49729896180844135,0.4762281430165036,0.5363424198226399,0.5776447523391314,0.5404130338435998,0.5636009729288471,0.4574523312722791,0.5589637610551701,0.512089165486348,0.4713013593392591,0.599647252167175,0.5493169936625565,0.5858922412830061,0.5733284349099352,0.44311734993881263,0.6597153325510519,0.5356024849472595,0.5399160986070273,0.6783096153800807,0.5541519656065748,0.5016690334185255,0.498324103783729,0.4562567365312652,0.5437670013102874
cgSYNC00295,0.6733964754215558,0.7670721514358809,0.753855269032937,0.7666281115895445,0.7107838716252899,0.5604809241202863,0.6047294874775447,0.7533266281275635,0.646700336380788,0.6918273861987069,0.7488646747244653,0.6056510124285356,0.6350366442721812,0.6274880323823395,0.6489091757768882,0.712092185076168,0.6584887830171741,0.7004114412792636,0.6922027381540286,0.6762769853143678,0.5881029125280659,0.6982908826686763,0.6374154847100252,0.7561696517452493,0.6529323650897646,0.6553122146403799,0.7094226469291165,0.6782112890751683
cgSYNC00296,0.7911183820200346,0.7229057521937434,0.7495840103687534,0.8433215462790076,0.7469453289111099,0.7994190598328988,0.6547631434471542,0.7487251812783312,0.7420922709169686,0.7508417809943442,0.749048929146337,0.7825364618235435,0.8011661730535269,0.7126428662645954,0.74656408109148,0.8374244666125865,0.7547343427823551,0.8277516477126698,0.7192078732477759,0.7538987537130214,0.8289245104525973,0.8198046616314731,0.7658851251321929,0.7279938442050363,0.7310447330543741,0.7966514572493621,0.7429418491861043,0.6998944356013557
cgSYNC00297,0.5452060429570654,0.6346174717253317,0.5957938418154596,0.46610890041706976,0.5579792133012142,0.5543858563782811,0.5535331371512101,0.5776731842250811,0.5739518920963568,0.5664786838247224,0.5132961813468467,0.5183880053022122,0.5920219272653683,0.5189081207981618,0.4502823226957093,0.5064299079475115,0.5917417371210597,0.526689471801553,0.6424962447511254,0.6388850030027442,0.48645994105547075,0.583285312798283,0.596492089047849,0.5277746335771591,0.5605924701523627,0.510110413555567,0.5043377688889569,0.5758214015637328
cgSYNC00298,0.8343071415443322,0.9064466201860102,0.8647603310351548,0.9240436149027599,0.9345259250197246,0.857974592839319,0.8207572709301088,0.8899870933029671,0.9054065779431063,0.7486215438168574,0.8295035415386021,0.9582057185980988,0.8133929725541738,0.8807220706740565,0.8147957414287098,0.8805873921753498,0.7796625703491928,0.9629539740702137,0.8230416217761454,0.8412700005213506,0.7755468090135994,0.9243083264523771,0.834107499658982,0.8289848674094049,0.8447360524873392,0.7652961545086735,0.833509130098186,0.7888973402850884
cgSYNC00299,0.033156245971413645,0.11559354807472821,0.1339172039412635,0.1419919262207157,0.04118660904456409,0.15483259236130079,0.17656980665144206,0.08557031926377641,0.19593339268675544,0.08714976399767077,0.0901400468785947,0.09009222339081148,0.11983441965928242,0.20877014219119988,0.05176769493365921,0.16535411251795343,0.18231415681081506,0.027443590402133247,0.048617824511670696,0.09880095784440583,0.15278737655997632,0.12788186933698079,0.15101045293595888,0.05933163989011848,0.029976685702154393,0.15503864014312824,0.1045446504008708,0.11681041035667789
cgSYNC00300,0.37602837256267396,0.27484353276437606,0.2665795763144223,0.2951178819636459,0.22734395008050406,0.31016312125406664,0.32410817436233935,0.2603131692005569,0.3153935347214295,0.1919123234823125,0.26008105930366265,0.33236727559915236,0.2941898816591014,0.30785290408220606,0.2563432047521907,0.21157383279044795,0.1893427425810737,0.29449871983682735,0.27664901806729725,0.2713052352559612,0.24758395011828782,0.40172439263252646,0.28548464684087893,0.29243205510751197,0.2260457294679198,0.3618338121174823,0.317476272640363,0.24394146967736913
cgSYNC00301,0.32508199219933276,0.3518734256968773,0.22421571012049263,0.36236161886919205,0.25962483792635793,0.3587004930283222,0.33082850825902305,0.16412181139827905,0.3220069061249022,0.2374969684778404,0.32862859183745957,0.25426229887562674,0.18394885737826872,0.3228892380164974,0.20988042476731056,0.3247207069111173,0.30622195073977265,0.30759712802190375,0.3468367844620677,0.316365560772175,0.3828810663909437,0.2717258737472056,0.22626089412175138,0.44346913059933357,0.3097846716185925,0.23512707543564007,0.27414497983639496,0.22601103852046403
cgSYNC00302,0.32035175306579466,0.3074317573586464,0.2296943047478605,0.14193719437609384,0.1783480653643787,0.24539676983967748,0.1439740845831759,0.3027939317582629,0.3518572300666816,0.27216265422873653,0.24864082593608738,0.18586151293889885,0.31182001605030746,0.15615446699329605,0.22148709869398078,0.26665864663111627,0.28120991052380867,0.17705937789323925,0.23474491240914558,0.26043163844006023,0.2401075389893515,0.26868405158669534,0.25404716927824983,0.35396513570007715,0.21589513779869196,0.23055074718500848,0.3074377466993384,0.1769308714042552
cgSYNC00303,0.21365066843046399,0.34156588486796013,0.2683210361023684,0.10845475367577496,0.28254435762822244,0.21293991957865704,0.19919842076880415,0.2876323227152336,0.3088985580466975,0.24030131836804097,0.20882366087691248,0.1427072546182086,0.273820064824832,0.18348876824896018,0.12626629598892974,0.1926959063556808,0.22544409012706773,0.2029638705081212,0.18435506434636212,0.20830528308245358,0.21245830558994624,0.24502204430211766,0.18159804112296596,0.2565027551333223,0.13584346287977977,0.27648810592533,0.12077387993604954,0.22921663946512347
cgSYNC00304,0.3077137430936957,0.2737588716790012,0.27809155432528704,0.23314300726767853,0.18484735963234597,0.2799866344201926,0.20687131671647396,0.3089019540938582,0.2928637921519445,0.2690045717040976,0.253930604564324,0.28248824576519405,0.2992308006385711,0.1941741749058577,0.19916598880450218,0.26091333287524704,0.27206709102278237,0.2291274356807414,0.23709053835853391,0.19993457927488148,0.3068972060983499,0.10996931639060503,0.2640146573201668,0.20144415432745366,0.2538273540422598,0.40861796609955114,0.1476437089584335,0.20321792971885966
cgSYNC00305,0.2615561651977106,0.20388319258425183,0.23575373200813643,0.375042765383296,0.16114205467972018,0.20530836549580692,0.23253027300554135,0.1949084799906863,0.2702365512308005,0.21470217058405508,0.3171379463789729,0.4073840575815062,0.19030189488382862,0.29440494674328355,0.23696533646403223,0.2617285980531914,0.3266709001447131,0.10845854396386842,0.15264288397162315,0.24675128523249956,0.30996986820875194,0.14971276974410505,0.24292650724603135,0.20404895773995965,0.20604277517902703,0.3129578386953862,0.18072035228946814,0.16380518678701889
cgSYNC00306,0.7242302888639699,0.7665475362642394,0.6459953084145139,0.6447651174416058,0.6279082483246627,0.634566258944342,0.6559426779671653,0.7407976034310038,0.767714551082913,0.7596588063798132,0.6369141808791886,0.7009013060273743,0.6570182436236028,0.726279287682766,0.6896345976024433,0.5918460315778082,0.7739725086091663,0.7879046511057282,0.8158016165113456,0.6808062872098454,0.6556759450808141,0.6535777477973213,0.6647711462513525,0.7084245953976953,0.7834855161561166,0.641043634876878,0.5678572305195901,0.7115952286453852
cgSYNC00307,0.1476869841402072,0.13357041068328462,0.2618203852657668,0.061420842371105386,0.12486038512624992,0.08612440005357548,0.051343248642764266,0.08399083399822395,0.11295531735416323,0.005,0.13182284256521173,0.20604251399560097,0.1473323418853473,0.11948155629578082,0.04738060926004246,0.14310054220382165,0.10672208998897993,0.06122229862671082,0.005,0.13122832552187902,0.1747597492967638,0.05276869850986271,0.005,0.05789141709683469,0.036705981498855324,0.005,0.13584241156915672,0.07070183106830341
cgSYNC00308,0.5396091458410482,0.568829605655776,0.6171837930142444,0.5589209450922962,0.6305273451332227,0.59786899274712,0.6051986406305896,0.6469241064770266,0.5280834410087218,0.5036412687024673,0.6020991398624977,0.5947908099029834,0.6407313596664365,0.45662993454975465,0.5762715362984593,0.6680857630315745,0.6109938228193645,0.5520188809575175,0.6625501177528617,0.7089724380772029,0.5596273566710075,0.7171815895255307,0.6160121039121393,0.5709613852116802,0.5941890111090493,0.5665223166221109,0.5827585344594202,0.6159487662441537
cgSYNC00309,0.44110701006139164,0.3610201444731509,0.40205710251578103,0.48028517216569167,0.3216382350808006,0.40035371897873445,0.3940910520961474,0.3952071263116118,0.3731793342912192,0.4804971486399526,0.41299548786467266,0.38212800045220907,0.3489009977098655,0.46655754497633845,0.43610827763687504,0.35792624797239786,0.35869342473026405,0.47394705332144754,0.38087469473240915,0.37029122896444033,0.49613994077682405,0.4737653201024625,0.358651770110527,0.5689230875807547,0.3780447381894433,0.4199780622984539,0.4643275174678172,0.35471728287092874
cgSYNC00310,0.2699399219398608,0.2954547608277956,0.26994136727628537,0.28445562049809053,0.3302260687845504,0.28280294670140943,0.2893597157418531,0.22067900548627714,0.29111778068852445,0.30441574198895754,0.2400132362673623,0.31427485482030576,0.1782747414899431,0.25227046398409547,0.3056443326566986,0.26803105301230856,0.3220496104428863,0.3262078721923144,0.22464880734729567,0.21555026727286114,0.2502871406619915,0.2908595537873634,0.29828971603712695,0.2044958832560072,0.3695983812804329,0.2540419269567362,0.25702862773554674,0.3268879794229188
cgSYNC00311,0.15050620881533158,0.08415903133464282,0.1578285281688538,0.10691509277711791,0.033273282666938395,0.038714807212525015,0.10677102021927631,0.18460124277050793,0.12667706375923238,0.0710307693546583,0.04725861271352588,0.13473557813033749,0.11909145653107464,0.08627702203919294,0.05533575349226184,0.05548958355743215,0.06258741775430976,0.12162247147340342,0.04082834145058217,0.11799237629952705,0.18650798457707374,0.11582943099399104,0.0774064677618342,0.1091559109167776,0.14066052522278463,0.1956789995815739,0.06660573309221779,0.22493169150846115
cgSYNC00312,0.19769806374352283,0.19235816499443298,0.22550689610232846,0.28686597151696147,0.2653265190849755,0.22096232422256218,0.307826301186566,0.25573107539838247,0.20840350977798844,0.30779426136905885,0.2614380511448053,0.166313879860922,0.289023044709596,0.2154980682517326,0.18054313554491563,0.25442387928937205,0.2681276230735176,0.3361198701274236,0.26528268696974994,0.20451596440966288,0.2141314188883346,0.35546506856657795,0.22223454870258538,0.20512242106809883,0.2974979253883531,0.2587235784161086,0.2702534937531766,0.1743061627512501
cgSYNC00313,0.5516742684276018,0.5407010019587087,0.4721557252993728,0.5934979853389976,0.5163704255679205,0.5762222579794105,0.5249998640899786,0.570627713284963,0.5198535796462966,0.4504081100081173,0.6173011023749653,0.529746303929715,0.4275159080773949,0.5023390987988081,0.574717719013256,0.5736616624219273,0.5779838687087959,0.5405948687890129,0.6347252409581712,0.6029498679056199,0.5653038481997941,0.5271243780746788,0.5212641896613799,0.5737681220049379,0.5953039441383251,0.561598117741266,0.5119518851695143,0.5350835120756284
cgSYNC00314,0.595166126527121,0.6271535821805903,0.5286195433865688,0.5461006682825036,0.5461808819627467,0.5804925947880734,0.6187681984720995,0.488487468599036,0.660736730034175,0.5748751256629752,0.6261740176238703,0.5985294649421465,0.5548575472372794,0.6317737399469779,0.6040964827094679,0.6147830579978274,0.6481176005189172,0.5705212482268482,0.7123310126928193,0.5932275005166735,0.6375760787671941,0.5680435740223123,0.512674173151269,0.5746401329238567,0.5824471503923218,0.6158959397075594,0.6029196608153823,0.5545583815775228
cgSYNC00315,0.5511777709575284,0.3971286265573308,0.36725069407319816,0.5081431843507603,0.3045212293834757,0.30714464818002174,0.43123603816603173,0.4750912684804636,0.4613240098140044,0.4033421212550283,0.33883142226303115,0.43784530999419263,0.397227677092253,0.4565445207690731,0.3949941979992496,0.41780366169981287,0.33484513611445,0.3885809813611546,0.35325588566078303,0.49054717439843093,0.30541825319088994,0.3729364520961307,0.3861182048616263,0.43420465602221536,0.31842879899682874,0.36915268795643164,0.4127074812673695,0.33787101810198655
cgSYNC00316,0.6700490381302228,0.72985669592181,0.6502310521520065,0.5523811677723838,0.6367696825328238,0.6617092596129632,0.7018367420929198,0.6561531917257979,0.6844178340968544,0.6904112498375401,0.5687205862347822,0.7485038594904749,0.827708147877526,0.6109928169283819,0.7387228513742117,0.7254059149374731,0.7189963827099851,0.7367319102099475,0.825559098932015,0.653882364497769,0.741793887328021,0.6345743139539175,0.6838774496135364,0.76479738616804,0.6990314940853354,0.6482363380817104,0.7906163192106356,0.6908866426535587
cgSYNC00317,0.11176006654905181,0.09604456645737748,0.057527109926058875,0.031567684220407725,0.005,0.06145119359411919,0.005829836694639032,0.11742233874372832,0.03809001548817129,0.19282629850658964,0.11035942928217614,0.13070433225398745,0.06493430694290789,0.0857721528050418,0.17354329901860424,0.11721346412589728,0.08055863407527085,0.06627119672015414,0.06530737232724385,0.11946226127390813,0.0456522193757602,0.1088972212469532,0.09555085429344781,0.15480506956590315,0.06601499201259355,0.09327969020458808,0.03756571205962075,0.13426392484509597
cgSYNC00318,0.24692187585063446,0.2804617512212922,0.3211556742509069,0.3083084905301074,0.23601425494051814,0.3084251736546986,0.2439663133074107,0.22220322514405666,0.3100573436191734,0.217659198031681,0.2578498106432544,0.2828139643313017,0.1678027695432593,0.3639937984287507,0.2501919114870516,0.2303811822798673,0.27595350257382467,0.20131617051951928,0.2474325923387837,0.25254041525206233,0.23111121446311153,0.29025533061378356,0.2776067524156999,0.19729690016247003,0.20233008113461776,0.32096404165734976,0.2353922294424818,0.25524017085783496
cgSYNC00319,0.6498826121816695,0.6096242164033654,0.48058825678136363,0.579415673495951,0.6386910238518752,0.6148719964770106,0.6058455235726197,0.5119507311295599,0.5855042474208925,0.5197000274455169,0.6247003599544745,0.5886813042404643,0.6141003786449144,0.6269140254338184,0.5797983657507909,0.68198821638678,0.637287664492448,0.5978214414891647,0.6021740446016376,0.5171156252134756,0.5697729866568714,0.6999472755394901,0.42922711896971255,0.5597426022778308,0.6097530522191135,0.5420694757695858,0.6002257955286388,0.5469818230424618
cgSYNC00320,0.5998573163367612,0.5982411850518677,0.599138576142076,0.5414083237936973,0.5822275541851191,0.6747498845717845,0.6683074321818652,0.6151291317048947,0.7015018100243037,0.6131921928345306,0.5333128064407656,0.607591943946121,0.6491290151069808,0.5776317056825043,0.6641466431697953,0.6444183571504776,0.6633269521936613,0.5983534075990444,0.5876009673986903,0.7094891665214679,0.6866772076887876,0.6860876294922408,0.5890966945662318,0.6246973313922947,0.6167902220653787,0.6347513048489107,0.6252668041920326,0.628306953540699
cgSYNC00321,0.4192730457596495,0.3004376032071079,0.4067847465968154,0.3686116619547795,0.4079182626140524,0.3241209228489328,0.37721858368368755,0.35126611706590116,0.23629946078333952,0.27548126013319146,0.3468278254428626,0.4101069762658168,0.4371009629389797,0.365851930861498,0.3699046708367857,0.2771496251759817,0.31764859003242824,0.3904636898091475,0.47275790667264617,0.30912619106549283,0.39963993472336656,0.2840282325597957,0.3519313157142126,0.3132870174258713,0.45057159312390793,0.31293408861922023,0.4228579580214508,0.3165931261001915
cgSYNC00322,0.3667247026712358,0.3541195810736289,0.38286336320288855,0.38548093210928885,0.44625696004736626,0.39959736421140435,0.47724385897765387,0.3525537945718165,0.4571922790310754,0.37438170456762604,0.4409005336727322,0.4740520092544774,0.5132011119169697,0.3856409220370972,0.3258985510527872,0.43048930891196036,0.43598342416592467,0.43633235480199234,0.49098441481948196,0.5080976197001877,0.43232337536050397,0.4004516556028021,0.4143818073826145,0.43738247993113244,0.4464848287706144,0.42483477470379283,0.43289046530199815,0.40811799818301914
cgSYNC00323,0.2780451525627071,0.3069359641097066,0.34495123739282935,0.24013694725745854,0.24302586635401474,0.4232692371412898,0.3659301763981171,0.28699879004998163,0.24935638298017118,0.3244151326083287,0.44522173577641616,0.34940421490015894,0.3865655553783621,0.28955077266130747,0.2579669961285401,0.21665838927022682,0.348075452731958,0.3042598057746387,0.25311716736364837,0.3066003322120395,0.23460702983229223,0.3114919631032476,0.16768260120597955,0.24255086657395836,0.34177341594066846,0.22204464646101632,0.22026227398864284,0.28520616751415184
cgSYNC00324,0.9001416581176263,0.8107194042030736,0.7700768811761775,0.8389322566911757,0.9051680224395746,0.8063525032142547,0.942197571534802,0.8854672454403842,0.8612216715463876,0.9097479467025589,0.9360532737400205,0.8051841939742113,0.9617036904238633,0.9825340977400145,0.8131207918060445,0.7868461933740641,0.9538383054683977,0.8585455105183746,0.9939463451415173,0.7953003206522593,0.8937256607871953,0.8521391671327255,0.8388880578879524,0.8721931323205961,0.7814645354563452,0.9145867349774907,0.9069397473582662,0.8461717204928761
cgSYNC00325,0.8827611225731335,0.757897086371288,0.7265764640690415,0.7326118035447526,0.8599941216827829,0.7830488387190438,0.792483494596924,0.9142716649254343,0.7470114524863108,0.7470604591772068,0.7746740524992695,0.8570730942233504,0.7033490737629687,0.7799908808563143,0.7563365717798748,0.7615572406405425,0.803817156500925,0.7461821360599237,0.8449217699695492,0.754606671793231,0.785880743950029,0.7212557712952958,0.6988085830893553,0.806463626682082,0.7129237988509373,0.6828988571454027,0.8140428261441512,0.801085836425092
cgSYNC00326,0.27467404931758777,0.3509612209432444,0.25447549952101367,0.30419265827879644,0.3670514444132009,0.2698500541347928,0.3233193022092384,0.3036674792247947,0.22315342485392126,0.4305274548387768,0.29690172540742704,0.31214339305267924,0.4246455796887923,0.398259420153729,0.23987244758715096,0.2960015986839257,0.3153044842533931,0.2998060518111847,0.20900303246912522,0.29917989602893597,0.2865165786538486,0.31304551514138274,0.2923259600122023,0.33062181732158846,0.3144857793509722,0.33196634576123496,0.31831758320746967,0.29372875477923144
cgSYNC00327,0.40650721709014404,0.430370180219378,0.3976594898492724,0.3723492716115523,0.3457851675290318,0.358616466897123,0.3524892265435024,0.3277016149236677,0.32813877366098604,0.3816393686167533,0.4233292086568508,0.3763892336194247,0.39155854176320914,0.3423267308409096,0.3827122677479814,0.2851660239731066,0.365360982560546,0.37387119440293654,0.4173671886319682,0.25074207889966155,0.3466834006854377,0.29606579696390695,0.40428292692074985,0.4502806072270714,0.3986498894525112,0.3477153547754827,0.43445052751147023,0.49506470381662093
cgSYNC00328,0.8940669021091961,0.7099238086266343,0.7707966354346547,0.7635712113096091,0.862584787874521,0.8791338140077896,0.8384977575922786,0.8537128514079154,0.8353132963476755,0.8362217853921455,0.8040607222514556,0.8221378763084689,0.8074067824960479,0.8598895908892773,0.8117124529080285,0.7983672708903912,0.8602029824661531,0.7537476216413759,0.8474822468491241,0.7672537436362221,0.8007265352746528,0.9222347196028806,0.7743557442778568,0.8254002824168701,0.8992645169691964,0.7938288590440743,0.8667305369254048,0.8639164374665694
cgSYNC00329,0.4157670350867916,0.5479937935860381,0.4066178968864967,0.608137507328014,0.5484120907936746,0.48113849011352056,0.5697781295622292,0.5143849653661493,0.554931068002413,0.49624295325528617,0.5823457250878551,0.5176534719845957,0.5834021176424704,0.6057031970861702,0.5223514810440706,0.532438060619578,0.5072255249209043,0.4626374485497363,0.4918710254854706,0.4999702033403105,0.4987099662824348,0.6016514992361074,0.49518202002888007,0.5355388346716163,0.5144203773329351,0.5496286980951912,0.5588836255508487,0.5534881147413868
cgSYNC00330,0.22574729455179715,0.16950057266787585,0.14645240039855273,0.1607373490611847,0.08737358632432675,0.13100207547897055,0.217520954870767,0.2750635370411666,0.2225898739780842,0.22427359270444505,0.2044538327826987,0.2647790951082652,0.18434740789090498,0.17279231281206944,0.16662752085540947,0.1405446074486278,0.13381920825019722,0.28346204088813176,0.22694551829627518,0.14671314475245834,0.14606795418565804,0.3432685412661512,0.1583785175601727,0.0796735377659924,0.13932111459254648,0.23205167469353866,0.11324999073851875,0.10693660384073651
cgSYNC00331,0.5437601344381437,0.4594129720126898,0.46739602390914464,0.5020996163331429,0.514814894373494,0.3782294876133558,0.41382965471837735,0.5053990751779833,0.443501553797773,0.4068961318367615,0.5252535543228792,0.4022066677823857,0.46775349306868336,0.47307903347686175,0.4428350039560956,0.4603797654090971,0.46268777128891553,0.4509656764032265,0.4559595635439403,0.4913659643826854,0.4026174912097971,0.4848535741540295,0.4454085166313538,0.4628264501484333,0.4297250391551977,0.40643131726824666,0.4714970648062933,0.41606002580462803
cgSYNC00332,0.963094100029372,0.8372873000543256,0.8697671614155401,0.9093362558948275,0.8258675862935358,0.7394646721985721,0.936836016318823,0.8836746533604534,0.8595525062907189,0.8654731220719617,0.812844154072395,0.8402687423332296,0.9575063505971431,0.8076586508825014,0.872476157488432,0.9086216612581273,0.7945538690130909,0.836493271511497,0.9044606884630352,0.9116057709504468,0.9191436182991283,0.8215569476263805,0.8793673052982717,0.7773033618412276,0.8762897688378917,0.8240661265305373,0.8433211105656425,0.7669435174625232
cgSYNC00333,0.5573906437199038,0.5766893376382036,0.6873100261514548,0.5324745667335667,0.5308481267660888,0.5949436172816814,0.579406035378754,0.5781152694556083,0.583174196444631,0.6675605510508619,0.5719941859009859,0.6954089410182922,0.621356433735,0.6054124465857144,0.5657420934532742,0.6632904907694521,0.6435949566876844,0.6289328536363528,0.6864948619159302,0.7022333458206136,0.6234704075455861,0.6478494708293832,0.6222306315721976,0.6027214782353268,0.5582091929293644,0.6336708465524434,0.6590860539004728,0.5302252396498245
cgSYNC00334,0.44399061649842164,0.4477418572845851,0.3358414979876003,0.36793721899320797,0.3990413410746209,0.480728787319392,0.38572848965236417,0.3253854377198742,0.4662061238357632,0.42771525988193404,0.43034499319549496,0.48497278723300424,0.42286195175026403,0.403130663122528,0.4551897029611357,0.43241791916581634,0.42092279266496807,0.4471149762991416,0.5442015499082296,0.5099446499700926,0.4339291703968741,0.438639405382059,0.5004310388187626,0.5251703753331567,0.4150611310167317,0.4322462445963773,0.3926068605274443,0.47089061610548416
cgSYNC00335,0.8099046470768198,0.934891033680834,0.7958554077355318,0.8743123634162594,0.8125569142256,0.8181896025608357,0.8770806389251289,0.9397953417637284,0.9155747708357483,0.9480423912781618,0.8032530718214994,0.8715280379427814,0.9497945011699471,0.9083588775532461,0.8313349046492999,0.9135386367142869,0.993725237473124,0.8327622044903925,0.8262349458885192,0.8098289803266857,0.995,0.8615134642139775,0.8564057444238183,0.8353477574745237,0.8908550173036314,0.9432811921973777,0.9137838461491714,0.9151074884609717
cgSYNC00336,0.28977112654144815,0.18272009617152243,0.21124996037468094,0.27587097981290626,0.26077435342763877,0.23124308660001627,0.2409581623301382,0.27853172941671483,0.2902776746199129,0.1986949206537953,0.21665404763559454,0.2296261692439612,0.23250828718863886,0.3109191702662253,0.23561662964507965,0.263147435215304,0.277864285941719,0.25482871957354986,0.19785954029899808,0.372625048362124,0.3587427911985214,0.29563380510046855,0.1990002084114768,0.199019922267864,0.22151322441562135,0.2122324111804377,0.24646637401490254,0.24221402926308616
cgSYNC00337,0.22072877098094784,0.04021489467577616,0.20066143560037705,0.07656447520570726,0.19759584711905392,0.062398505510911646,0.07852219142151992,0.09901357913562107,0.18012160050936027,0.20253666505754703,0.15599655911230856,0.10445291426213563,0.15095250616018566,0.08034391889273258,0.005,0.10345892304665649,0.11966394829621513,0.02841673060747678,0.1568985326081728,0.2139211445839863,0.0921846375338151,0.08847271434160069,0.09425272754152841,0.1578187423568978,0.10570763205077781,0.08709029442595818,0.12648058820229563,0.005
cgSYNC00338,0.010564349503364712,0.1448248269367041,0.15613792892493916,0.027414826016963448,0.09925240928522043,0.08336355516133165,0.11746879987748143,0.04798738047324883,0.0908199097286815,0.20386239310554166,0.07310836015700373,0.0811783791473297,0.09719239222115249,0.05540750252589764,0.10426925566000496,0.17242822226691776,0.1523471432098396,0.22987959368063507,0.144989262781292,0.16183905681776206,0.01323307253752222,0.20688254131720651,0.1197022380992891,0.12807759730867602,0.16758722259849,0.05187584816653428,0.03957585428738923,0.058361364526324136
cgSYNC00339,0.7631082614495529,0.698626127317784,0.7234506562380139,0.6807542994126413,0.643467050604359,0.7679360815124252,0.6223400535949191,0.5766195858967957,0.6082674674823677,0.5517129015629613,0.6157097387097813,0.7052551441366787,0.6697376661889979,0.6396888029283008,0.6302289362405487,0.6177855248666256,0.6318883537697467,0.6189204036566976,0.6455978241468339,0.513048293124275,0.5851602593401084,0.6006451304214091,0.690581646636361,0.6586190040699921,0.7353207682083487,0.6658421148639128,0.7109086703310137,0.6915334740054663
cgSYNC00340,0.361173176492616,0.43396899174790765,0.33229834254502794,0.4663046380443459,0.30312581110879483,0.31561953699509787,0.30657997811504156,0.3579319790922135,0.43674699764990044,0.3176012844636025,0.28244594603802664,0.3723326940908287,0.3064696444095178,0.38361409539553654,0.4023419833195901,0.27533933145534756,0.29733391332501635,0.41412330821412496,0.35929666500100127,0.4247390979570235,0.3817399693408072,0.38925633141816135,0.4045608759477224,0.32097252978239715,0.35843287522804296,0.3261069786763312,0.37213937026018223,0.3461987138100858
cgSYNC00341,0.8618962070701048,0.8260615854207103,0.9168695766624493,0.8611964706567931,0.9771997462755182,0.7905737903959469,0.7904017875034659,0.667282560252118,0.8724997402275745,0.795550850175929,0.7841088084504708,0.81556090486294,0.8110385360030301,0.831211178733153,0.8778531132507176,0.814265300561743,0.8388051752188843,0.896769505707699,0.8066448988577272,0.872817347584613,0.8290495802062463,0.8055630415760836,0.9300017406189485,0.7889410397116013,0.8425626349610252,0.8233042599703916,0.8311132304255013,0.8534442816323126
cgSYNC00342,0.9289993699244907,0.7838061554614124,0.8689577480687799,0.8002313965486231,0.8069391221122184,0.8168117584077417,0.7500109720500641,0.8521662609189138,0.8395825015635179,0.891363912247584,0.8152632305430425,0.8138487868948019,0.800890919966692,0.8432845459095668,0.8726948618876094,0.8548330500494382,0.8407440462460776,0.8326340253416878,0.9375880216224267,0.8209188123375447,0.8480241315967757,0.9323749435814883,0.8882845228315502,0.8743017524749992,0.8457011015688511,0.9749728069687048,0.8430916123570432,0.8437073031400338
cgSYNC00343,0.41982218648852754,0.4424860168157166,0.27078494975107487,0.48881329420144126,0.3454897322637797,0.38732912151245585,0.3846500817893479,0.34402576514516636,0.37909728472120613,0.32777419153308207,0.280538607578832,0.36098979651658897,0.25580290604596434,0.3076044564391399,0.2902014274270416,0.39937492509796135,0.32055580345620616,0.3169566742143641,0.3695399962781376,0.41372126618758304,0.42780173143655614,0.38902899656914325,0.42730605192060483,0.33945099237964244,0.3471247131920155,0.38257502363200047,0.39143336331228035,0.2840199654263134
cgSYNC00344,0.1607820142038077,0.2025637863831041,0.10169034883360763,0.07585677124687239,0.319876343960202,0.2689678278033555,0.26705307376137344,0.13116411213920218,0.2197043880597745,0.25205083892386904,0.0852203389755824,0.18610376921486463,0.2945671540348683,0.2249642954366854,0.2117044685777259,0.1245055565915013,0.19638013353824704,0.28904769530757013,0.21944183339970064,0.24889276242126823,0.20909528669952474,0.205736188678442,0.18390431795075943,0.08439612532778984,0.1462198036246683,0.18491367935595943,0.2525089456711493,0.22300658205808993
cgSYNC00345,0.343496246397726,0.3514932351914627,0.3360725579869208,0.3777826524529394,0.41335874078586576,0.43492090334697775,0.37356533293396565,0.37986441130217774,0.31718053792969614,0.45664635176514123,0.3277360113143352,0.42607531986623276,0.3626564750741207,0.36965684438014224,0.4206976176121108,0.37235949815731423,0.3098576907570836,0.40265919869229233,0.40737597239797796,0.46902221826588597,0.3848539679470424,0.37744008569983123,0.441225538058723,0.42762825554561046,0.4476902730874041,0.44231184651893496,0.5411188361197887,0.39080049454571153
cgSYNC00346,0.6182668733079121,0.5302644051543488,0.6103068379205091,0.6657486244763331,0.6589869796938932,0.5394092915357165,0.6307506018151504,0.6059820807044941,0.5880243745368139,0.6718208075092617,0.7210873534282489,0.63874348587828,0.5696930507761222,0.6473624915748064,0.5731481196959957,0.6201411637084941,0.6854906004331301,0.5835556549074188,0.6726391393079466,0.6900267714445544,0.5585456212326392,0.6611284153029566,0.6194723170974551,0.6470932097405648,0.6237490041336224,0.626231119277523,0.6598826300180773,0.5842211235043794
cgSYNC00347,0.6956234169333457,0.7254614399838667,0.699676383232301,0.5892655933500582,0.6822191238301822,0.7070915010864655,0.6962717515935704,0.7444860344682344,0.7121736627369943,0.7354429516136004,0.6411771916037448,0.6747667522635249,0.5910776901387766,0.7012625741346377,0.7807101744161937,0.6636051204521897,0.6898506441900274,0.7306453485517332,0.7033947154068387,0.7135411522498836,0.7132340970822901,0.6554941977557556,0.6588020561738613,0.6828156470878829,0.7451749508340594,0.7566650148119265,0.738015278932606,0.679469635332036
cgSYNC00348,0.055065525844504554,0.12991019644806578,0.11041019040898085,0.09917517609252816,0.18355285077785294,0.12744942305270335,0.1083719597490264,0.1485081843575699,0.13009580746191132,0.10267122091971183,0.12754396380194047,0.15731690835184753,0.1861453338175945,0.17429140172862864,0.19760889431594653,0.1884800401648854,0.04339740939009032,0.14126446512843036,0.23980932809704736,0.14670919705881624,0.2166628746278788,0.2020882011766078,0.07467824388439509,0.12567088574092916,0.174722713940518,0.11789755236516782,0.15745856791716553,0.04381747066699723
cgSYNC00349,0.9071031770915584,0.8723565718602063,0.9051825028811226,0.9377501970193663,0.8796720856672142,0.8869094172316905,0.895847197225741,0.92575293053514,0.8536706336031098,0.8270228874527832,0.9463704835424311,0.9118940479808053,0.9145750084273143,0.8244049501979182,0.9294635535609727,0.8075026617136738,0.8268515914878223,0.8606037882621124,0.8656744547995737,0.9142344788224889,0.77578411777646,0.8296461390933815,0.9169433784347133,0.7914905611962156,0.8936470294283719,0.8844431759728318,0.8264318207384118,0.8574269638703492
cgSYNC00350,0.8005621927878186,0.7670145980356641,0.7206755268651185,0.8874858254609284,0.7715270378135984,0.7987106625153927,0.8608876430728563,0.7509110792248801,0.8804756150028087,0.7700401994441781,0.7586225704765014,0.7793729059342579,0.8608364869384567,0.8225377048554263,0.8197443568513942,0.8525917939721911,0.7381593067763013,0.8504247167113833,0.8398990781625251,0.7636394323098374,0.86572257628808,0.8401396706426332,0.9013939583966966,0.7435153699073932,0.8506919475899543,0.8486614514542276,0.8217444179737741,0.8391717051916822
cgSYNC00351,0.8378350140956402,0.7074100066996073,0.8235470387763976,0.7863477777747709,0.8374468007845134,0.7804018368672161,0.7145652731523057,0.7417202662469508,0.7312059070733739,0.7953307291061513,0.7383269648379355,0.762071733629677,0.8023735366723861,0.7570930978962549,0.8495346606303091,0.8306104979605836,0.7100346226799095,0.898153831511839,0.9210402962707728,0.7496789142706687,0.8749080701075133,0.808366638694754,0.8543079102551537,0.8688534137693174,0.910755147672453,0.7417934514132709,0.7866335906069982,0.8925232512542052
cgSYNC00352,0.4976942423558835,0.41659788399128267,0.38734316895105186,0.4760412153262749,0.3538440905308197,0.5164137683933151,0.48405335002848626,0.4094501830400644,0.42913311167625606,0.424861918389158,0.4908456198760943,0.44002817787084003,0.5102156602660928,0.5246390247514562,0.47569075216066176,0.4438469025668846,0.4636913436503142,0.3785255415317984,0.5054142454238091,0.5616459604633216,0.4134278556732233,0.5583735450758832,0.4269454857748435,0.4786099397534913,0.4744327915752607,0.42183913832803105,0.5074873636136177,0.5448364349309773
cgSYNC00353,0.35495592936243436,0.531552728215708,0.38592541601807934,0.3462100996880599,0.434899713262584,0.4429917749223533,0.3776774460749247,0.3558499114073829,0.4326308171930459,0.5386679667846308,0.4256722313892491,0.3816766592633843,0.5474147724957811,0.42694607831448456,0.517174577088858,0.5531877843140919,0.4797978408205573,0.39247125039540975,0.4420306024922391,0.5814060880582891,0.4470880424012891,0.4737195665423721,0.4681945168923613,0.4054842974298156,0.4455088285813869,0.42501209521021466,0.4008098200237828,0.35171746659896486
cgSYNC00354,0.4309145796332776,0.5438607329026035,0.46767552906599497,0.5363194326829481,0.5559882345105618,0.6078448196985745,0.4232471203308674,0.5237504475948636,0.5607243883331817,0.5169847018850672,0.46878599335139326,0.445770125180209,0.5820749086243185,0.5377491040037317,0.5340924063525925,0.5266655528306632,0.5925308095381709,0.572696516304159,0.49200681487405074,0.5415593420444805,0.576027017329204,0.5198696829576638,0.588081629456587,0.4616395865985602,0.5562244240840898,0.5559566639436199,0.4847367965863791,0.5603965244945747
cgSYNC00355,0.7344375971413613,0.7676191579236633,0.6724105827814676,0.6536137731344882,0.7787927693004464,0.8767298368948175,0.7811986865017331,0.7699247436371631,0.8077189233646616,0.8652399254164769,0.8688362358553147,0.692890411593495,0.7601014080160965,0.6749273421283272,0.7798261241540441,0.733764243356135,0.7599055570510033,0.7292603983098103,0.7648265377987908,0.6895311669119358,0.7647447027325669,0.6991244074218397,0.7207363347009003,0.7847073295255586,0.6555259151468801,0.7182958812695606,0.7550790223934547,0.7698793840113715
